line_id,sentence,word,chosen_synset,definition
410,The lives of those that he did lead to fight,lead,spark_advance.n.01,the timing of ignition relative to the position of the piston in an internal-combustion engine
426,"When on the gentle Severn's sedgy bank,",bank,bank.n.01,sloping land (especially the slope beside a body of water)
435,"And hid his crisp head in the hollow bank,",bank,depository_financial_institution.n.01,a financial institution that accepts deposits and channels the money into lending activities
807,"from your encounter, then they light on us.",light,luminosity.n.01,the quality of being luminous; emitting or reflecting light
825,"Come, neighbour: the boy shall lead our horses down",lead,lead.n.04,a position of leadership (especially in the phrase `take the lead')
875,your whole plot too light for the counterpoise of so,light,luminosity.n.01,the quality of being luminous; emitting or reflecting light
939,Bid Butler lead him forth into the park.,lead,lead.n.04,a position of leadership (especially in the phrase `take the lead')
960,To play with mammets and to tilt with lips:,play,maneuver.n.03,a deliberate coordinated movement requiring dexterity and skill
1007,"cry  'hem!' and bid you play it off. To conclude, I",play,maneuver.n.03,a deliberate coordinated movement requiring dexterity and skill
1039,as to play the coward with thy indenture and show it,play,playing_period.n.01,(in games or plays or other performances) the time during which play proceeds
1105,"prithee, call in Falstaff: I'll play Percy, and",play,play.v.15,"put (a card or piece) into play during a game, or act strategically as if in a card game"
1106,that damned brawn shall play Dame Mortimer his,play,play.n.08,activity by children that is guided more by imagination than by fixed rules
1112,"lead this life long, I'll sew nether stocks and mend",lead,lead.n.05,the angle between the direction a gun is aimed and the position of a moving target (correcting for the flight time of the missile)
1270,merry? shall we have a play extempore?,play,play.v.02,act or have an effect in a specified way or with a specific effect or outcome
1422,and I'll play my father.,play,maneuver.n.03,a deliberate coordinated movement requiring dexterity and skill
1475,"Out, ye rogue! Play out the play: I have much to",play,playing_period.n.01,(in games or plays or other performances) the time during which play proceeds
1782,And those musicians that shall play to you,play,maneuver.n.03,a deliberate coordinated movement requiring dexterity and skill
2002,As ever offer'd foul play in the state.,play,play.v.15,"put (a card or piece) into play during a game, or act strategically as if in a card game"
2053,"for the light in thy face, the son of utter",light,luminosity.n.01,the quality of being luminous; emitting or reflecting light
2058,"perpetual triumph, an everlasting bonfire-light!",light,luminosity.n.01,the quality of being luminous; emitting or reflecting light
2080,"Who, I? no, I defy thee: God's light, I was never",light,luminosity.n.01,the quality of being luminous; emitting or reflecting light
2365,"Ay, by my faith, that bears a frosty sound.",sound,sound.v.04,announce by means of a sound
2640,"Doth play the trumpet to his purposes,",play,playing_period.n.01,(in games or plays or other performances) the time during which play proceeds
2656,"Where you did give a fair and natural light,",light,inner_light.n.01,a divine presence believed by Quakers to enlighten and guide the soul
2889,"Sound all the lofty instruments of war,",sound,sound.n.02,the subjective sensation of hearing something
2893,"The trumpets sound. They embrace, and exeunt",sound,sound.n.01,the particular auditory effect produced by a given cause
2934,"lead, and as heavy too: God keep lead out of me! I",lead,lead.n.05,the angle between the direction a gun is aimed and the position of a moving target (correcting for the flight time of the missile)
2974,"My Lord of Westmoreland, lead him to his tent.",lead,spark_advance.n.01,the timing of ignition relative to the position of the piston in an internal-combustion engine
2975,"Come, my lord, I'll lead you to your tent.",lead,run.v.23,cause something to pass or lead somewhere
2976,"Lead me, my lord? I do not need your help:",lead,run.v.23,cause something to pass or lead somewhere
3053,"boy's play here, I can tell you.",play,playing_period.n.01,(in games or plays or other performances) the time during which play proceeds
3157,"The trumpets sound. Enter KING HENRY IV, PRINCE  HENRY, LORD JOHN LANCASTER, EARL OF WESTMORELAND, with WORCESTER and VERNON prisoners",sound,fathom.v.02,measure the depth of (a body of water) with a sounding line
3274,Will make him burst his lead and rise from death.,lead,lead.n.05,the angle between the direction a gun is aimed and the position of a moving target (correcting for the flight time of the missile)
3397,"Sound a flourish. Enter CHARLES, ALENCON, and REIGNIER, marching with drum and Soldiers",sound,phone.n.02,(phonetics) an individual sound unit of speech without concern as to whether or not it is a phoneme of some language
3415,"Sound, sound alarum! we will rush on them.",sound,phone.n.02,(phonetics) an individual sound unit of speech without concern as to whether or not it is a phoneme of some language
3465,By this means shall we sound what skill she hath.,sound,sound.v.04,announce by means of a sound
3738,Or with light skirmishes enfeebled.,light,luminosity.n.01,the quality of being luminous; emitting or reflecting light
3750,"Whilst any trump did sound, or drum struck up,",sound,phone.n.02,(phonetics) an individual sound unit of speech without concern as to whether or not it is a phoneme of some language
3766,"Play on the lute, beholding the towns burn:",play,playing_period.n.01,(in games or plays or other performances) the time during which play proceeds
3968,"Here sound retreat, and cease our hot pursuit.",sound,phone.n.02,(phonetics) an individual sound unit of speech without concern as to whether or not it is a phoneme of some language
4856,Hark! by the sound of drum you may perceive,sound,sound.v.04,announce by means of a sound
4858,"Here sound an English march. Enter, and pass over at a distance, TALBOT and his forces",sound,phone.n.02,(phonetics) an individual sound unit of speech without concern as to whether or not it is a phoneme of some language
4865,Trumpets sound a parley,sound,phone.n.02,(phonetics) an individual sound unit of speech without concern as to whether or not it is a phoneme of some language
5161,"Prettily, methought, did play the orator.",play,playing_period.n.01,(in games or plays or other performances) the time during which play proceeds
5230,"Out, some light horsemen, and peruse their wings.",light,luminosity.n.01,the quality of being luminous; emitting or reflecting light
5716,A plaguing mischief light on Charles and thee!,light,inner_light.n.01,a divine presence believed by Quakers to enlighten and guide the soul
5834,"Trumpets sound. Enter REIGNIER, below",sound,phone.n.02,(phonetics) an individual sound unit of speech without concern as to whether or not it is a phoneme of some language
5979,"Then lead me hence, with whom I leave my curse:",lead,lead.n.15,mixture of graphite with clay in different degrees of hardness; the marking substance in a pencil
6529,To play my part in Fortune's pageant.,play,gambling.n.01,the act of playing for stakes in the hope of winning (including the payment of a price for a chance to win a prize)
6668,"That she will light to listen to the lays,",light,luminosity.n.01,the quality of being luminous; emitting or reflecting light
6679,"Sound a sennet. Enter KING HENRY VI, GLOUCESTER,  CARDINAL, BUCKINGHAM, YORK, SOMERSET, SALISBURY, WARWICK, and the DUCHESS",sound,sound.n.01,the particular auditory effect produced by a given cause
6986,"Gives light in darkness, comfort in despair!",light,luminosity.n.01,the quality of being luminous; emitting or reflecting light
7221,"Sound trumpets. Enter KING HENRY VI, QUEEN  MARGARET, GLOUCESTER, YORK, SUFFOLK, and SALISBURY,  the DUCHESS, MARGARET JOURDAIN, SOUTHWELL, HUME, and BOLINGBROKE, under guard",sound,sound.n.01,the particular auditory effect produced by a given cause
7313,"Sound, trumpets, alarum to the combatants!",sound,phone.n.02,(phonetics) an individual sound unit of speech without concern as to whether or not it is a phoneme of some language
7327,Sound a flourish. Exeunt,sound,phone.n.02,(phonetics) an individual sound unit of speech without concern as to whether or not it is a phoneme of some language
7371,"No, dark shall be my light and night my day,",light,luminosity.n.01,the quality of being luminous; emitting or reflecting light
7444,"Go, lead the way, I long to see my prison.",lead,lead.n.09,(baseball) the position taken by a base runner preparing to advance to the next base
7448,"Sound a sennet. Enter KING HENRY VI, QUEEN  MARGARET, CARDINAL, SUFFOLK, YORK, BUCKINGHAM, SALISBURY and WARWICK to the Parliament",sound,phone.n.02,(phonetics) an individual sound unit of speech without concern as to whether or not it is a phoneme of some language
7513,Which time will bring to light in smooth,light,luminosity.n.01,the quality of being luminous; emitting or reflecting light
7603,"But mine is made the prologue to their play,",play,playing_period.n.01,(in games or plays or other performances) the time during which play proceeds
7682,"Or as the snake roll'd in a flowering bank,",bank,bank.v.04,act as the banker in a game or in gambling
7767,"To Ireland will you lead a band of men,",lead,leash.n.01,restraint consisting of a rope (or light chain) used to restrain an animal
7861,"Sound trumpets. Enter KING HENRY VI, QUEEN MARGARET, CARDINAL, SOMERSET, with Attendants",sound,phone.n.02,(phonetics) an individual sound unit of speech without concern as to whether or not it is a phoneme of some language
7895,Can chase away the first-conceived sound?,sound,sound.n.01,the particular auditory effect produced by a given cause
7934,And twice by awkward wind from England's bank,bank,depository_financial_institution.n.01,a financial institution that accepts deposits and channels the money into lending activities
8354,"Thy name affrights me, in whose sound is death.",sound,phone.n.02,(phonetics) an individual sound unit of speech without concern as to whether or not it is a phoneme of some language
8926,Sound a parley,sound,phone.n.02,(phonetics) an individual sound unit of speech without concern as to whether or not it is a phoneme of some language
8928,"sound retreat or parley, when I command them kill?",sound,phone.n.02,(phonetics) an individual sound unit of speech without concern as to whether or not it is a phoneme of some language
8937,Or let a rebel lead you to your deaths?,lead,run.v.23,cause something to pass or lead somewhere
8956,"shift for one, and so, God's curse light upon you",light,luminosity.n.01,the quality of being luminous; emitting or reflecting light
8998,"Sound Trumpets. Enter KING HENRY VI, QUEEN MARGARET, and SOMERSET, on the terrace",sound,sound.n.01,the particular auditory effect produced by a given cause
9322,"What, wilt thou on thy death-bed play the ruffian,",play,playing_period.n.01,(in games or plays or other performances) the time during which play proceeds
9519,"Sound drums and trumpets, and to London all:",sound,phone.n.02,(phonetics) an individual sound unit of speech without concern as to whether or not it is a phoneme of some language
9646,"Sound drums and trumpets, and the king will fly.",sound,sound.n.01,the particular auditory effect produced by a given cause
9814,"No, I can better play the orator.",play,playing_period.n.01,(in games or plays or other performances) the time during which play proceeds
10179,"Now are they but one lamp, one light, one sun.",light,luminosity.n.01,the quality of being luminous; emitting or reflecting light
10350,"But sound the trumpets, and about our task.",sound,sound.n.01,the particular auditory effect produced by a given cause
10538,Sound trumpets! let our bloody colours wave!,sound,phone.n.02,(phonetics) an individual sound unit of speech without concern as to whether or not it is a phoneme of some language
10627,"When dying clouds contend with growing light,",light,luminosity.n.01,the quality of being luminous; emitting or reflecting light
10774,"Which, whiles it lasted, gave King Henry light.",light,luminosity.n.01,the quality of being luminous; emitting or reflecting light
10833,"Now death shall stop his dismal threatening sound,",sound,phone.n.02,(phonetics) an individual sound unit of speech without concern as to whether or not it is a phoneme of some language
10990,"In God's name, lead, your king's name be obey'd:",lead,head.v.02,be in charge of
11202,"I'll play the orator as well as Nestor,",play,playing_period.n.01,(in games or plays or other performances) the time during which play proceeds
11562,"To play the broker in mine own behalf,",play,gambling.n.01,the act of playing for stakes in the hope of winning (including the payment of a price for a chance to win a prize)
11606,Belike she minds to play the Amazon.,play,playing_period.n.01,(in games or plays or other performances) the time during which play proceeds
11752,They lead him out forcibly,lead,run.v.03,"stretch out over a distance, space, time, or scope; run or extend between two points or beyond a certain point"
11877,While I myself will lead a private life,lead,lead.n.01,an advantage held by a competitor in a race
12019,"Sound trumpet, Edward shall be here proclaim'd:",sound,phone.n.02,(phonetics) an individual sound unit of speech without concern as to whether or not it is a phoneme of some language
12133,"Go, trumpet, to the walls, and sound a parle.",sound,phone.n.02,(phonetics) an individual sound unit of speech without concern as to whether or not it is a phoneme of some language
12593,That I should snarl and bite and play the dog.,play,playing_period.n.01,(in games or plays or other performances) the time during which play proceeds
12600,"Clarence, beware, thou keep'st me from the light:",light,luminosity.n.01,the quality of being luminous; emitting or reflecting light
12621,"Ne'er spurr'd their coursers at the trumpet's sound,",sound,sound.n.01,the particular auditory effect produced by a given cause
12657,Sound drums and trumpets! farewell sour annoy!,sound,phone.n.02,(phonetics) an individual sound unit of speech without concern as to whether or not it is a phoneme of some language
12681,"should have play for lack of work. Would, for the",play,gambling.n.01,the act of playing for stakes in the hope of winning (including the payment of a price for a chance to win a prize)
12749,In his bright radiance and collateral light,light,light.s.03,(used of soil) loose and large-grained in consistency
13315,"and though the devil lead the measure, such are to",lead,lead.n.05,the angle between the direction a gun is aimed and the position of a moving target (correcting for the flight time of the missile)
13344,"In this my light deliverance, I have spoke",light,luminosity.n.01,the quality of being luminous; emitting or reflecting light
13438,"What is infirm from your sound parts shall fly,",sound,phone.n.02,(phonetics) an individual sound unit of speech without concern as to whether or not it is a phoneme of some language
13448,His powerful sound within an organ weak:,sound,phone.n.02,(phonetics) an individual sound unit of speech without concern as to whether or not it is a phoneme of some language
13540,I play the noble housewife with the time,play,playing_period.n.01,(in games or plays or other performances) the time during which play proceeds
13599,able to lead her a coranto.,lead,lead.n.02,a soft heavy toxic malleable metallic element; bluish white when freshly cut but tarnishes readily to dull grey
13884,"You had my prayers to lead them on, and to keep them",lead,run.v.23,cause something to pass or lead somewhere
13969,"of me, there can be no kernel in this light nut, the",light,luminosity.n.01,the quality of being luminous; emitting or reflecting light
14217,"And fortune play upon thy prosperous helm,",play,maneuver.n.03,a deliberate coordinated movement requiring dexterity and skill
14260,That he does weigh too light: my greatest grief.,light,light.n.01,(physics) electromagnetic radiation that can produce a visual sensation
14503,"Now will I lead you to the house, and show you",lead,lead.n.05,the angle between the direction a gun is aimed and the position of a moving target (correcting for the flight time of the missile)
14652,"And, hoodwink'd as thou art, will lead thee on",lead,lead.n.05,the angle between the direction a gun is aimed and the position of a moving target (correcting for the flight time of the missile)
14680,"If quick fire of youth light not your mind,",light,luminosity.n.01,the quality of being luminous; emitting or reflecting light
14926,"sound, upon my life, amounts not to fifteen thousand",sound,phone.n.02,(phonetics) an individual sound unit of speech without concern as to whether or not it is a phoneme of some language
15121,Defiles the pitchy night: so lust doth play,play,playing_period.n.01,(in games or plays or other performances) the time during which play proceeds
15151,thousand salads ere we light on such another herb.,light,luminosity.n.01,the quality of being luminous; emitting or reflecting light
15340,Trumpets sound,sound,phone.n.02,(phonetics) an individual sound unit of speech without concern as to whether or not it is a phoneme of some language
15736,"The king's a beggar, now the play is done:",play,play.n.05,a state in which action is feasible
16510,We'll light upon some settled low content.,light,luminosity.n.01,the quality of being luminous; emitting or reflecting light
16852,Wherein we play in.,play,play.v.15,"put (a card or piece) into play during a game, or act strategically as if in a card game"
16877,"And whistles in his sound. Last scene of all,",sound,phone.n.02,(phonetics) an individual sound unit of speech without concern as to whether or not it is a phoneme of some language
17234,lackey and under that habit play the knave with him.,play,playing_period.n.01,(in games or plays or other performances) the time during which play proceeds
17347,me to wash your liver as clean as a sound sheep's,sound,phone.n.02,(phonetics) an individual sound unit of speech without concern as to whether or not it is a phoneme of some language
17517,I'll prove a busy actor in their play.,play,play.v.15,"put (a card or piece) into play during a game, or act strategically as if in a card game"
17912,"And play the swaggerer, bear this, bear all:",play,playing_period.n.01,(in games or plays or other performances) the time during which play proceeds
17969,instrument and play false strains upon thee! not to,play,fun.n.02,verbal wit or mockery (often at another's expense but not to be taken seriously)
18070,We'll lead you thither.,lead,run.v.23,cause something to pass or lead somewhere
18513,"Play, music! And you, brides and bridegrooms all,",play,maneuver.n.03,a deliberate coordinated movement requiring dexterity and skill
18545,"no bush, 'tis true that a good play needs no",play,act.v.03,play a role or part
18550,you in the behalf of a good play! I am not,play,gambling.n.01,the act of playing for stakes in the hope of winning (including the payment of a price for a chance to win a prize)
18554,"you bear to men, to like as much of this play as",play,gambling.n.01,the act of playing for stakes in the hope of winning (including the payment of a price for a chance to win a prize)
18558,women the play may please. If I were a woman I,play,play.v.15,"put (a card or piece) into play during a game, or act strategically as if in a card game"
18836,No more light answers. Let our officers,light,luminosity.n.01,the quality of being luminous; emitting or reflecting light
18954,"Belong to Egypt: good now, play one scene",play,bid.n.02,an attempt to get something
19299,"Once name you derogately, when to sound your name",sound,phone.n.02,(phonetics) an individual sound unit of speech without concern as to whether or not it is a phoneme of some language
19367,I'll play the penitent to you: but mine honesty,play,playing_period.n.01,(in games or plays or other performances) the time during which play proceeds
19458,Whither straight I'll lead you.,lead,run.v.23,cause something to pass or lead somewhere
19471,made the night light with drinking.,light,luminosity.n.01,the quality of being luminous; emitting or reflecting light
19577,"If thou dost play with him at any game,",play,play.v.15,"put (a card or piece) into play during a game, or act strategically as if in a card game"
19624,"My arm is sore, best play with Mardian.",play,play.n.05,a state in which action is feasible
19626,"As with a woman. Come, you'll play with me, sir?",play,play.v.15,"put (a card or piece) into play during a game, or act strategically as if in a card game"
19764,Lead me from hence:,lead,run.v.23,cause something to pass or lead somewhere
19776,But do not speak to me. Lead me to my chamber.,lead,lead.n.02,a soft heavy toxic malleable metallic element; bluish white when freshly cut but tarnishes readily to dull grey
19884,"Will you lead, lords?",lead,run.v.23,cause something to pass or lead somewhere
20032,"'Tis not my profit that does lead mine honour,",lead,jumper_cable.n.01,a jumper that consists of a short piece of wire
20105,"To these great fellows: sound and be hang'd, sound out!",sound,phone.n.02,(phonetics) an individual sound unit of speech without concern as to whether or not it is a phoneme of some language
20106,"Sound a flourish, with drums",sound,phone.n.02,(phonetics) an individual sound unit of speech without concern as to whether or not it is a phoneme of some language
20240,Let all the number of the stars give light,light,luminosity.n.01,the quality of being luminous; emitting or reflecting light
20245,Trumpets sound. Exeunt,sound,phone.n.02,(phonetics) an individual sound unit of speech without concern as to whether or not it is a phoneme of some language
20762,"Is he come back? Love, I am full of lead.",lead,lead.n.05,the angle between the direction a gun is aimed and the position of a moving target (correcting for the flight time of the missile)
21145,"I hope well of to-morrow, and will lead you",lead,lead.n.05,the angle between the direction a gun is aimed and the position of a moving target (correcting for the flight time of the missile)
21243,Lead me.,lead,run.v.23,cause something to pass or lead somewhere
21249,"Trumpets sound. Enter MARK ANTONY and EROS, a Soldier meeting them",sound,phone.n.02,(phonetics) an individual sound unit of speech without concern as to whether or not it is a phoneme of some language
22100,"He'll lead me, then, in triumph?",lead,lead.n.01,an advantage held by a competitor in a race
22255,To play till doomsday. Bring our crown and all.,play,maneuver.n.03,a deliberate coordinated movement requiring dexterity and skill
22362,"I'll mend it, and then play.",play,maneuver.n.03,a deliberate coordinated movement requiring dexterity and skill
22495,For what obscured light the heavens did grant,light,luminosity.n.01,the quality of being luminous; emitting or reflecting light
22519,"And by the benefit of his wished light,",light,luminosity.n.01,the quality of being luminous; emitting or reflecting light
22943,"For two, and sound ones too.",sound,phone.n.02,(phonetics) an individual sound unit of speech without concern as to whether or not it is a phoneme of some language
22945,"Nay, not sound, I pray you.",sound,phone.n.02,(phonetics) an individual sound unit of speech without concern as to whether or not it is a phoneme of some language
23001,"For if we too be one and thou play false,",play,play.v.15,"put (a card or piece) into play during a game, or act strategically as if in a card game"
23079,"Come, sister. Dromio, play the porter well.",play,playing_period.n.01,(in games or plays or other performances) the time during which play proceeds
23316,"Let Love, being light, be drowned if she sink!",light,luminosity.n.01,the quality of being luminous; emitting or reflecting light
23339,Thee will I love and with thee lead my life:,lead,lead.n.05,the angle between the direction a gun is aimed and the position of a moving target (correcting for the flight time of the missile)
23372,lamp of her and run from her by her own light. I,light,luminosity.n.01,the quality of being luminous; emitting or reflecting light
23758,she comes in the habit of a light wench: and thereof,light,luminosity.n.01,the quality of being luminous; emitting or reflecting light
23760,much to say 'God make me a light wench.' It is,light,inner_light.n.01,a divine presence believed by Quakers to enlighten and guide the soul
23761,"written, they appear to men like angels of light:",light,luminosity.n.01,the quality of being luminous; emitting or reflecting light
23762,"light is an effect of fire, and fire will burn,",light,luminosity.n.01,the quality of being luminous; emitting or reflecting light
23763,"ergo, light wenches will burn. Come not near her.",light,luminosity.n.01,the quality of being luminous; emitting or reflecting light
23817,"I tell you, 'twill sound harshly in her ears.",sound,phone.n.02,(phonetics) an individual sound unit of speech without concern as to whether or not it is a phoneme of some language
23995,I long that we were safe and sound aboard.,sound,sound.a.01,financially secure and safe
24090,And therefore comes it that his head is light.,light,light.n.01,(physics) electromagnetic radiation that can produce a visual sensation
24477,We'll draw cuts for the senior: till then lead thou first.,lead,lead.n.05,the angle between the direction a gun is aimed and the position of a moving target (correcting for the flight time of the missile)
24664,Upon your favours swims with fins of lead,lead,lead.n.15,mixture of graphite with clay in different degrees of hardness; the marking substance in a pencil
24745,[To COMINIUS]                Lead you on.,lead,run.v.23,cause something to pass or lead somewhere
24809,These three lead on this preparation,lead,run.v.23,cause something to pass or lead somewhere
24916,"Come, lay aside your stitchery, I must have you play",play,playing_period.n.01,(in games or plays or other performances) the time during which play proceeds
24977,They sound a parley. Enter two Senators with others on the walls,sound,strait.n.01,a narrow channel of the sea joining two larger bodies of water
25003,"All the contagion of the south light on you,",light,luminosity.n.01,the quality of being luminous; emitting or reflecting light
25083,"Go, sound thy trumpet in the market-place,",sound,sound.n.01,the particular auditory effect produced by a given cause
25096,"Lead their successes as we wish our own,",lead,leave.v.07,have as a result or residue
25123,More than I know the sound of Marcius' tongue,sound,sound.n.02,the subjective sensation of hearing something
25130,"In arms as sound as when I woo'd, in heart",sound,phone.n.02,(phonetics) an individual sound unit of speech without concern as to whether or not it is a phoneme of some language
25286,Never sound more! when drums and trumpets shall,sound,phone.n.02,(phonetics) an individual sound unit of speech without concern as to whether or not it is a phoneme of some language
25312,"Flourish. Trumpets sound, and drums",sound,phone.n.02,(phonetics) an individual sound unit of speech without concern as to whether or not it is a phoneme of some language
25551,"A sennet. Trumpets sound. Enter COMINIUS the  general, and TITUS LARTIUS, between them, CORIOLANUS,  crowned with an oaken garland, with Captains and Soldiers, and a Herald",sound,phone.n.02,(phonetics) an individual sound unit of speech without concern as to whether or not it is a phoneme of some language
25583,"And I could laugh, I am light and heavy. Welcome.",light,luminosity.n.01,the quality of being luminous; emitting or reflecting light
26125,I'll have five hundred voices of that sound.,sound,phone.n.02,(phonetics) an individual sound unit of speech without concern as to whether or not it is a phoneme of some language
26644,False to my nature? Rather say I play,play,bid.n.02,an attempt to get something
27289,And harsh in sound to thine.,sound,phone.n.02,(phonetics) an individual sound unit of speech without concern as to whether or not it is a phoneme of some language
28344,"Drums and trumpets sound, with great shouts of the People",sound,fathom.v.02,measure the depth of (a body of water) with a sounding line
28883,strange fowl light upon neighbouring ponds. Your,light,luminosity.n.01,the quality of being luminous; emitting or reflecting light
29211,Base and unlustrous as the smoky light,light,luminosity.n.01,the quality of being luminous; emitting or reflecting light
29229,That play with all infirmities for gold,play,play.n.01,a dramatic work intended for performance by actors on a stage
29943,"for light, else, sir, no more tribute, pray you now.",light,luminosity.n.01,the quality of being luminous; emitting or reflecting light
30665,"Will play the cook and servant, 'tis our match:",play,playing_period.n.01,(in games or plays or other performances) the time during which play proceeds
30785,play the workman. I dare speak it to myself--for it,play,gambling.n.01,the act of playing for stakes in the hope of winning (including the payment of a price for a chance to win a prize)
30980,"Play judge and executioner all himself,",play,maneuver.n.03,a deliberate coordinated movement requiring dexterity and skill
31024,You and Fidele play the cooks: I'll stay,play,playing_period.n.01,(in games or plays or other performances) the time during which play proceeds
31077,Who ever yet could sound thy bottom? find,sound,phone.n.02,(phonetics) an individual sound unit of speech without concern as to whether or not it is a phoneme of some language
31110,And do not play in wench-like words with that,play,play.v.02,act or have an effect in a specified way or with a specific effect or outcome
31437,"Lead, lead.",lead,run.v.23,cause something to pass or lead somewhere
31645,"Though light, take pieces for the figure's sake:",light,luminosity.n.01,the quality of being luminous; emitting or reflecting light
31793,"light, the purse too light, being drawn of",light,luminosity.n.01,the quality of being luminous; emitting or reflecting light
32109,"Shall's have a play of this? Thou scornful page,",play,play.n.02,a theatrical performance of a drama
32580,"If thou hast any sound, or use of voice,",sound,phone.n.02,(phonetics) an individual sound unit of speech without concern as to whether or not it is a phoneme of some language
32720,For they are actions that a man might play:,play,play.n.01,a dramatic work intended for performance by actors on a stage
32862,"And at the sound it shrunk in haste away,",sound,phone.n.02,(phonetics) an individual sound unit of speech without concern as to whether or not it is a phoneme of some language
32909,I doubt some foul play: would the night were come!,play,playing_period.n.01,(in games or plays or other performances) the time during which play proceeds
33038,"Giving more light than heat, extinct in both,",light,luminosity.n.01,the quality of being luminous; emitting or reflecting light
33168,"Where wilt thou lead me? speak, I'll go no further.",lead,lead.v.04,travel in front of; go in advance of others
33430,"Your party in converse, him you would sound,",sound,phone.n.02,(phonetics) an individual sound unit of speech without concern as to whether or not it is a phoneme of some language
33496,"And, to the last, bended their light on me.",light,inner_light.n.01,a divine presence believed by Quakers to enlighten and guide the soul
33697,"If circumstances lead me, I will find",lead,run.v.23,cause something to pass or lead somewhere
33808,"Truly, and I hold ambition of so airy and light a",light,light.n.02,any device serving as a source of illumination
33946,Plautus too light. For the law of writ and the,light,luminosity.n.01,the quality of being luminous; emitting or reflecting light
33981,"play, I remember, pleased not the million, 'twas",play,playing_period.n.01,(in games or plays or other performances) the time during which play proceeds
33984,"cried in the top of mine--an excellent play, well",play,turn.n.03,(game) the activity of doing something in an agreed succession
34006,That lend a tyrannous and damned light,light,light.n.01,(physics) electromagnetic radiation that can produce a visual sensation
34081,"Follow him, friends: we'll hear a play to-morrow.",play,gambling.n.01,the act of playing for stakes in the hope of winning (including the payment of a price for a chance to win a prize)
34083,"Dost thou hear me, old friend, can you play the",play,playing_period.n.01,(in games or plays or other performances) the time during which play proceeds
34140,That guilty creatures sitting at a play,play,act.v.03,play a role or part
34146,Play something like the murder of my father,play,turn.n.03,(game) the activity of doing something in an agreed succession
34155,More relative than this: the play 's the thing,play,play.n.08,activity by children that is guided more by imagination than by fixed rules
34183,This night to play before him.,play,bid.n.02,an attempt to get something
34308,"Let the doors be shut upon him, that he may play the",play,playing_period.n.01,(in games or plays or other performances) the time during which play proceeds
34361,"But, if you hold it fit, after the play",play,playing_period.n.01,(in games or plays or other performances) the time during which play proceeds
34402,"players that I have seen play, and heard others",play,maneuver.n.03,a deliberate coordinated movement requiring dexterity and skill
34411,"O, reform it altogether. And let those that play",play,maneuver.n.03,a deliberate coordinated movement requiring dexterity and skill
34416,question of the play be then to be considered:,play,play.v.12,pretend to be somebody in the framework of a game or playful activity
34449,To sound what stop she please. Give me that man,sound,phone.n.02,(phonetics) an individual sound unit of speech without concern as to whether or not it is a phoneme of some language
34453,"There is a play to-night before the king,",play,gambling.n.01,the act of playing for stakes in the hope of winning (including the payment of a price for a chance to win a prize)
34467,"If he steal aught the whilst this play is playing,",play,playing_period.n.01,(in games or plays or other performances) the time during which play proceeds
34469,"They are coming to the play, I must be idle:",play,play.v.12,pretend to be somebody in the framework of a game or playful activity
34515,Hautboys play. The dumb-show enters,play,playing_period.n.01,(in games or plays or other performances) the time during which play proceeds
34516,"Enter a King and a Queen very lovingly, the Queen  embracing him, and he her. She kneels, and makes  show of protestation unto him. He takes her up,  and declines his head upon her neck: lays him down  upon a bank of flowers: she, seeing him asleep,  leaves him. Anon comes in a fellow, takes off his  crown, kisses it, and pours poison in the King's  ears, and exit. The Queen returns, finds the King  dead, and makes passionate action. The Poisoner,  with some two or three Mutes, comes in again,  seeming to lament with her. The dead body is  carried away. The Poisoner wooes the Queen with  gifts: she seems loath and unwilling awhile, but in the end accepts his love",bank,bank.n.07,a slope in the turn of a road or track; the outside is higher than the inside in order to reduce the effects of centrifugal force
34520,Belike this show imports the argument of the play.,play,playing_period.n.01,(in games or plays or other performances) the time during which play proceeds
34527,"You are naught, you are naught: I'll mark the play.",play,playing_period.n.01,(in games or plays or other performances) the time during which play proceeds
34585,"Whether love lead fortune, or else fortune love.",lead,run.v.23,cause something to pass or lead somewhere
34598,"Nor earth to me give food, nor heaven light!",light,luminosity.n.01,the quality of being luminous; emitting or reflecting light
34614,"Madam, how like you this play?",play,playing_period.n.01,(in games or plays or other performances) the time during which play proceeds
34620,What do you call the play?,play,playing_period.n.01,(in games or plays or other performances) the time during which play proceeds
34621,"The Mouse-trap. Marry, how? Tropically. This play",play,playing_period.n.01,(in games or plays or other performances) the time during which play proceeds
34653,Give o'er the play.,play,playing_period.n.01,(in games or plays or other performances) the time during which play proceeds
34654,Give me some light: away!,light,luminosity.n.01,the quality of being luminous; emitting or reflecting light
34658,"The hart ungalled play,",play,playing_period.n.01,(in games or plays or other performances) the time during which play proceeds
34735,I do not well understand that. Will you play upon,play,play.n.08,activity by children that is guided more by imagination than by fixed rules
34749,"me! You would play upon me, you would seem to know",play,play.v.09,"move or seem to move quickly, lightly, or irregularly"
34751,"mystery, you would sound me from my lowest note to",sound,phone.n.02,(phonetics) an individual sound unit of speech without concern as to whether or not it is a phoneme of some language
34757,cannot play upon me.,play,playing_period.n.01,(in games or plays or other performances) the time during which play proceeds
35669,"dumb, yet are they much too light for the bore of",light,luminosity.n.01,the quality of being luminous; emitting or reflecting light
35770,The light and careless livery that it wears,light,luminosity.n.01,the quality of being luminous; emitting or reflecting light
35798,"Your sudden coming o'er, to play with him.",play,bid.n.02,an attempt to get something
35996,but to play at loggats with 'em? mine ache to think on't.,play,fun.n.02,verbal wit or mockery (often at another's expense but not to be taken seriously)
36113,"modesty enough, and likelihood to lead it: as",lead,run.v.23,cause something to pass or lead somewhere
36261,"They had begun the play--I sat me down,",play,playing_period.n.01,(in games or plays or other performances) the time during which play proceeds
36425,"play with Laertes, or that you will take longer time.",play,playing_period.n.01,(in games or plays or other performances) the time during which play proceeds
36432,entertainment to Laertes before you fall to play.,play,bid.n.02,an attempt to get something
36484,And will this brother's wager frankly play.,play,maneuver.n.03,a deliberate coordinated movement requiring dexterity and skill
36500,They prepare to play,play,bid.n.02,an attempt to get something
36517,They play,play,playing_period.n.01,(in games or plays or other performances) the time during which play proceeds
36525,"Trumpets sound, and cannon shot off within",sound,sound.v.03,give off a certain sound or sounds
36527,"I'll play this bout first, set it by awhile. Come.",play,play.n.01,a dramatic work intended for performance by actors on a stage
36528,They play,play,playing_period.n.01,(in games or plays or other performances) the time during which play proceeds
36548,They play,play,playing_period.n.01,(in games or plays or other performances) the time during which play proceeds
36712,"Gently to hear, kindly to judge, our play.",play,bid.n.02,an attempt to get something
37090,"We will, in France, by God's grace, play a set",play,play.v.15,"put (a card or piece) into play during a game, or act strategically as if in a card game"
37175,"The abuse of distance, force a play:",play,gambling.n.01,the act of playing for stakes in the hope of winning (including the payment of a price for a chance to win a prize)
37183,We'll not offend one stomach with our play.,play,playing_period.n.01,(in games or plays or other performances) the time during which play proceeds
37327,"Trumpets sound. Enter KING HENRY V, SCROOP, CAMBRIDGE, GREY, and Attendants",sound,phone.n.02,(phonetics) an individual sound unit of speech without concern as to whether or not it is a phoneme of some language
37406,"Hath, for a few light crowns, lightly conspired,",light,lighter.n.02,a device for lighting or igniting fuel or charges or fires
37503,Since God so graciously hath brought to light,light,luminosity.n.01,the quality of being luminous; emitting or reflecting light
37527,I saw him fumble with the sheets and play with,play,playing_period.n.01,(in games or plays or other performances) the time during which play proceeds
37743,"Play with your fancies, and in them behold",play,play.v.02,act or have an effect in a specified way or with a specific effect or outcome
37903,"over, the trompet sound the retreat. By my hand, I",sound,sound.n.01,the particular auditory effect produced by a given cause
38174,"Bardolph, a soldier, firm and sound of heart,",sound,phone.n.02,(phonetics) an individual sound unit of speech without concern as to whether or not it is a phoneme of some language
38265,"for when lenity and cruelty play for a kingdom, the",play,gambling.n.01,the act of playing for stakes in the hope of winning (including the payment of a price for a chance to win a prize)
38496,"Do the low-rated English play at dice,",play,playing_period.n.01,(in games or plays or other performances) the time during which play proceeds
38890,And all is done. Then let the trumpets sound,sound,phone.n.02,(phonetics) an individual sound unit of speech without concern as to whether or not it is a phoneme of some language
39132,vessel makes the greatest sound.' Bardolph and Nym,sound,sound.n.01,the particular auditory effect produced by a given cause
39134,"the old play, that every one may pare his nails with",play,playing_period.n.01,(in games or plays or other performances) the time during which play proceeds
39425,"--a most contagious treason come to light, look",light,alight.v.01,"to come to rest, settle"
39466,"By this day and this light, the fellow has mettle",light,inner_light.n.01,a divine presence believed by Quakers to enlighten and guide the soul
39514,"But in plain shock and even play of battle,",play,play.n.03,a preset plan of action in team sports
39665,Doth Fortune play the huswife with me now?,play,playing_period.n.01,(in games or plays or other performances) the time during which play proceeds
40083,"The play may pass, if they be still and willing,",play,playing_period.n.01,(in games or plays or other performances) the time during which play proceeds
40086,"That come to hear a merry bawdy play,",play,gambling.n.01,the act of playing for stakes in the hope of winning (including the payment of a price for a chance to win a prize)
40686,"A long time out of play, may bring his plainsong",play,play.n.02,a theatrical performance of a drama
40781,"Yes, if I make my play.",play,play.v.15,"put (a card or piece) into play during a game, or act strategically as if in a card game"
40864,"Lead in your ladies, every one: sweet partner,",lead,lead.n.01,an advantage held by a competitor in a race
40868,"To lead 'em once again, and then let's dream",lead,run.v.23,cause something to pass or lead somewhere
40968,"And lift my soul to heaven. Lead on, o' God's name.",lead,run.v.23,cause something to pass or lead somewhere
40984,"And when old time shall lead him to his end,",lead,lead.n.02,a soft heavy toxic malleable metallic element; bluish white when freshly cut but tarnishes readily to dull grey
41666,"Every thing that heard him play,",play,play.n.08,activity by children that is guided more by imagination than by fixed rules
41901,His practises to light?,light,luminosity.n.01,the quality of being luminous; emitting or reflecting light
42379,"Out of thy honest truth, to play the woman.",play,gambling.n.01,the act of playing for stakes in the hope of winning (including the payment of a price for a chance to win a prize)
42400,"And,--prithee, lead me in:",lead,lead.n.01,an advantage held by a competitor in a race
42456,"The trumpets sound: stand close, the queen is coming.",sound,phone.n.02,(phonetics) an individual sound unit of speech without concern as to whether or not it is a phoneme of some language
42633,"Tied all the kingdom: simony was fair-play,",play,playing_period.n.01,(in games or plays or other performances) the time during which play proceeds
42678,Cause the musicians play me that sad note,play,playing_period.n.01,(in games or plays or other performances) the time during which play proceeds
42865,"Charles, I will play no more tonight,",play,play.n.08,activity by children that is guided more by imagination than by fixed rules
42869,"Nor shall not, when my fancy's on my play.",play,play.v.03,play on an instrument
43013,"An hundred marks! By this light, I'll ha' more.",light,light.a.06,characterized by or emitting light
43041,"Pray heaven, he sound not my disgrace! For certain,",sound,phone.n.02,(phonetics) an individual sound unit of speech without concern as to whether or not it is a phoneme of some language
43161,Of this new sect? ye are not sound.,sound,phone.n.02,(phonetics) an individual sound unit of speech without concern as to whether or not it is a phoneme of some language
43162,Not sound?,sound,phone.n.02,(phonetics) an individual sound unit of speech without concern as to whether or not it is a phoneme of some language
43163,"Not sound, I say.",sound,phone.n.02,(phonetics) an individual sound unit of speech without concern as to whether or not it is a phoneme of some language
43223,"To me you cannot reach, you play the spaniel,",play,playing_period.n.01,(in games or plays or other performances) the time during which play proceeds
43307,As much as one sound cudgel of four foot--,sound,phone.n.02,(phonetics) an individual sound unit of speech without concern as to whether or not it is a phoneme of some language
43377,"Ye should do service. Hark! the trumpets sound,",sound,sound.n.01,the particular auditory effect produced by a given cause
43381,A Marshalsea shall hold ye play these two months.,play,act.v.03,play a role or part
43469,"And ye shall find me thankful. Lead the way, lords:",lead,lead.n.05,the angle between the direction a gun is aimed and the position of a moving target (correcting for the flight time of the missile)
43476,'Tis ten to one this play can never please,play,bid.n.02,an attempt to get something
43484,"For this play at this time, is only in",play,play.n.05,a state in which action is feasible
43614,"And if she did play false, the fault was hers,",play,playing_period.n.01,(in games or plays or other performances) the time during which play proceeds
43759,"Now, by this light, were I to get again,",light,inner_light.n.01,a divine presence believed by Quakers to enlighten and guide the soul
43920,"One that will play the devil, sir, with you,",play,playing_period.n.01,(in games or plays or other performances) the time during which play proceeds
44102,"And victory, with little loss, doth play",play,maneuver.n.03,a deliberate coordinated movement requiring dexterity and skill
44182,"I'ld play incessantly upon these jades,",play,playing_period.n.01,(in games or plays or other performances) the time during which play proceeds
44617,Or the light loss of England for a friend:,light,luminosity.n.01,the quality of being luminous; emitting or reflecting light
44643,The latest breath that gave the sound of words,sound,sound.n.02,the subjective sensation of hearing something
44655,"Play fast and loose with faith? so jest with heaven,",play,maneuver.n.03,a deliberate coordinated movement requiring dexterity and skill
44708,The peril of our curses light on thee,light,luminosity.n.01,the quality of being luminous; emitting or reflecting light
44827,"Sound on into the drowsy race of night,",sound,sound.n.02,the subjective sensation of hearing something
44839,"Without eyes, ears and harmful sound of words,",sound,phone.n.02,(phonetics) an individual sound unit of speech without concern as to whether or not it is a phoneme of some language
44898,Thou odouriferous stench! sound rottenness!,sound,phone.n.02,(phonetics) an individual sound unit of speech without concern as to whether or not it is a phoneme of some language
45005,Out of the path which shall directly lead,lead,lead.n.04,a position of leadership (especially in the phrase `take the lead')
45232,"Unto the rainbow, or with taper-light",light,luminosity.n.01,the quality of being luminous; emitting or reflecting light
45244,"Makes sound opinion sick and truth suspected,",sound,phone.n.02,(phonetics) an individual sound unit of speech without concern as to whether or not it is a phoneme of some language
45266,"To sound the purpose of all their hearts,",sound,phone.n.02,(phonetics) an individual sound unit of speech without concern as to whether or not it is a phoneme of some language
45313,"It is apparent foul play, and 'tis shame",play,maneuver.n.03,a deliberate coordinated movement requiring dexterity and skill
45573,We had a kind of light what would ensue:,light,light.n.02,any device serving as a source of illumination
45757,"Send fair-play orders and make compromise,",play,maneuver.n.03,a deliberate coordinated movement requiring dexterity and skill
45894,"According to the fair play of the world,",play,gambling.n.01,the act of playing for stakes in the hope of winning (including the payment of a price for a chance to win a prize)
45949,"Sound but another, and another shall",sound,phone.n.02,(phonetics) an individual sound unit of speech without concern as to whether or not it is a phoneme of some language
45990,Lead me to the revolts of England here.,lead,spark_advance.n.01,the timing of ignition relative to the position of the piston in an internal-combustion engine
46286,Why dost thou lead these men about the streets?,lead,lead.n.04,a position of leadership (especially in the phrase `take the lead')
46312,That needs must light on this ingratitude.,light,light.n.01,(physics) electromagnetic radiation that can produce a visual sensation
46406,"Into what dangers would you lead me, Cassius,",lead,run.v.23,cause something to pass or lead somewhere
46491,"Sound them, it doth become the mouth as well,",sound,phone.n.02,(phonetics) an individual sound unit of speech without concern as to whether or not it is a phoneme of some language
46906,Give so much light that I may read by them.,light,light.a.06,characterized by or emitting light
47015,But what of Cicero? shall we sound him?,sound,phone.n.02,(phonetics) an individual sound unit of speech without concern as to whether or not it is a phoneme of some language
47114,Therefore thou sleep'st so sound.,sound,phone.n.02,(phonetics) an individual sound unit of speech without concern as to whether or not it is a phoneme of some language
47508,To sound more sweetly in great Caesar's ear,sound,phone.n.02,(phonetics) an individual sound unit of speech without concern as to whether or not it is a phoneme of some language
47589,"Brutus shall lead, and we will grace his heels",lead,lead.n.05,the angle between the direction a gun is aimed and the position of a moving target (correcting for the flight time of the missile)
47744,"A curse shall light upon the limbs of men,",light,luminosity.n.01,the quality of being luminous; emitting or reflecting light
48228,Bid our commanders lead their charges off,lead,run.v.23,cause something to pass or lead somewhere
48621,"Octavius, lead your battle softly on,",lead,run.v.23,cause something to pass or lead somewhere
48711,"Lovers in peace, lead on our days to age!",lead,spark_advance.n.01,the timing of ignition relative to the position of the piston in an internal-combustion engine
48740,"Why, then, lead on. O, that a man might know",lead,jumper_cable.n.01,a jumper that consists of a short piece of wire
48791,"Now, Titinius! Now some light. O, he lights too.",light,luminosity.n.01,the quality of being luminous; emitting or reflecting light
48931,"Statilius show'd the torch-light, but, my lord,",light,luminosity.n.01,the quality of being luminous; emitting or reflecting light
49192,Nor are those empty-hearted whose low sound,sound,phone.n.02,(phonetics) an individual sound unit of speech without concern as to whether or not it is a phoneme of some language
49791,"That such a king should play bo-peep,",play,act.v.03,play a role or part
50080,"Yield: come before my father. Light, ho, here!",light,luminosity.n.01,the quality of being luminous; emitting or reflecting light
50529,For the sound man. Death on my state! wherefore,sound,sound.n.01,the particular auditory effect produced by a given cause
51040,Hang fated o'er men's faults light on thy daughters!,light,luminosity.n.01,the quality of being luminous; emitting or reflecting light
51063,"out-paramoured the Turk: false of heart, light of",light,luminosity.n.01,the quality of being luminous; emitting or reflecting light
51313,"How light and portable my pain seems now,",light,luminosity.n.01,the quality of being luminous; emitting or reflecting light
51361,"You are my guests: do me no foul play, friends.",play,playing_period.n.01,(in games or plays or other performances) the time during which play proceeds
51450,To lead him where he would: his roguish madness,lead,run.v.23,cause something to pass or lead somewhere
51503,"Bad is the trade that must play fool to sorrow,",play,play.n.08,activity by children that is guided more by imagination than by fixed rules
51511,Who I'll entreat to lead me.,lead,run.v.23,cause something to pass or lead somewhere
51513,"'Tis the times' plague, when madmen lead the blind.",lead,lead.n.02,a soft heavy toxic malleable metallic element; bluish white when freshly cut but tarnishes readily to dull grey
51550,Poor Tom shall lead thee.,lead,run.v.23,cause something to pass or lead somewhere
51762,That wants the means to lead it.,lead,lead.n.09,(baseball) the position taken by a base runner preparing to advance to the next base
51887,"Hast heavy substance, bleed'st not, speak'st, art sound.",sound,phone.n.02,(phonetics) an individual sound unit of speech without concern as to whether or not it is a phoneme of some language
51989,"a heavy case, your purse in a light, yet you see how",light,light.n.01,(physics) electromagnetic radiation that can produce a visual sensation
52057,Which can distinguish sound.,sound,phone.n.02,(phonetics) an individual sound unit of speech without concern as to whether or not it is a phoneme of some language
52075,I'll lead you to some biding.,lead,run.v.23,cause something to pass or lead somewhere
52208,Do scald like moulten lead.,lead,run.v.23,cause something to pass or lead somewhere
52321,"If you have victory, let the trumpet sound",sound,sound.n.01,the particular auditory effect produced by a given cause
52486,"Thou art arm'd, Gloucester: let the trumpet sound:",sound,sound.n.01,the particular auditory effect produced by a given cause
52512,"Come hither, herald,--Let the trumpet sound,",sound,sound.n.01,the particular auditory effect produced by a given cause
52514,"Sound, trumpet!",sound,phone.n.02,(phonetics) an individual sound unit of speech without concern as to whether or not it is a phoneme of some language
52519,"traitor, let him appear by the third sound of the",sound,sound.v.04,announce by means of a sound
52521,Sound!,sound,phone.n.02,(phonetics) an individual sound unit of speech without concern as to whether or not it is a phoneme of some language
52528,"Enter EDGAR, at the third sound, armed, with a trumpet before him",sound,fathom.v.02,measure the depth of (a body of water) with a sounding line
52870,"To seek the light of truth, while truth the while",light,luminosity.n.01,the quality of being luminous; emitting or reflecting light
52872,Light seeking light doth light of light beguile:,light,luminosity.n.01,the quality of being luminous; emitting or reflecting light
52873,"So, ere you find where light in darkness lies,",light,luminosity.n.01,the quality of being luminous; emitting or reflecting light
52874,Your light grows dark by losing of your eyes.,light,luminosity.n.01,the quality of being luminous; emitting or reflecting light
52878,And give him light that it was blinded by.,light,inner_light.n.01,a divine presence believed by Quakers to enlighten and guide the soul
53247,"And that's great marvel, loving a light wench.",light,light.n.01,(physics) electromagnetic radiation that can produce a visual sensation
53400,That aged ears play truant at his tales,play,play.n.08,activity by children that is guided more by imagination than by fixed rules
53530,"A woman sometimes, an you saw her in the light.",light,luminosity.n.01,the quality of being luminous; emitting or reflecting light
53531,Perchance light in the light. I desire her name.,light,luminosity.n.01,the quality of being luminous; emitting or reflecting light
53671,"As swift as lead, sir.",lead,leave.v.07,have as a result or residue
53674,"Is not lead a metal heavy, dull, and slow?",lead,lead.n.02,a soft heavy toxic malleable metallic element; bluish white when freshly cut but tarnishes readily to dull grey
53677,I say lead is slow.,lead,lead.n.05,the angle between the direction a gun is aimed and the position of a moving target (correcting for the flight time of the missile)
53679,Is that lead slow which is fired from a gun?,lead,lead.n.05,the angle between the direction a gun is aimed and the position of a moving target (correcting for the flight time of the missile)
53851,That we must stand and play the murderer in?,play,playing_period.n.01,(in games or plays or other performances) the time during which play proceeds
53938,And he from forage will incline to play:,play,maneuver.n.03,a deliberate coordinated movement requiring dexterity and skill
54204,"eye,--by this light, but for her eye, I would not",light,luminosity.n.01,the quality of being luminous; emitting or reflecting light
54228,"As doth thy face through tears of mine give light,",light,light.n.02,any device serving as a source of illumination
54278,"All hid, all hid, an old infant play.",play,play.v.03,play on an instrument
54376,"And Nestor play at push-pin with the boys,",play,playing_period.n.01,(in games or plays or other performances) the time during which play proceeds
54451,"She an attending star, scarce seen a light.",light,light.n.01,(physics) electromagnetic radiation that can produce a visual sensation
54477,"Devils soonest tempt, resembling spirits of light.",light,luminosity.n.01,the quality of being luminous; emitting or reflecting light
54489,"Dark needs no candles now, for dark is light.",light,luminosity.n.01,the quality of being luminous; emitting or reflecting light
54554,"A lover's ear will hear the lowest sound,",sound,sound.n.01,the particular auditory effect produced by a given cause
54604,"Light wenches may prove plagues to men forsworn,",light,luminosity.n.01,the quality of being luminous; emitting or reflecting light
54754,I will play three myself.,play,playing_period.n.01,(in games or plays or other performances) the time during which play proceeds
54765,"I'll make one in a dance, or so, or I will play",play,play.v.15,"put (a card or piece) into play during a game, or act strategically as if in a card game"
54786,"And so she died: had she been light, like you,",light,luminosity.n.01,the quality of being luminous; emitting or reflecting light
54789,"And so may you, for a light heart lives long.",light,inner_light.n.01,a divine presence believed by Quakers to enlighten and guide the soul
54790,"What's your dark meaning, mouse, of this light word?",light,luminosity.n.01,the quality of being luminous; emitting or reflecting light
54791,A light condition in a beauty dark.,light,light.n.06,a condition of spiritual awareness; divine illumination
54792,We need more light to find your meaning out.,light,luminosity.n.01,the quality of being luminous; emitting or reflecting light
54793,"You'll mar the light by taking it in snuff,",light,luminosity.n.01,the quality of being luminous; emitting or reflecting light
54796,"So do not you, for you are a light wench.",light,lighter.n.02,a device for lighting or igniting fuel or charges or fires
54797,"Indeed I weigh not you, and therefore light.",light,luminosity.n.01,the quality of being luminous; emitting or reflecting light
54932,Trumpets sound within,sound,phone.n.02,(phonetics) an individual sound unit of speech without concern as to whether or not it is a phoneme of some language
54992,"Play, music, then! Nay, you must do it soon.",play,playing_period.n.01,(in games or plays or other performances) the time during which play proceeds
55023,"Since you can cog, I'll play no more with you.",play,play.n.08,activity by children that is guided more by imagination than by fixed rules
55151,"To lead you to our court, vouchsafe it then.",lead,run.v.23,cause something to pass or lead somewhere
55184,By light we lose light: your capacity,light,light.a.06,characterized by or emitting light
55224,"My love to thee is sound, sans crack or flaw.",sound,phone.n.02,(phonetics) an individual sound unit of speech without concern as to whether or not it is a phoneme of some language
55448,"Ay, and in a brooch of lead.",lead,lead.n.04,a position of leadership (especially in the phrase `take the lead')
55460,"A light for Monsieur Judas! it grows dark, he may stumble.",light,lighter.n.02,a device for lighting or igniting fuel or charges or fires
55511,"Faith, unless you play the honest Troyan, the poor",play,playing_period.n.01,(in games or plays or other performances) the time during which play proceeds
55599,"Play'd foul play with our oaths: your beauty, ladies,",play,playing_period.n.01,(in games or plays or other performances) the time during which play proceeds
55714,"Our wooing doth not end like an old play,",play,play.v.03,play on an instrument
55719,That's too long for a play.,play,play.n.01,a dramatic work intended for performance by actors on a stage
55934,"Things that do sound so fair? I' the name of truth,",sound,sound.n.02,the subjective sensation of hearing something
56116,Let not light see my black and deep desires:,light,luminosity.n.01,the quality of being luminous; emitting or reflecting light
56148,"That wouldst thou holily, wouldst not play false,",play,play.n.08,activity by children that is guided more by imagination than by fixed rules
56262,"But here, upon this bank and shoal of time,",bank,bank.n.01,sloping land (especially the slope beside a body of water)
56360,"A heavy summons lies like lead upon me,",lead,lead.n.02,a soft heavy toxic malleable metallic element; bluish white when freshly cut but tarnishes readily to dull grey
56746,When living light should kiss it?,light,luminosity.n.01,the quality of being luminous; emitting or reflecting light
57015,"Which keeps me pale! Light thickens, and the crow",light,luminosity.n.01,the quality of being luminous; emitting or reflecting light
57036,"[Within]  Give us a light there, ho!",light,light.n.01,(physics) electromagnetic radiation that can produce a visual sensation
57044,"A light, a light!",light,light.n.01,(physics) electromagnetic radiation that can produce a visual sensation
57054,Who did strike out the light?,light,luminosity.n.01,the quality of being luminous; emitting or reflecting light
57067,And play the humble host.,play,playing_period.n.01,(in games or plays or other performances) the time during which play proceeds
57496,"I'll charm the air to give a sound,",sound,phone.n.02,(phonetics) an individual sound unit of speech without concern as to whether or not it is a phoneme of some language
57873,Which shall possess them with the heaviest sound,sound,fathom.v.02,measure the depth of (a body of water) with a sounding line
57908,"O, I could play the woman with mine eyes",play,playing_period.n.01,(in games or plays or other performances) the time during which play proceeds
57943,How came she by that light?,light,light.a.06,characterized by or emitting light
57944,"Why, it stood by her: she has light by her",light,light.a.06,characterized by or emitting light
58105,"And purge it to a sound and pristine health,",sound,phone.n.02,(phonetics) an individual sound unit of speech without concern as to whether or not it is a phoneme of some language
58181,"Told by an idiot, full of sound and fury,",sound,phone.n.02,(phonetics) an individual sound unit of speech without concern as to whether or not it is a phoneme of some language
58217,Lead our first battle: worthy Macduff and we,lead,lead.n.05,the angle between the direction a gun is aimed and the position of a moving target (correcting for the flight time of the missile)
58272,"Why should I play the Roman fool, and die",play,playing_period.n.01,(in games or plays or other performances) the time during which play proceeds
58404,"Not light them for themselves, for if our virtues",light,luminosity.n.01,the quality of being luminous; emitting or reflecting light
58448,Lead forth and bring you back in happiness!,lead,lead.n.01,an advantage held by a competitor in a race
58511,"art full of error, I am sound.",sound,phone.n.02,(phonetics) an individual sound unit of speech without concern as to whether or not it is a phoneme of some language
58512,"Nay, not as one would say, healthy, but so sound as",sound,phone.n.02,(phonetics) an individual sound unit of speech without concern as to whether or not it is a phoneme of some language
58643,"When she will play with reason and discourse,",play,maneuver.n.03,a deliberate coordinated movement requiring dexterity and skill
58752,Tongue far from heart--play with all virgins so:,play,playing_period.n.01,(in games or plays or other performances) the time during which play proceeds
59276,Let it not sound a thought upon your tongue,sound,phone.n.02,(phonetics) an individual sound unit of speech without concern as to whether or not it is a phoneme of some language
59358,"And try your penitence, if it be sound,",sound,phone.n.02,(phonetics) an individual sound unit of speech without concern as to whether or not it is a phoneme of some language
59414,"So play the foolish throngs with one that swoons,",play,playing_period.n.01,(in games or plays or other performances) the time during which play proceeds
60056,never bring them to light: would he were returned!,light,luminosity.n.01,the quality of being luminous; emitting or reflecting light
60074,the same kind! This would make mercy swear and play,play,playing_period.n.01,(in games or plays or other performances) the time during which play proceeds
60650,"With a light heart, trust not my holy order,",light,light.n.01,(physics) electromagnetic radiation that can produce a visual sensation
61011,"As there comes light from heaven and words from breath,",light,light.n.02,any device serving as a source of illumination
61071,"That's the way, for women are light at midnight.",light,luminosity.n.01,the quality of being luminous; emitting or reflecting light
61121,"I remember you, sir, by the sound of your voice: I",sound,sound.v.04,announce by means of a sound
61447,"A stage where every man must play a part,",play,act.v.03,play a role or part
61449,Let me play the fool:,play,playing_period.n.01,(in games or plays or other performances) the time during which play proceeds
61479,Thou shalt not know the sound of thine own tongue.,sound,phone.n.02,(phonetics) an individual sound unit of speech without concern as to whether or not it is a phoneme of some language
61589,"silver and lead, whereof who chooses his meaning",lead,lead.n.05,the angle between the direction a gun is aimed and the position of a moving target (correcting for the flight time of the missile)
61905,"Therefore, I pray you, lead me to the caskets",lead,lead.n.09,(baseball) the position taken by a base runner preparing to advance to the next base
61914,If Hercules and Lichas play at dice,play,play.v.15,"put (a card or piece) into play during a game, or act strategically as if in a card game"
62012,"to light, murder cannot be hid long, a man's son",light,light.n.01,(physics) electromagnetic radiation that can produce a visual sensation
62155,"pagan, most sweet Jew! if a Christian did not play",play,play.v.15,"put (a card or piece) into play during a game, or act strategically as if in a card game"
62254,Let not the sound of shallow foppery enter,sound,phone.n.02,(phonetics) an individual sound unit of speech without concern as to whether or not it is a phoneme of some language
62305,"When you shall please to play the thieves for wives,",play,gambling.n.01,the act of playing for stakes in the hope of winning (including the payment of a price for a chance to win a prize)
62325,"They in themselves, good-sooth, are too too light.",light,luminosity.n.01,the quality of being luminous; emitting or reflecting light
62331,"For the close night doth play the runaway,",play,playing_period.n.01,(in games or plays or other performances) the time during which play proceeds
62367,"This third, dull lead, with warning all as blunt,",lead,lead.n.02,a soft heavy toxic malleable metallic element; bluish white when freshly cut but tarnishes readily to dull grey
62376,Must give: for what? for lead? hazard for lead?,lead,lead.n.05,the angle between the direction a gun is aimed and the position of a moving target (correcting for the flight time of the missile)
62380,I'll then nor give nor hazard aught for lead.,lead,lead.n.05,the angle between the direction a gun is aimed and the position of a moving target (correcting for the flight time of the missile)
62408,Is't like that lead contains her? 'Twere damnation,lead,jumper_cable.n.01,a jumper that consists of a short piece of wire
62523,"To my heart's hope! Gold, silver, and base lead.",lead,lead.n.09,(baseball) the position taken by a base runner preparing to advance to the next base
62785,"Let music sound while he doth make his choice,",sound,sound.v.02,make a certain noise or sound
62848,"'Tween man and man: but thou, thou meagre lead,",lead,lead.n.02,a soft heavy toxic malleable metallic element; bluish white when freshly cut but tarnishes readily to dull grey
62961,We'll play with them the first boy for a thousand ducats.,play,gambling.n.01,the act of playing for stakes in the hope of winning (including the payment of a price for a chance to win a prize)
63260,How every fool can play upon the word! I think the,play,playing_period.n.01,(in games or plays or other performances) the time during which play proceeds
63294,"Why, if two gods should play some heavenly match",play,play.v.15,"put (a card or piece) into play during a game, or act strategically as if in a card game"
63351,"If you deny it, let the danger light",light,luminosity.n.01,the quality of being luminous; emitting or reflecting light
63561,"Hath been most sound: I charge you by the law,",sound,sound.n.01,the particular auditory effect produced by a given cause
63657,"As makes it light or heavy in the substance,",light,light.n.07,the visual effect of illumination on objects or scenes as created in pictures
63892,How sweet the moonlight sleeps upon this bank!,bank,bank.n.01,sloping land (especially the slope beside a body of water)
63915,"If they but hear perchance a trumpet sound,",sound,phone.n.02,(phonetics) an individual sound unit of speech without concern as to whether or not it is a phoneme of some language
63930,That light we see is burning in my hall.,light,light.n.01,(physics) electromagnetic radiation that can produce a visual sensation
63977,"Let me give light, but let me not be light,",light,luminosity.n.01,the quality of being luminous; emitting or reflecting light
63978,"For a light wife doth make a heavy husband,",light,lighter.n.02,a device for lighting or igniting fuel or charges or fires
64448,"Nay, pray you, lead the way.",lead,lead.n.04,a position of leadership (especially in the phrase `take the lead')
64753,"Or any kind of light,",light,luminosity.n.01,the quality of being luminous; emitting or reflecting light
64825,"his suit and lead him on with a fine-baited delay,",lead,lead.n.05,the angle between the direction a gun is aimed and the position of a moving target (correcting for the flight time of the missile)
64961,"to sound Falstaff. If I find her honest, I lose not",sound,phone.n.02,(phonetics) an individual sound unit of speech without concern as to whether or not it is a phoneme of some language
65489,"had you rather lead mine eyes, or eye your master's heels?",lead,run.v.23,cause something to pass or lead somewhere
66079,"No, Master Slender is let the boys leave to play.",play,playing_period.n.01,(in games or plays or other performances) the time during which play proceeds
66137,"preeches. Go your ways, and play, go.",play,maneuver.n.03,a deliberate coordinated movement requiring dexterity and skill
66252,"I hope not, I had as lief bear so much lead.",lead,leave.v.07,have as a result or residue
66438,Let the supposed fairies pinch him sound,sound,sound.n.01,the particular auditory effect produced by a given cause
66698,"see the light of our fairies. Remember, son Slender,",light,luminosity.n.01,the quality of being luminous; emitting or reflecting light
66707,"The night is dark, light and spirits will become it",light,luminosity.n.01,the quality of being luminous; emitting or reflecting light
66803,Sleep she as sound as careless infancy:,sound,phone.n.02,(phonetics) an individual sound unit of speech without concern as to whether or not it is a phoneme of some language
67146,"Making it momentany as a sound,",sound,phone.n.02,(phonetics) an individual sound unit of speech without concern as to whether or not it is a phoneme of some language
67267,"thought fit, through all Athens, to play in our",play,gambling.n.01,the act of playing for stakes in the hope of winning (including the payment of a price for a chance to win a prize)
67270,"First, good Peter Quince, say what the play treats",play,playing_period.n.01,(in games or plays or other performances) the time during which play proceeds
67273,"Marry, our play is, The most lamentable comedy, and",play,playing_period.n.01,(in games or plays or other performances) the time during which play proceeds
67287,"tyrant: I could play Ercles rarely, or a part to",play,act.v.03,play a role or part
67305,"Nay, faith, let me not play a woman, I have a beard coming.",play,play.v.02,act or have an effect in a specified way or with a specific effect or outcome
67306,"That's all one: you shall play it in a mask, and",play,play.v.15,"put (a card or piece) into play during a game, or act strategically as if in a card game"
67308,"An I may hide my face, let me play Thisby too, I'll",play,play.v.03,play on an instrument
67312,"No, no, you must play Pyramus: and, Flute, you Thisby.",play,maneuver.n.03,a deliberate coordinated movement requiring dexterity and skill
67316,"Robin Starveling, you must play Thisby's mother.",play,playing_period.n.01,(in games or plays or other performances) the time during which play proceeds
67321,"hope, here is a play fitted.",play,play.n.05,a state in which action is feasible
67325,"Let me play the lion too: I will roar, that I will",play,playing_period.n.01,(in games or plays or other performances) the time during which play proceeds
67339,"You can play no part but Pyramus, for Pyramus is a",play,act.v.03,play a role or part
67342,therefore you must needs play Pyramus.,play,playing_period.n.01,(in games or plays or other performances) the time during which play proceeds
67344,to play it in?,play,gambling.n.01,the act of playing for stakes in the hope of winning (including the payment of a price for a chance to win a prize)
67351,"then you will play bare-faced. But, masters, here",play,playing_period.n.01,(in games or plays or other performances) the time during which play proceeds
67358,"will draw a bill of properties, such as our play",play,play.v.15,"put (a card or piece) into play during a game, or act strategically as if in a card game"
67446,Didst thou not lead him through the glimmering night,lead,lead.n.04,a position of leadership (especially in the phrase `take the lead')
67628,"I know a bank where the wild thyme blows,",bank,bank.n.01,sloping land (especially the slope beside a body of water)
67695,For I upon this bank will rest my head.,bank,bank.n.05,a supply or stock held in reserve for future use (especially in emergencies)
67731,"And here the maiden, sleeping sound,",sound,sound.n.01,the particular auditory effect produced by a given cause
67814,"What, out of hearing? gone? no sound, no word?",sound,sound.n.02,the subjective sensation of hearing something
67867,Doth the moon shine that night we play our play?,play,playing_period.n.01,(in games or plays or other performances) the time during which play proceeds
67872,"chamber window, where we play, open, and the moon",play,playing_period.n.01,(in games or plays or other performances) the time during which play proceeds
67894,"What, a play toward! I'll be an auditor,",play,play.v.02,act or have an effect in a specified way or with a specific effect or outcome
67925,"I'll follow you, I'll lead you about a round,",lead,lead.n.01,an advantage held by a competitor in a race
67998,"And light them at the fiery glow-worm's eyes,",light,luminosity.n.01,the quality of being luminous; emitting or reflecting light
68025,"Come, wait upon him, lead him to my bower.",lead,run.v.23,cause something to pass or lead somewhere
68045,Were met together to rehearse a play,play,gambling.n.01,the act of playing for stakes in the hope of winning (including the payment of a price for a chance to win a prize)
68175,"Will even weigh, and both as light as tales.",light,light.n.02,any device serving as a source of illumination
68226,"Mine ear, I thank it, brought me to thy sound",sound,phone.n.02,(phonetics) an individual sound unit of speech without concern as to whether or not it is a phoneme of some language
68232,Than all you fiery oes and eyes of light.,light,luminosity.n.01,the quality of being luminous; emitting or reflecting light
68419,And lead these testy rivals so astray,lead,lead.n.05,the angle between the direction a gun is aimed and the position of a moving target (correcting for the flight time of the missile)
68424,"And from each other look thou lead them thus,",lead,lead.n.05,the angle between the direction a gun is aimed and the position of a moving target (correcting for the flight time of the missile)
68447,They willfully themselves exile from light,light,luminosity.n.01,the quality of being luminous; emitting or reflecting light
68459,I will lead them up and down:,lead,lead.n.05,the angle between the direction a gun is aimed and the position of a moving target (correcting for the flight time of the missile)
68461,"Goblin, lead them up and down.",lead,lead.n.05,the angle between the direction a gun is aimed and the position of a moving target (correcting for the flight time of the missile)
68491,"For if but once thou show me thy grey light,",light,luminosity.n.01,the quality of being luminous; emitting or reflecting light
68529,Sleep sound:,sound,phone.n.02,(phonetics) an individual sound unit of speech without concern as to whether or not it is a phoneme of some language
68640,"Sound, music! Come, my queen, take hands with me,",sound,phone.n.02,(phonetics) an individual sound unit of speech without concern as to whether or not it is a phoneme of some language
68782,"latter end of a play, before the duke:",play,gambling.n.01,the act of playing for stakes in the hope of winning (including the payment of a price for a chance to win a prize)
68791,"If he come not, then the play is marred: it goes",play,playing_period.n.01,(in games or plays or other performances) the time during which play proceeds
68824,"play is preferred. In any case, let Thisby have",play,play.n.05,a state in which action is feasible
68873,"What revels are in hand? Is there no play,",play,play.n.05,a state in which action is feasible
68903,"A play there is, my lord, some ten words long,",play,play.n.05,a state in which action is feasible
68904,"Which is as brief as I have known a play,",play,play.n.05,a state in which action is feasible
68906,"Which makes it tedious, for in all the play",play,playing_period.n.01,(in games or plays or other performances) the time during which play proceeds
68913,What are they that do play it?,play,play.n.08,activity by children that is guided more by imagination than by fixed rules
68917,"With this same play, against your nuptial.",play,playing_period.n.01,(in games or plays or other performances) the time during which play proceeds
68925,"I will hear that play,",play,play.n.08,activity by children that is guided more by imagination than by fixed rules
68971,"on a recorder, a sound, but not in government.",sound,phone.n.02,(phonetics) an individual sound unit of speech without concern as to whether or not it is a phoneme of some language
69097,"It appears, by his small light of discretion, that",light,light.a.03,of the military or industry; using (or being) relatively small or light arms or equipment
69153,"Tongue, lose thy light,",light,luminosity.n.01,the quality of being luminous; emitting or reflecting light
69165,her passion ends the play.,play,playing_period.n.01,(in games or plays or other performances) the time during which play proceeds
69206,"No epilogue, I pray you, for your play needs no",play,play.n.01,a dramatic work intended for performance by actors on a stage
69219,This palpable-gross play hath well beguiled,play,playing_period.n.01,(in games or plays or other performances) the time during which play proceeds
69246,"Through the house give gathering light,",light,luminosity.n.01,the quality of being luminous; emitting or reflecting light
69249,"Hop as light as bird from brier,",light,light.n.02,any device serving as a source of illumination
69440,Please it your grace lead on?,lead,run.v.23,cause something to pass or lead somewhere
69461,"with a sad brow? or do you play the flouting Jack,",play,playing_period.n.01,(in games or plays or other performances) the time during which play proceeds
69726,You may light on a husband that hath no beard.,light,light.n.01,(physics) electromagnetic radiation that can produce a visual sensation
69733,"sixpence in earnest of the bear-ward, and lead his",lead,lead.n.04,a position of leadership (especially in the phrase `take the lead')
69838,"Nay, if they lead to any ill, I will leave them at",lead,run.v.23,cause something to pass or lead somewhere
70515,"him, he hath a heart as sound as a bell and his",sound,phone.n.02,(phonetics) an individual sound unit of speech without concern as to whether or not it is a phoneme of some language
70831,"and the right wife, otherwise 'tis light, and not",light,luminosity.n.01,the quality of being luminous; emitting or reflecting light
70838,"Clap's into 'Light o' love,' that goes without a",light,light.n.01,(physics) electromagnetic radiation that can produce a visual sensation
70840,"Ye light o' love, with your heels! then, if your",light,luminosity.n.01,the quality of being luminous; emitting or reflecting light
71065,"Come, let us go. These things, come thus to light,",light,alight.v.01,"to come to rest, settle"
71213,The smallest twine may lead me.,lead,lead.n.04,a position of leadership (especially in the phrase `take the lead')
71528,"By this light, he changes more and more: I think",light,inner_light.n.01,a divine presence believed by Quakers to enlighten and guide the soul
71618,to light: who in the night overheard me confessing,light,luminosity.n.01,the quality of being luminous; emitting or reflecting light
71832,"Now, music, sound, and sing your solemn hymn.",sound,phone.n.02,(phonetics) an individual sound unit of speech without concern as to whether or not it is a phoneme of some language
71909,When he would play the noble beast in love.,play,playing_period.n.01,(in games or plays or other performances) the time during which play proceeds
71960,"Come, I will have thee, but, by this light, I take",light,light.a.06,characterized by or emitting light
71989,"First, of my word, therefore play, music. Prince,",play,play.n.02,a theatrical performance of a drama
72144,I thus would play and trifle with your reverence:,play,maneuver.n.03,a deliberate coordinated movement requiring dexterity and skill
72157,"Light, I say! light!",light,luminosity.n.01,the quality of being luminous; emitting or reflecting light
72168,"To lead their business: in which regard,",lead,spark_advance.n.01,the timing of ignition relative to the position of the piston in an internal-combustion engine
72173,"Lead to the Sagittary the raised search,",lead,lead.n.09,(baseball) the position taken by a base runner preparing to advance to the next base
72198,"Pray you, lead on. At every house I'll call,",lead,run.v.23,cause something to pass or lead somewhere
72528,"Light on the man! Come hither, gentle mistress:",light,luminosity.n.01,the quality of being luminous; emitting or reflecting light
72623,"For she is with me: no, when light-wing'd toys",light,unaccented.s.01,(used of vowels or syllables) pronounced with little or no stress
72764,Must bring this monstrous birth to the world's light.,light,luminosity.n.01,the quality of being luminous; emitting or reflecting light
72907,You rise to play and go to bed to work.,play,play.n.01,a dramatic work intended for performance by actors on a stage
72967,"oft, which now again you are most apt to play the",play,playing_period.n.01,(in games or plays or other performances) the time during which play proceeds
73327,"Holds his soul light, he dies upon his motion.",light,luminosity.n.01,the quality of being luminous; emitting or reflecting light
73362,"Assays to lead the way: if I once stir,",lead,lead.n.09,(baseball) the position taken by a base runner preparing to advance to the next base
73405,"Making it light to Cassio. Cassio, I love thee",light,luminosity.n.01,the quality of being luminous; emitting or reflecting light
73413,Lead him off.,lead,run.v.23,cause something to pass or lead somewhere
73495,And what's he then that says I play the villain?,play,playing_period.n.01,(in games or plays or other performances) the time during which play proceeds
73506,Even as her appetite shall play the god,play,playing_period.n.01,(in games or plays or other performances) the time during which play proceeds
73555,"Masters, play here, I will content your pains,",play,playing_period.n.01,(in games or plays or other performances) the time during which play proceeds
74006,And let him find it. Trifles light as air,light,light.n.02,any device serving as a source of illumination
74100,"Which lead directly to the door of truth,",lead,spark_advance.n.01,the timing of ignition relative to the position of the piston in an internal-combustion engine
74545,"Poor Cassio's smiles, gestures and light behavior,",light,easy.s.08,casual and unrestrained in sexual behavior
74578,I was the other day talking on the sea-bank with,bank,savings_bank.n.02,a container (usually with a slot in the top) for keeping money at home
74732,Are his wits safe? is he not light of brain?,light,luminosity.n.01,the quality of being luminous; emitting or reflecting light
74934,"Good friend, go to him, for, by this light of heaven,",light,light.s.14,designed for ease of movement or to carry little weight
75108,"No, by this heavenly light!",light,light.a.06,characterized by or emitting light
75109,"Nor I neither by this heavenly light,",light,light.a.06,characterized by or emitting light
75192,"O, help, ho! light! a surgeon!",light,light.n.01,(physics) electromagnetic radiation that can produce a visual sensation
75211,"Re-enter IAGO, with a light",light,light.n.01,(physics) electromagnetic radiation that can produce a visual sensation
75212,"Here's one comes in his shirt, with light and weapons.",light,light.s.03,(used of soil) loose and large-grained in consistency
75245,"Light, gentlemen, I'll bind it with my shirt.",light,luminosity.n.01,the quality of being luminous; emitting or reflecting light
75261,Lend me a light. Know we this face or no?,light,light.n.03,a particular perspective or aspect of a situation
75319,a light burning.,light,light.n.01,(physics) electromagnetic radiation that can produce a visual sensation
75327,"Put out the light, and then put out the light:",light,luminosity.n.01,the quality of being luminous; emitting or reflecting light
75329,"I can again thy former light restore,",light,light.n.01,(physics) electromagnetic radiation that can produce a visual sensation
75330,"Should I repent me: but once put out thy light,",light,luminosity.n.01,the quality of being luminous; emitting or reflecting light
75333,"That can thy light relume. When I have pluck'd the rose,",light,light.n.01,(physics) electromagnetic radiation that can produce a visual sensation
75618,"Hark, canst thou hear me? I will play the swan.",play,playing_period.n.01,(in games or plays or other performances) the time during which play proceeds
75781,"Waste it for you, like taper-light.",light,luminosity.n.01,the quality of being luminous; emitting or reflecting light
75799,In marriage-pleasures play-fellow:,play,play.v.15,"put (a card or piece) into play during a game, or act strategically as if in a card game"
75889,"Fair glass of light, I loved you, and could still,",light,luminosity.n.01,the quality of being luminous; emitting or reflecting light
75953,Will shun no course to keep them from the light.,light,luminosity.n.01,the quality of being luminous; emitting or reflecting light
76122,Day serves not light more faithful than I'll be.,light,light.a.14,"(physics, chemistry) not having atomic weight greater than average"
76157,"He would depart, I'll give some light unto you.",light,luminosity.n.01,the quality of being luminous; emitting or reflecting light
76196,Our tongues and sorrows do sound deep,sound,heavy.s.20,(of sleep) deep and complete
76406,"For them to play upon, entreats you pity him:",play,gambling.n.01,the act of playing for stakes in the hope of winning (including the payment of a price for a chance to win a prize)
76631,"The which hath fire in darkness, none in light:",light,luminosity.n.01,the quality of being luminous; emitting or reflecting light
76653,"Which make a sound, but kill'd are wonder'd at.",sound,sound.v.02,make a certain noise or sound
76796,Or never more to view nor day nor light.,light,luminosity.n.01,the quality of being luminous; emitting or reflecting light
76922,"And every one with claps can sound,",sound,phone.n.02,(phonetics) an individual sound unit of speech without concern as to whether or not it is a phoneme of some language
77013,"No light, no fire: the unfriendly elements",light,luminosity.n.01,the quality of being luminous; emitting or reflecting light
77150,"Cause it to sound, beseech you.",sound,phone.n.02,(phonetics) an individual sound unit of speech without concern as to whether or not it is a phoneme of some language
77277,"The cambric, which she made more sound",sound,sound.n.01,the particular auditory effect produced by a given cause
77501,"You are light into my hands, where you are like to live.",light,luminosity.n.01,the quality of being luminous; emitting or reflecting light
77596,"Unless you play the pious innocent,",play,playing_period.n.01,(in games or plays or other performances) the time during which play proceeds
77598,'She died by foul play.',play,play.n.01,a dramatic work intended for performance by actors on a stage
77691,"By Lady Fortune, while our scene must play",play,play.n.01,a dramatic work intended for performance by actors on a stage
77732,resorters stand upon sound legs. How now!,sound,phone.n.02,(phonetics) an individual sound unit of speech without concern as to whether or not it is a phoneme of some language
78381,"To hear the rest untold: sir, lead's the way.",lead,lead.n.09,(baseball) the position taken by a base runner preparing to advance to the next base
78401,New joy wait on you! Here our play has ending.,play,play.v.03,play on an instrument
78488,"And when I mount, alive may I not light,",light,luminosity.n.01,the quality of being luminous; emitting or reflecting light
78600,"Or sound so base a parle, my teeth shall tear",sound,phone.n.02,(phonetics) an individual sound unit of speech without concern as to whether or not it is a phoneme of some language
78701,"The trumpets sound, and KING RICHARD enters with  his nobles, JOHN OF GAUNT, BUSHY, BAGOT, GREEN, and  others. When they are set, enter THOMAS MOWBRAY in arms, defendant, with a Herald",sound,fathom.v.02,measure the depth of (a body of water) with a sounding line
78721,"The trumpets sound. Enter HENRY BOLINGBROKE, appellant, in armour, with a Herald",sound,fathom.v.02,measure the depth of (a body of water) with a sounding line
78813,"Sound, trumpets, and set forward, combatants.",sound,phone.n.02,(phonetics) an individual sound unit of speech without concern as to whether or not it is a phoneme of some language
78818,Withdraw with us: and let the trumpets sound,sound,fathom.v.02,measure the depth of (a body of water) with a sounding line
78874,"Then thus I turn me from my country's light,",light,luminosity.n.01,the quality of being luminous; emitting or reflecting light
78922,My oil-dried lamp and time-bewasted light,light,luminosity.n.01,the quality of being luminous; emitting or reflecting light
78995,The man that mocks at it and sets it light.,light,luminosity.n.01,the quality of being luminous; emitting or reflecting light
79058,"And liberal largess, are grown somewhat light,",light,luminosity.n.01,the quality of being luminous; emitting or reflecting light
79103,"Lascivious metres, to whose venom sound",sound,phone.n.02,(phonetics) an individual sound unit of speech without concern as to whether or not it is a phoneme of some language
79122,"Light vanity, insatiate cormorant,",light,luminosity.n.01,the quality of being luminous; emitting or reflecting light
79169,Can sick men play so nicely with their names?,play,playing_period.n.01,(in games or plays or other performances) the time during which play proceeds
79853,"And darts his light through every guilty hole,",light,luminosity.n.01,the quality of being luminous; emitting or reflecting light
80010,"I play the torturer, by small and small",play,playing_period.n.01,(in games or plays or other performances) the time during which play proceeds
80017,"Beshrew thee, cousin, which didst lead me forth",lead,lead.n.07,(sports) the score by which a team or individual is winning
80206,"Or shall we play the wantons with our woes,",play,playing_period.n.01,(in games or plays or other performances) the time during which play proceeds
80264,"Madam, we'll play at bowls.",play,playing_period.n.01,(in games or plays or other performances) the time during which play proceeds
80342,How dares thy harsh rude tongue sound this unpleasing news?,sound,phone.n.02,(phonetics) an individual sound unit of speech without concern as to whether or not it is a phoneme of some language
80354,"And some few vanities that make him light,",light,light.n.01,(physics) electromagnetic radiation that can produce a visual sensation
80360,"Nimble mischance, that art so light of foot,",light,luminosity.n.01,the quality of being luminous; emitting or reflecting light
80374,"I'll set a bank of rue, sour herb of grace:",bank,bank.n.01,sloping land (especially the slope beside a body of water)
81065,"This fester'd joint cut off, the rest rest sound,",sound,sound.v.03,give off a certain sound or sounds
81182,"Thus play I in one person many people,",play,play.v.15,"put (a card or piece) into play during a game, or act strategically as if in a card game"
81207,"Now sir, the sound that tells what hour it is",sound,phone.n.02,(phonetics) an individual sound unit of speech without concern as to whether or not it is a phoneme of some language
81213,"This music mads me, let it sound no more,",sound,phone.n.02,(phonetics) an individual sound unit of speech without concern as to whether or not it is a phoneme of some language
81330,And never show thy head by day nor light.,light,inner_light.n.01,a divine presence believed by Quakers to enlighten and guide the soul
81536,"Prodigious, and untimely brought to light,",light,inner_light.n.01,a divine presence believed by Quakers to enlighten and guide the soul
82152,"And seem a saint, when most I play the devil.",play,play.n.17,the act using a sword (or other weapon) vigorously and skillfully
82911,"The trumpets sound. Enter the young PRINCE EDWARD, GLOUCESTER, BUCKINGHAM, CARDINAL, CATESBY, and others",sound,sound.n.01,the particular auditory effect produced by a given cause
83035,"A gentle cousin, were it light enough.",light,light.n.01,(physics) electromagnetic radiation that can produce a visual sensation
83036,"O, then, I see, you will part but with light gifts,",light,luminosity.n.01,the quality of being luminous; emitting or reflecting light
83089,"And, as it were far off sound thou Lord Hastings,",sound,phone.n.02,(phonetics) an individual sound unit of speech without concern as to whether or not it is a phoneme of some language
83408,"Come, lead me to the block, bear him my head.",lead,lead.n.09,(baseball) the position taken by a base runner preparing to advance to the next base
83510,"Fear not, my lord, I'll play the orator",play,playing_period.n.01,(in games or plays or other performances) the time during which play proceeds
83598,"Play the maid's part, still answer nay, and take it.",play,playing_period.n.01,(in games or plays or other performances) the time during which play proceeds
83934,"O Buckingham, now do I play the touch,",play,playing_period.n.01,(in games or plays or other performances) the time during which play proceeds
84027,The late demand that you did sound me in.,sound,sound.n.01,the particular auditory effect produced by a given cause
84210,"And the beholders of this tragic play,",play,playing_period.n.01,(in games or plays or other performances) the time during which play proceeds
84488,"And lead thy daughter to a conqueror's bed,",lead,lead.n.02,a soft heavy toxic malleable metallic element; bluish white when freshly cut but tarnishes readily to dull grey
84562,"Day, yield me not thy light, nor, night, thy rest!",light,luminosity.n.01,the quality of being luminous; emitting or reflecting light
84603,Some light-foot friend post to the Duke of Norfolk:,light,luminosity.n.01,the quality of being luminous; emitting or reflecting light
84821,Call for some men of sound direction,sound,phone.n.02,(phonetics) an individual sound unit of speech without concern as to whether or not it is a phoneme of some language
84879,"Look that my staves be sound, and not too heavy.",sound,phone.n.02,(phonetics) an individual sound unit of speech without concern as to whether or not it is a phoneme of some language
85074,"Under our tents I'll play the eaves-dropper,",play,playing_period.n.01,(in games or plays or other performances) the time during which play proceeds
85125,"Sound drums and trumpets boldly and cheerfully,",sound,phone.n.02,(phonetics) an individual sound unit of speech without concern as to whether or not it is a phoneme of some language
85152,"I will lead forth my soldiers to the plain,",lead,lead.n.09,(baseball) the position taken by a base runner preparing to advance to the next base
85187,"And who doth lead them but a paltry fellow,",lead,lead.n.02,a soft heavy toxic malleable metallic element; bluish white when freshly cut but tarnishes readily to dull grey
85438,"Away from the light steals home my heavy son,",light,luminosity.n.01,the quality of being luminous; emitting or reflecting light
85485,"Feather of lead, bright smoke, cold fire,",lead,lead.n.04,a position of leadership (especially in the phrase `take the lead')
85577,Earth-treading stars that make dark heaven light:,light,light.n.01,(physics) electromagnetic radiation that can produce a visual sensation
85791,"Being but heavy, I will bear the light.",light,luminosity.n.01,the quality of being luminous; emitting or reflecting light
85794,With nimble soles: I have a soul of lead,lead,lead.n.15,mixture of graphite with clay in different degrees of hardness; the marking substance in a pencil
85799,"To soar with his light feathers, and so bound,",light,inner_light.n.01,a divine presence believed by Quakers to enlighten and guide the soul
85814,A torch for me: let wantons light of heart,light,light.n.02,any device serving as a source of illumination
85927,"You are welcome, gentlemen! come, musicians, play.",play,playing_period.n.01,(in games or plays or other performances) the time during which play proceeds
85930,"More light, you knaves, and turn the tables up,",light,luminosity.n.01,the quality of being luminous; emitting or reflecting light
85996,"Be quiet, or--More light, more light! For shame!",light,luminosity.n.01,the quality of being luminous; emitting or reflecting light
86135,"But, soft! what light through yonder window breaks?",light,luminosity.n.01,the quality of being luminous; emitting or reflecting light
86196,"Of that tongue's utterance, yet I know the sound:",sound,sound.n.02,the subjective sensation of hearing something
86203,"With love's light wings did I o'er-perch these walls,",light,luminosity.n.01,the quality of being luminous; emitting or reflecting light
86236,And therefore thou mayst think my 'havior light:,light,luminosity.n.01,the quality of being luminous; emitting or reflecting light
86242,"And not impute this yielding to light love,",light,inner_light.n.01,a divine presence believed by Quakers to enlighten and guide the soul
86301,"A thousand times the worse, to want thy light.",light,inner_light.n.01,a divine presence believed by Quakers to enlighten and guide the soul
86314,"How silver-sweet sound lovers' tongues by night,",sound,sound.v.04,announce by means of a sound
86349,"Chequering the eastern clouds with streaks of light,",light,luminosity.n.01,the quality of being luminous; emitting or reflecting light
86610,"but first let me tell ye, if ye should lead her into",lead,lead.n.02,a soft heavy toxic malleable metallic element; bluish white when freshly cut but tarnishes readily to dull grey
86682,"Unwieldy, slow, heavy and pale as lead.",lead,lead.n.02,a soft heavy toxic malleable metallic element; bluish white when freshly cut but tarnishes readily to dull grey
86767,"Here comes the lady: O, so light a foot",light,luminosity.n.01,the quality of being luminous; emitting or reflecting light
86771,"And yet not fall, so light is vanity.",light,luminosity.n.01,the quality of being luminous; emitting or reflecting light
87083,"Then, dreadful trumpet, sound the general doom!",sound,sound.n.01,the particular auditory effect produced by a given cause
87144,"In that word's death, no words can that woe sound.",sound,phone.n.02,(phonetics) an individual sound unit of speech without concern as to whether or not it is a phoneme of some language
87388,"Farewell, my lord. Light to my chamber, ho!",light,luminosity.n.01,the quality of being luminous; emitting or reflecting light
87406,"Yon light is not day-light, I know it, I:",light,luminosity.n.01,the quality of being luminous; emitting or reflecting light
87409,And light thee on thy way to Mantua:,light,inner_light.n.01,a divine presence believed by Quakers to enlighten and guide the soul
87429,"O, now be gone, more light and light it grows.",light,luminosity.n.01,the quality of being luminous; emitting or reflecting light
87430,"More light and light, more dark and dark our woes!",light,luminosity.n.01,the quality of being luminous; emitting or reflecting light
87586,"Day, night, hour, tide, time, work, play,",play,playing_period.n.01,(in games or plays or other performances) the time during which play proceeds
87728,"Shall play the umpire, arbitrating that",play,playing_period.n.01,(in games or plays or other performances) the time during which play proceeds
87842,"I'll play the housewife for this once. What, ho!",play,playing_period.n.01,(in games or plays or other performances) the time during which play proceeds
87845,"Against to-morrow: my heart is wondrous light,",light,luminosity.n.01,the quality of being luminous; emitting or reflecting light
87904,And madly play with my forefather's joints?,play,maneuver.n.03,a deliberate coordinated movement requiring dexterity and skill
87963,"Marry, and amen, how sound is she asleep!",sound,phone.n.02,(phonetics) an individual sound unit of speech without concern as to whether or not it is a phoneme of some language
88066,"ease:' O, an you will have me live, play 'Heart's ease.'",play,play.v.02,act or have an effect in a specified way or with a specific effect or outcome
88069,"heart is full of woe:' O, play me some merry dump,",play,play.n.02,a theatrical performance of a drama
88071,"Not a dump we, 'tis no time to play now.",play,playing_period.n.01,(in games or plays or other performances) the time during which play proceeds
88090,why 'silver sound'? why 'music with her silver,sound,phone.n.02,(phonetics) an individual sound unit of speech without concern as to whether or not it is a phoneme of some language
88091,"sound'? What say you, Simon Catling?",sound,phone.n.02,(phonetics) an individual sound unit of speech without concern as to whether or not it is a phoneme of some language
88092,"Marry, sir, because silver hath a sweet sound.",sound,phone.n.02,(phonetics) an individual sound unit of speech without concern as to whether or not it is a phoneme of some language
88094,"I say 'silver sound,' because musicians sound for silver.",sound,phone.n.02,(phonetics) an individual sound unit of speech without concern as to whether or not it is a phoneme of some language
88098,"for you. It is 'music with her silver sound,'",sound,phone.n.02,(phonetics) an individual sound unit of speech without concern as to whether or not it is a phoneme of some language
88100,'Then music with her silver sound,sound,phone.n.02,(phonetics) an individual sound unit of speech without concern as to whether or not it is a phoneme of some language
88269,"Give me the light: upon thy life, I charge thee,",light,luminosity.n.01,the quality of being luminous; emitting or reflecting light
88338,This vault a feasting presence full of light.,light,light.n.02,any device serving as a source of illumination
88382,"What torch is yond, that vainly lends his light",light,light.n.01,(physics) electromagnetic radiation that can produce a visual sensation
88438,"[Within]  Lead, boy: which way?",lead,lead.n.07,(sports) the score by which a team or individual is winning
88501,"And lead you even to death: meantime forbear,",lead,run.v.23,cause something to pass or lead somewhere
88564,"Anon comes one with light to ope the tomb,",light,luminosity.n.01,the quality of being luminous; emitting or reflecting light
88647,"To make a dulcet and a heavenly sound,",sound,phone.n.02,(phonetics) an individual sound unit of speech without concern as to whether or not it is a phoneme of some language
88665,"My lord, I warrant you we will play our part,",play,act.v.03,play a role or part
88695,There is a lord will hear you play to-night:,play,play.n.05,a state in which action is feasible
88799,Even as the waving sedges play with wind.,play,playing_period.n.01,(in games or plays or other performances) the time during which play proceeds
88879,"Are come to play a pleasant comedy,",play,gambling.n.01,the act of playing for stakes in the hope of winning (including the payment of a price for a chance to win a prize)
88883,Therefore they thought it good you hear a play,play,act.v.03,play a role or part
88886,"Marry, I will, let them play it. Is not a",play,play.n.05,a state in which action is feasible
89011,"sweet Bianca, if I can by any means light on a fit",light,light.n.01,(physics) electromagnetic radiation that can produce a visual sensation
89029,"fellows in the world, an a man could light on them,",light,light.n.07,the visual effect of illumination on objects or scenes as created in pictures
89065,"The rest will comfort, for thy counsel's sound.",sound,sound.n.01,the particular auditory effect produced by a given cause
89157,"My lord, you nod, you do not mind the play.",play,playing_period.n.01,(in games or plays or other performances) the time during which play proceeds
89495,And for your love to her lead apes in hell.,lead,lead.n.05,the angle between the direction a gun is aimed and the position of a moving target (correcting for the flight time of the missile)
89576,"Sirrah, lead these gentlemen",lead,run.v.23,cause something to pass or lead somewhere
89680,"Too light for such a swain as you to catch,",light,light.n.02,any device serving as a source of illumination
89752,"For, by this light, whereby I see thy beauty,",light,light.a.06,characterized by or emitting light
89808,"Faith, gentlemen, now I play a merchant's part,",play,act.v.03,play a role or part
89923,"Take you your instrument, play you the whiles,",play,playing_period.n.01,(in games or plays or other performances) the time during which play proceeds
90190,"Hark, hark! I hear the minstrels play.",play,playing_period.n.01,(in games or plays or other performances) the time during which play proceeds
90405,"Sound, sound, sound, sound!",sound,phone.n.02,(phonetics) an individual sound unit of speech without concern as to whether or not it is a phoneme of some language
90904,"Signior Baptista, shall I lead the way?",lead,lead.n.04,a position of leadership (especially in the phrase `take the lead')
91098,am undone! I am undone! while I play the good,play,playing_period.n.01,(in games or plays or other performances) the time during which play proceeds
91167,"And I, to sound the depth of this knavery.",sound,phone.n.02,(phonetics) an individual sound unit of speech without concern as to whether or not it is a phoneme of some language
91416,Play the men.,play,playing_period.n.01,(in games or plays or other performances) the time during which play proceeds
91555,"What foul play had we, that we came from thence?",play,play.n.08,activity by children that is guided more by imagination than by fixed rules
91558,"By foul play, as thou say'st, were we heaved thence,",play,play.v.15,"put (a card or piece) into play during a game, or act strategically as if in a card game"
91884,"To name the bigger light, and how the less,",light,inner_light.n.01,a divine presence believed by Quakers to enlighten and guide the soul
91889,"Of Sycorax, toads, beetles, bats, light on you!",light,luminosity.n.01,the quality of being luminous; emitting or reflecting light
91949,"Some god o' the island. Sitting on a bank,",bank,bank.n.06,the funds held by a gambling house or the dealer in some gambling games
91967,"This is no mortal business, nor no sound",sound,phone.n.02,(phonetics) an individual sound unit of speech without concern as to whether or not it is a phoneme of some language
92026,"I must uneasy make, lest too light winning",light,luminosity.n.01,the quality of being luminous; emitting or reflecting light
92027,Make the prize light.,light,luminosity.n.01,the quality of being luminous; emitting or reflecting light
92078,"To whom I am subdued, are but light to me,",light,luminosity.n.01,the quality of being luminous; emitting or reflecting light
92470,"Lead off this ground, and let's make further search",lead,lead.n.05,the angle between the direction a gun is aimed and the position of a moving target (correcting for the flight time of the missile)
92474,Lead away.,lead,run.v.23,cause something to pass or lead somewhere
92485,"Nor lead me, like a firebrand, in the dark",lead,lead.n.04,a position of leadership (especially in the phrase `take the lead')
92630,"By this good light, this is a very shallow monster!",light,light.n.08,a person regarded very fondly
92636,"By this light, a most perfidious and drunken",light,inner_light.n.01,a divine presence believed by Quakers to enlighten and guide the soul
92658,"I prithee now, lead the way without any more",lead,lead.n.04,a position of leadership (especially in the phrase `take the lead')
92674,O brave monster! Lead the way.,lead,lead.n.04,a position of leadership (especially in the phrase `take the lead')
92759,"O heaven, O earth, bear witness to this sound",sound,phone.n.02,(phonetics) an individual sound unit of speech without concern as to whether or not it is a phoneme of some language
92812,"and on. By this light, thou shalt be my lieutenant,",light,inner_light.n.01,a divine presence believed by Quakers to enlighten and guide the soul
92948,"The sound is going away, let's follow it, and",sound,phone.n.02,(phonetics) an individual sound unit of speech without concern as to whether or not it is a phoneme of some language
92950,"Lead, monster, we'll follow. I would I could see",lead,run.v.23,cause something to pass or lead somewhere
93004,"Such shapes, such gesture and such sound, expressing,",sound,phone.n.02,(phonetics) an individual sound unit of speech without concern as to whether or not it is a phoneme of some language
93119,As Hymen's lamps shall light you.,light,light.n.02,any device serving as a source of illumination
93209,Swears he will shoot no more but play with sparrows,play,play.n.08,activity by children that is guided more by imagination than by fixed rules
93465,And deeper than did ever plummet sound,sound,phone.n.02,(phonetics) an individual sound unit of speech without concern as to whether or not it is a phoneme of some language
93599,"Sweet lord, you play me false.",play,playing_period.n.01,(in games or plays or other performances) the time during which play proceeds
93603,"And I would call it, fair play.",play,maneuver.n.03,a deliberate coordinated movement requiring dexterity and skill
93619,What is this maid with whom thou wast at play?,play,play.n.05,a state in which action is feasible
93633,"But, O, how oddly will it sound that I",sound,phone.n.02,(phonetics) an individual sound unit of speech without concern as to whether or not it is a phoneme of some language
93918,"Trumpets sound. Enter TIMON, addressing himself  courteously to every suitor, a Messenger from  VENTIDIUS talking with him, LUCILIUS and other servants following",sound,phone.n.02,(phonetics) an individual sound unit of speech without concern as to whether or not it is a phoneme of some language
94146,"If our betters play at that game, we must not dare",play,play.v.15,"put (a card or piece) into play during a game, or act strategically as if in a card game"
94398,"Methinks, false hearts should never have sound legs,",sound,phone.n.02,(phonetics) an individual sound unit of speech without concern as to whether or not it is a phoneme of some language
95268,"trumpet's sound, we shall to 't presently.",sound,phone.n.02,(phonetics) an individual sound unit of speech without concern as to whether or not it is a phoneme of some language
95538,"As the moon does, by wanting light to give:",light,inner_light.n.01,a divine presence believed by Quakers to enlighten and guide the soul
95637,"Nor sound his quillets shrilly: hoar the flamen,",sound,sound.n.01,the particular auditory effect produced by a given cause
95854,company light upon thee! I will fear to catch it,light,luminosity.n.01,the quality of being luminous; emitting or reflecting light
95882,Lie where the light foam the sea may beat,light,luminosity.n.01,the quality of being luminous; emitting or reflecting light
96105,Find what thou want'st by free and offer'd light. Come.,light,inner_light.n.01,a divine presence believed by Quakers to enlighten and guide the soul
96228,"Play the recanter, feeling in itself",play,playing_period.n.01,(in games or plays or other performances) the time during which play proceeds
96359,Trumpets sound. Enter ALCIBIADES with his powers,sound,phone.n.02,(phonetics) an individual sound unit of speech without concern as to whether or not it is a phoneme of some language
96360,Sound to this coward and lascivious town,sound,phone.n.02,(phonetics) an individual sound unit of speech without concern as to whether or not it is a phoneme of some language
96822,I lead espoused my bride along with me.,lead,lead.n.15,mixture of graphite with clay in different degrees of hardness; the marking substance in a pencil
97516,An if thy stumps will let thee play the scribe.,play,playing_period.n.01,(in games or plays or other performances) the time during which play proceeds
98157,"Here's no sound jest! the old man hath found their guilt,",sound,sound.n.01,the particular auditory effect produced by a given cause
98180,Trumpets sound within,sound,phone.n.02,(phonetics) an individual sound unit of speech without concern as to whether or not it is a phoneme of some language
98261,He is enfranchised and come to light:,light,inner_light.n.01,a divine presence believed by Quakers to enlighten and guide the soul
98331,"Go sound the ocean, and cast your nets,",sound,sound.n.01,the particular auditory effect produced by a given cause
98783,"Come down, and welcome me to this world's light,",light,inner_light.n.01,a divine presence believed by Quakers to enlighten and guide the soul
98965,"So, now bring them in, for I'll play the cook,",play,gambling.n.01,the act of playing for stakes in the hope of winning (including the payment of a price for a chance to win a prize)
98997,Hautboys sound. The Company sit down at table,sound,sound.n.01,the particular auditory effect produced by a given cause
99218,"To tell you, fair beholders, that our play",play,bid.n.02,an attempt to get something
99221,To what may be digested in a play.,play,play.v.12,pretend to be somebody in the framework of a game or playful activity
99261,"I have, as when the sun doth light a storm,",light,light.n.02,any device serving as a source of illumination
99356,"Before the sun rose he was harness'd light,",light,luminosity.n.01,the quality of being luminous; emitting or reflecting light
99652,Infect the sound pine and divert his grain,sound,sound.n.01,the particular auditory effect produced by a given cause
99672,"Puffing at all, winnows the light away,",light,luminosity.n.01,the quality of being luminous; emitting or reflecting light
99802,To hear the wooden dialogue and sound,sound,phone.n.02,(phonetics) an individual sound unit of speech without concern as to whether or not it is a phoneme of some language
99812,"Now play me Nestor, hem, and stroke thy beard,",play,maneuver.n.03,a deliberate coordinated movement requiring dexterity and skill
99817,"'Tis Nestor right. Now play him me, Patroclus,",play,playing_period.n.01,(in games or plays or other performances) the time during which play proceeds
99960,"To our pavilion shall I lead you, sir.",lead,run.v.23,cause something to pass or lead somewhere
100689,"Light boats sail swift, though greater hulks draw deep.",light,luminosity.n.01,the quality of being luminous; emitting or reflecting light
100714,Who play they to?,play,bid.n.02,an attempt to get something
100722,do these men play?,play,playing_period.n.01,(in games or plays or other performances) the time during which play proceeds
100971,"If I confess much, you will play the tyrant.",play,playing_period.n.01,(in games or plays or other performances) the time during which play proceeds
101124,Than if not look'd on. I will lead the way.,lead,lead.n.04,a position of leadership (especially in the phrase `take the lead')
101213,Whiles others play the idiots in her eyes!,play,playing_period.n.01,(in games or plays or other performances) the time during which play proceeds
101292,"When fame shall in our islands sound her trump,",sound,phone.n.02,(phonetics) an individual sound unit of speech without concern as to whether or not it is a phoneme of some language
101419,"By Jove, I'll play the hunter for thy life",play,play.n.01,a dramatic work intended for performance by actors on a stage
101457,"Even in the soul of sound good-fellowship,",sound,sound.n.02,the subjective sensation of hearing something
101725,"Nor play at subtle games, fair virtues all,",play,playing_period.n.01,(in games or plays or other performances) the time during which play proceeds
102495,Ho! bid my trumpet sound!,sound,phone.n.02,(phonetics) an individual sound unit of speech without concern as to whether or not it is a phoneme of some language
102528,"O,'tis fair play.",play,playing_period.n.01,(in games or plays or other performances) the time during which play proceeds
102529,"Fool's play, by heaven, Hector.",play,play.n.01,a dramatic work intended for performance by actors on a stage
102815,"The Trojan trumpets sound the like, my lord.",sound,sound.n.01,the particular auditory effect produced by a given cause
102905,"If music be the food of love, play on,",play,play.v.12,pretend to be somebody in the framework of a game or playful activity
102909,"O, it came o'er my ear like the sweet sound,",sound,phone.n.02,(phonetics) an individual sound unit of speech without concern as to whether or not it is a phoneme of some language
102910,"That breathes upon a bank of violets,",bank,bank.n.01,sloping land (especially the slope beside a body of water)
103017,I thank thee: lead me on.,lead,run.v.23,cause something to pass or lead somewhere
103187,"Is as the maiden's organ, shrill and sound,",sound,phone.n.02,(phonetics) an individual sound unit of speech without concern as to whether or not it is a phoneme of some language
103385,"of malice I swear, I am not that I play. Are you",play,play.n.02,a theatrical performance of a drama
103437,If you will lead these graces to the grave,lead,lead.n.09,(baseball) the position taken by a base runner preparing to advance to the next base
103807,More than light airs and recollected terms,light,luminosity.n.01,the quality of being luminous; emitting or reflecting light
103814,"Seek him out, and play the tune the while.",play,playing_period.n.01,(in games or plays or other performances) the time during which play proceeds
104001,"up watch, or play with my--some rich jewel. Toby",play,playing_period.n.01,(in games or plays or other performances) the time during which play proceeds
104129,"Shall I play my freedom at traytrip, and become thy",play,maneuver.n.03,a deliberate coordinated movement requiring dexterity and skill
104200,"I would play Lord Pandarus of Phrygia, sir, to bring",play,gambling.n.01,the act of playing for stakes in the hope of winning (including the payment of a price for a chance to win a prize)
104209,"This fellow is wise enough to play the fool,",play,playing_period.n.01,(in games or plays or other performances) the time during which play proceeds
104453,Haply your eye shall light upon some toy,light,luminosity.n.01,the quality of being luminous; emitting or reflecting light
104580,gravity to play at cherry-pit with Satan: hang,play,fun.n.02,verbal wit or mockery (often at another's expense but not to be taken seriously)
104845,Lead me on.,lead,run.v.23,cause something to pass or lead somewhere
105045,"Good fool, help me to some light and some paper: I",light,inner_light.n.01,a divine presence believed by Quakers to enlighten and guide the soul
105049,"light, and convey what I will set down to my lady:",light,inner_light.n.01,a divine presence believed by Quakers to enlighten and guide the soul
105056,brains. I will fetch you light and paper and ink.,light,luminosity.n.01,the quality of being luminous; emitting or reflecting light
105109,"Then lead the way, good father, and heavens so shine,",lead,lead.n.05,the angle between the direction a gun is aimed and the position of a moving target (correcting for the flight time of the missile)
105148,"Primo, secundo, tertio, is a good play, and the old",play,play.n.17,the act using a sword (or other weapon) vigorously and skillfully
105547,"But that's all one, our play is done,",play,play.n.08,activity by children that is guided more by imagination than by fixed rules
105790,Best sing it to the tune of 'Light o' love.',light,luminosity.n.01,the quality of being luminous; emitting or reflecting light
105791,It is too heavy for so light a tune.,light,lighter.n.02,a device for lighting or igniting fuel or charges or fires
106430,"And that hath dazzled my reason's light,",light,light.n.01,(physics) electromagnetic radiation that can produce a visual sensation
106680,That I had any light from thee of this.,light,light.n.02,any device serving as a source of illumination
106762,"It will be light, my lord, that you may bear it",light,light.n.01,(physics) electromagnetic radiation that can produce a visual sensation
106810,"What light is light, if Silvia be not seen?",light,luminosity.n.01,the quality of being luminous; emitting or reflecting light
107268,You would have them always play but one thing?,play,playing_period.n.01,(in games or plays or other performances) the time during which play proceeds
107269,I would always have one play but one thing.,play,playing_period.n.01,(in games or plays or other performances) the time during which play proceeds
107403,"When a man's servant shall play the cur with him,",play,playing_period.n.01,(in games or plays or other performances) the time during which play proceeds
107569,"Our youth got me to play the woman's part,",play,playing_period.n.01,(in games or plays or other performances) the time during which play proceeds
107575,For I did play a lamentable part:,play,act.v.03,play a role or part
108055,Of my young play-fellow.,play,play.n.02,a theatrical performance of a drama
108185,"Go, play, boy, play: thy mother plays, and I",play,playing_period.n.01,(in games or plays or other performances) the time during which play proceeds
108186,"Play too, but so disgraced a part, whose issue",play,act.v.03,play a role or part
108188,"Will be my knell. Go, play, boy, play.",play,playing_period.n.01,(in games or plays or other performances) the time during which play proceeds
108210,"Go play, Mamillius, thou'rt an honest man.",play,play.v.03,play on an instrument
108572,For them to play at will. How came the posterns,play,gambling.n.01,the act of playing for stakes in the hope of winning (including the payment of a price for a chance to win a prize)
108943,"I am none, by this good light.",light,light.a.06,characterized by or emitting light
108953,As ever oak or stone was sound.,sound,phone.n.02,(phonetics) an individual sound unit of speech without concern as to whether or not it is a phoneme of some language
109028,Lead on to some foul issue: we all kneel.,lead,run.v.23,cause something to pass or lead somewhere
109397,I daily vow to use it. Come and lead me,lead,run.v.23,cause something to pass or lead somewhere
109929,"No, like a bank for love to lie and play on,",bank,depository_financial_institution.n.01,a financial institution that accepts deposits and channels the money into lending activities
109929,"No, like a bank for love to lie and play on,",play,play.n.01,a dramatic work intended for performance by actors on a stage
109932,Methinks I play as I have seen them do,play,play.v.15,"put (a card or piece) into play during a game, or act strategically as if in a card game"
109987,"Do light upon her, she shall bring him that",light,light.n.01,(physics) electromagnetic radiation that can produce a visual sensation
110201,This shows a sound affection.,sound,phone.n.02,(phonetics) an individual sound unit of speech without concern as to whether or not it is a phoneme of some language
110470,"The scene you play were mine. For instance, sir,",play,playing_period.n.01,(in games or plays or other performances) the time during which play proceeds
110542,I see the play so lies,play,playing_period.n.01,(in games or plays or other performances) the time during which play proceeds
111391,"Lead us from hence, where we may leisurely",lead,run.v.23,cause something to pass or lead somewhere
111394,We were dissever'd: hastily lead away.,lead,run.v.23,cause something to pass or lead somewhere
