word,stem,lemma
aaron,aaron,aaron
abaissiez,abaissiez,abaissiez
abandon,abandon,abandon
abase,abas,abase
abash,abash,abash
abate,abat,abate
abatement,abat,abatement
abbess,abbess,abbess
abbey,abbey,abbey
abbominable,abbomin,abbominable
abbot,abbot,abbot
abbreviate,abbrevi,abbreviate
abe,abe,abe
abed,abe,abe
abel,abel,abel
abergavenny,abergavenni,abergavenny
abet,abet,abet
abhominable,abhomin,abhominable
abhor,abhor,abhor
abhorr,abhorr,abhorr
abhorring,abhor,abhor
abhorson,abhorson,abhorson
abide,abid,abide
ability,abil,ability
abject,abject,abject
abjectly,abjectli,abjectly
abjure,abjur,abjure
abjured,abjur,abjure
able,abl,able
abler,abler,abler
aboard,aboard,aboard
abode,abod,abode
abodement,abod,abodement
abominable,abomin,abominable
abominably,abomin,abominably
abomination,abomin,abomination
abortive,abort,abortive
abound,abound,abound
abraham,abraham,abraham
abram,abram,abram
abreast,abreast,abreast
abridge,abridg,abridge
abridgement,abridg,abridgement
abridgment,abridg,abridgment
abroach,abroach,abroach
abroad,abroad,abroad
abrogate,abrog,abrogate
abrook,abrook,abrook
abrupt,abrupt,abrupt
abruption,abrupt,abruption
abruptly,abruptli,abruptly
absence,absenc,absence
absent,absent,absent
absey,absey,absey
absolute,absolut,absolute
absolutely,absolut,absolutely
absolve,absolv,absolve
absolver,absolv,absolver
abstain,abstain,abstain
abstemious,abstemi,abstemious
abstinence,abstin,abstinence
abstract,abstract,abstract
absurd,absurd,absurd
absyrtus,absyrtu,absyrtus
abundance,abund,abundance
abundant,abund,abundant
abundantly,abundantli,abundantly
abuse,abus,abuse
abuser,abus,abuser
abusing,abus,abuse
abut,abut,abut
abutting,abut,abut
aby,abi,aby
abysm,abysm,abysm
academe,academ,academe
accent,accent,accent
accept,accept,accept
acceptance,accept,acceptance
access,access,access
accessary,accessari,accessary
accessible,access,accessible
accidence,accid,accidence
accident,accid,accident
accidental,accident,accidental
accidentally,accident,accidentally
accit,accit,accit
acclamation,acclam,acclamation
accommodate,accommod,accommodate
accommodation,accommod,accommodation
accompany,accompani,accompany
accomplice,accomplic,accomplice
accomplish,accomplish,accomplish
accomplishment,accomplish,accomplishment
accompt,accompt,accompt
accord,accord,accord
accordant,accord,accordant
accordeth,accordeth,accordeth
accordingly,accordingli,accordingly
accords,accord,accord
accost,accost,accost
account,account,account
accountant,account,accountant
accoutre,accoutr,accoutre
accoutrement,accoutr,accoutrement
accrue,accru,accrue
accumulate,accumul,accumulate
accumulation,accumul,accumulation
accurse,accurs,accurse
accursed,accurs,accurse
accurst,accurst,accurst
accus,accu,accus
accusation,accus,accusation
accusative,accus,accusative
accusativo,accusativo,accusativo
accuse,accus,accuse
accused,accus,accuse
accuser,accus,accuser
accuseth,accuseth,accuseth
accustom,accustom,accustom
accustomed,accustom,accustom
ace,ace,ace
ache,ach,ache
acheron,acheron,acheron
achieve,achiev,achieve
achievement,achiev,achievement
achiever,achiev,achiever
achille,achil,achille
achilles,achil,achille
acknowledge,acknowledg,acknowledge
acknowledgement,acknowledg,acknowledgement
acknown,acknown,acknown
acordo,acordo,acordo
acorn,acorn,acorn
acquaint,acquaint,acquaint
acquaintance,acquaint,acquaintance
acquainted,acquaint,acquaint
acquire,acquir,acquire
acquisition,acquisit,acquisition
acquit,acquit,acquit
acquittance,acquitt,acquittance
acre,acr,acre
across,across,across
act,act,act
actaeon,actaeon,actaeon
acting,act,act
action,action,action
actium,actium,actium
active,activ,active
actively,activ,actively
activity,activ,activity
actor,actor,actor
actual,actual,actual
acute,acut,acute
acutely,acut,acutely
adage,adag,adage
adalla,adalla,adalla
adam,adam,adam
adamant,adam,adamant
add,add,add
adder,adder,adder
addict,addict,addict
addiction,addict,addiction
addition,addit,addition
addle,addl,addle
address,address,address
addressing,address,address
addrest,addrest,addr
adhere,adher,adhere
adieu,adieu,adieu
adieus,adieu,adieus
adjacent,adjac,adjacent
adjoin,adjoin,adjoin
adjoining,adjoin,adjoin
adjourn,adjourn,adjourn
adjudge,adjudg,adjudge
adjunct,adjunct,adjunct
administer,administ,administer
admirable,admir,admirable
admiral,admir,admiral
admiration,admir,admiration
admire,admir,admire
admired,admir,admire
admirer,admir,admirer
admiringly,admiringli,admiringly
admission,admiss,admission
admit,admit,admit
admittance,admitt,admittance
admonish,admonish,admonish
admonishment,admonish,admonishment
admonition,admonit,admonition
ado,ado,ado
adoni,adoni,adoni
adonis,adoni,adoni
adopt,adopt,adopt
adoptedly,adoptedli,adoptedly
adoption,adopt,adoption
adoptious,adopti,adoptious
adoration,ador,adoration
adore,ador,adore
adorer,ador,adorer
adorest,adorest,adorest
adoreth,adoreth,adoreth
adorn,adorn,adorn
adorning,adorn,adorn
adornment,adorn,adornment
adown,adown,adown
adramadio,adramadio,adramadio
adrian,adrian,adrian
adriana,adriana,adriana
adriano,adriano,adriano
adriatic,adriat,adriatic
adsum,adsum,adsum
adulation,adul,adulation
adulterate,adulter,adulterate
adulterer,adulter,adulterer
adulteress,adulteress,adulteress
adulterous,adulter,adulterous
adultery,adulteri,adultery
adultress,adultress,adultress
advance,advanc,advance
advanced,advanc,advance
advancement,advanc,advancement
advantage,advantag,advantage
advantageable,advantag,advantageable
advantaged,advantag,advantage
advantageous,advantag,advantageous
adventure,adventur,adventure
adventurous,adventur,adventurous
adventurously,adventur,adventurously
adversary,adversari,adversary
adverse,advers,adverse
adversely,advers,adversely
adversity,advers,adversity
advertise,advertis,advertise
advertisement,advertis,advertisement
advice,advic,advice
advise,advis,advise
advisedly,advisedli,advisedly
advising,advis,advise
advocate,advoc,advocate
advocation,advoc,advocation
aeacida,aeacida,aeacida
aeacide,aeacid,aeacide
aedile,aedil,aedile
aediles,aedil,aedile
aegeon,aegeon,aegeon
aegle,aegl,aegle
aemilia,aemilia,aemilia
aemilius,aemiliu,aemilius
aenea,aenea,aenea
aeneas,aenea,aenea
aeolus,aeolu,aeolus
aer,aer,aer
aerial,aerial,aerial
aery,aeri,aery
aesculapius,aesculapiu,aesculapius
aeson,aeson,aeson
aesop,aesop,aesop
aetna,aetna,aetna
afar,afar,afar
afear,afear,afear
afeard,afeard,afeard
afeare,afear,afeare
affability,affabl,affability
affable,affabl,affable
affair,affair,affair
affaire,affair,affaire
affairs,affair,affair
affect,affect,affect
affectation,affect,affectation
affected,affect,affect
affecteth,affecteth,affecteth
affection,affect,affection
affectionate,affection,affectionate
affectionately,affection,affectionately
affectione,affection,affectione
affeer,affeer,affeer
affiance,affianc,affiance
affie,affi,affie
affine,affin,affine
affinity,affin,affinity
affirm,affirm,affirm
affirmation,affirm,affirmation
affirmative,affirm,affirmative
afflict,afflict,afflict
afflicted,afflict,afflict
affliction,afflict,affliction
afford,afford,afford
affordeth,affordeth,affordeth
affords,afford,afford
affray,affray,affray
affright,affright,affright
affront,affront,affront
affy,affi,affy
afield,afield,afield
afire,afir,afire
afloat,afloat,afloat
afoot,afoot,afoot
afore,afor,afore
aforehand,aforehand,aforehand
aforesaid,aforesaid,aforesaid
afraid,afraid,afraid
afresh,afresh,afresh
afric,afric,afric
african,african,african
afternoon,afternoon,afternoon
afterward,afterward,afterward
afterwards,afterward,afterwards
agamemnon,agamemnon,agamemnon
agate,agat,agate
agaze,agaz,agaze
age,age,age
aged,age,aged
agenor,agenor,agenor
agent,agent,agent
agents,agent,agent
aggravate,aggrav,aggravate
aggrieved,aggriev,aggrieve
agile,agil,agile
agincourt,agincourt,agincourt
agitation,agit,agitation
aglet,aglet,aglet
agnise,agnis,agnise
ago,ago,ago
agone,agon,agone
agony,agoni,agony
agood,agood,agood
agree,agre,agree
agreement,agreement,agreement
agrippa,agrippa,agrippa
aground,aground,aground
ague,agu,ague
aguecheek,aguecheek,aguecheek
agueface,aguefac,agueface
aid,aid,aid
aidance,aidanc,aidance
aidant,aidant,aidant
aidless,aidless,aidless
ail,ail,ail
aim,aim,aim
ainsi,ainsi,ainsi
aio,aio,aio
air,air,air
airless,airless,airless
airy,airi,airy
ajax,ajax,ajax
ala,ala,ala
alabaster,alabast,alabaster
alack,alack,alack
alacrity,alacr,alacrity
alarbus,alarbu,alarbus
alarm,alarm,alarm
alarum,alarum,alarum
alarums,alarum,alarum
alas,ala,alas
alban,alban,alban
albany,albani,albany
albeit,albeit,albeit
albion,albion,albion
alchemist,alchemist,alchemist
alchemy,alchemi,alchemy
alcibiade,alcibiad,alcibiade
alcide,alcid,alcide
alder,alder,alder
alderman,alderman,alderman
aldermen,aldermen,aldermen
ale,ale,ale
alehouse,alehous,alehouse
alencon,alencon,alencon
aleppo,aleppo,aleppo
ales,ale,ale
alexander,alexand,alexander
alexandria,alexandria,alexandria
alexandrian,alexandrian,alexandrian
alexas,alexa,alexas
alia,alia,alia
alias,alia,alia
alice,alic,alice
alien,alien,alien
aliena,aliena,aliena
alight,alight,alight
alike,alik,alike
alisander,alisand,alisander
alit,alit,alit
alive,aliv,alive
alla,alla,alla
allay,allay,allay
allayment,allay,allayment
allayments,allay,allayment
allegation,alleg,allegation
allege,alleg,allege
alleged,alleg,allege
allegiance,allegi,allegiance
allegiant,allegi,allegiant
alley,alley,alley
alliance,allianc,alliance
allicholy,allicholi,allicholy
allied,alli,ally
alligant,allig,alligant
alligator,allig,alligator
allon,allon,allon
allot,allot,allot
allottery,allotteri,allottery
allow,allow,allow
allowance,allow,allowance
allure,allur,allure
allurement,allur,allurement
allusion,allus,allusion
ally,alli,ally
allycholly,allycholli,allycholly
alm,alm,alm
almain,almain,almain
almanac,almanac,almanac
almighty,almighti,almighty
almond,almond,almond
almost,almost,almost
alms,alm,alm
almshouse,almshous,almshouse
almsman,almsman,almsman
aloft,aloft,aloft
alone,alon,alone
along,along,along
alonso,alonso,alonso
aloof,aloof,aloof
aloud,aloud,aloud
alp,alp,alp
alphabet,alphabet,alphabet
alphabetical,alphabet,alphabetical
alphonso,alphonso,alphonso
alps,alp,alp
already,alreadi,already
also,also,also
altar,altar,altar
alter,alter,alter
alteration,alter,alteration
altered,alter,alter
althaea,althaea,althaea
although,although,although
altitude,altitud,altitude
altogether,altogeth,altogether
alton,alton,alton
alway,alway,alway
always,alway,always
amaimon,amaimon,amaimon
amain,amain,amain
amamon,amamon,amamon
aman,aman,aman
amaze,amaz,amaze
amazed,amaz,amazed
amazedly,amazedli,amazedly
amazedness,amazed,amazedness
amazement,amaz,amazement
amazing,amaz,amazing
amazon,amazon,amazon
amazonian,amazonian,amazonian
ambassador,ambassador,ambassador
ambassadors,ambassador,ambassador
amber,amber,amber
ambiguity,ambigu,ambiguity
ambiguous,ambigu,ambiguous
ambition,ambit,ambition
ambitious,ambiti,ambitious
ambitiously,ambiti,ambitiously
amble,ambl,amble
ambles,ambl,amble
ambling,ambl,amble
ambuscadoe,ambuscado,ambuscadoe
ambush,ambush,ambush
ame,ame,ame
amen,amen,amen
amend,amend,amend
amendment,amend,amendment
amerce,amerc,amerce
america,america,america
amiable,amiabl,amiable
amid,amid,amid
amidst,amidst,amidst
amien,amien,amien
amiss,amiss,amiss
amity,amiti,amity
among,among,among
amongst,amongst,amongst
amorous,amor,amorous
amort,amort,amort
amount,amount,amount
amour,amour,amour
amphimachus,amphimachu,amphimachu
ample,ampl,ample
ampler,ampler,ampler
amplify,amplifi,amplify
amply,ampli,amply
ampthill,ampthil,ampthill
amyntas,amynta,amynta
anatomize,anatom,anatomize
anatomy,anatomi,anatomy
ancestor,ancestor,ancestor
ancestry,ancestri,ancestry
anchise,anchis,anchise
anchor,anchor,anchor
anchorage,anchorag,anchorage
anchoring,anchor,anchor
anchors,anchor,anchor
anchovy,anchovi,anchovy
ancient,ancient,ancient
ancientry,ancientri,ancientry
ancle,ancl,ancle
ancus,ancu,ancus
andiron,andiron,andiron
andren,andren,andren
andrew,andrew,andrew
andromache,andromach,andromache
andronici,andronici,andronici
andronicus,andronicu,andronicus
anew,anew,anew
ange,ang,ange
angel,angel,angel
angelica,angelica,angelica
angelical,angel,angelical
angelo,angelo,angelo
angels,angel,angel
anger,anger,anger
angerly,angerli,angerly
angier,angier,angier
angle,angl,angle
angler,angler,angler
angleterre,angleterr,angleterre
angliae,anglia,angliae
angling,angl,angle
anglish,anglish,anglish
anglois,angloi,anglois
angry,angri,angry
anguish,anguish,anguish
angus,angu,angus
animal,anim,animal
animis,animi,animis
anjou,anjou,anjou
ann,ann,ann
anna,anna,anna
annal,annal,annal
anne,ann,anne
annex,annex,annex
annexment,annex,annexment
annothanize,annothan,annothanize
annoy,annoy,annoy
annoyance,annoy,annoyance
annoying,annoy,annoying
annual,annual,annual
anoint,anoint,anoint
anointed,anoint,anoint
anon,anon,anon
another,anoth,another
anselme,anselm,anselme
answer,answer,answer
answerable,answer,answerable
answerer,answer,answerer
ant,ant,ant
ante,ant,ante
antechamber,antechamb,antechamber
antenor,antenor,antenor
antenoride,antenorid,antenoride
anthem,anthem,anthem
anthony,anthoni,anthony
anthropophagi,anthropophagi,anthropophagi
anthropophaginian,anthropophaginian,anthropophaginian
antiate,antiat,antiate
antic,antic,antic
anticipat,anticipat,anticipat
anticipate,anticip,anticipate
anticipation,anticip,anticipation
antick,antick,antick
anticly,anticli,anticly
antidote,antidot,antidote
antigonus,antigonu,antigonus
antioch,antioch,antioch
antiochu,antiochu,antiochu
antiochus,antiochu,antiochu
antiopa,antiopa,antiopa
antipathy,antipathi,antipathy
antipholus,antipholu,antipholus
antipholuse,antipholus,antipholuse
antipode,antipod,antipode
antiquary,antiquari,antiquary
antique,antiqu,antique
antiquity,antiqu,antiquity
antiquius,antiquiu,antiquius
antium,antium,antium
antoniad,antoniad,antoniad
antonio,antonio,antonio
antonius,antoniu,antonius
antony,antoni,antony
antre,antr,antre
anvil,anvil,anvil
anything,anyth,anything
apace,apac,apace
apart,apart,apart
apartment,apart,apartment
apartments,apart,apartment
ape,ape,ape
apemantus,apemantu,apemantus
apennine,apennin,apennine
apex,apex,apex
apiece,apiec,apiece
apish,apish,apish
apollinem,apollinem,apollinem
apollo,apollo,apollo
apollodorus,apollodoru,apollodorus
apollos,apollo,apollo
apology,apolog,apology
apoplex,apoplex,apoplex
apoplexy,apoplexi,apoplexy
apostle,apostl,apostle
apostrapha,apostrapha,apostrapha
apothecary,apothecari,apothecary
appal,appal,appal
appall,appal,appall
appalled,appal,appal
apparel,apparel,apparel
apparell,apparel,apparell
apparelle,apparel,apparelle
apparent,appar,apparent
apparently,appar,apparently
apparition,apparit,apparition
appeach,appeach,appeach
appeal,appeal,appeal
appeall,appeal,appeall
appear,appear,appear
appearance,appear,appearance
appearer,appear,appearer
appeareth,appeareth,appeareth
appease,appeas,appease
appeased,appeas,appease
appele,appel,appele
appelee,appele,appelee
appelez,appelez,appelez
appellant,appel,appellant
appelon,appelon,appelon
appendix,appendix,appendix
apperil,apperil,apperil
appertain,appertain,appertain
appertaining,appertain,appertain
appertainment,appertain,appertainment
appertinent,appertin,appertinent
appetite,appetit,appetite
applaud,applaud,applaud
applause,applaus,applause
apple,appl,apple
appliance,applianc,appliance
application,applic,application
apply,appli,apply
appoint,appoint,appoint
appointment,appoint,appointment
apprehend,apprehend,apprehend
apprehendest,apprehendest,apprehendest
apprehension,apprehens,apprehension
apprehensive,apprehens,apprehensive
apprendre,apprendr,apprendre
apprenne,apprenn,apprenne
apprenticehood,apprenticehood,apprenticehood
appris,appri,appris
approach,approach,approach
approacher,approach,approacher
approacheth,approacheth,approacheth
approbation,approb,approbation
approof,approof,approof
appropriation,appropri,appropriation
approve,approv,approve
approver,approv,approver
approves,approv,approve
appurtenance,appurten,appurtenance
apricock,apricock,apricock
april,april,april
apron,apron,apron
apt,apt,apt
apter,apter,apter
aptly,aptli,aptly
aptness,apt,aptness
aqua,aqua,aqua
aquilon,aquilon,aquilon
aquitaine,aquitain,aquitaine
arabia,arabia,arabia
arabian,arabian,arabian
araise,arais,araise
arbitrate,arbitr,arbitrate
arbitrating,arbitr,arbitrate
arbitrator,arbitr,arbitrator
arbitrement,arbitr,arbitrement
arbour,arbour,arbour
arc,arc,arc
arch,arch,arch
archbishop,archbishop,archbishop
archbishopric,archbishopr,archbishopric
archdeacon,archdeacon,archdeacon
archelaus,archelau,archelaus
archer,archer,archer
archery,archeri,archery
archibald,archibald,archibald
archidamus,archidamu,archidamus
architect,architect,architect
arcu,arcu,arcu
arde,ard,arde
arden,arden,arden
ardent,ardent,ardent
ardour,ardour,ardour
argal,argal,argal
argentine,argentin,argentine
argier,argier,argi
argo,argo,argo
argosy,argosi,argosy
argue,argu,argue
argument,argument,argument
argus,argu,argus
ariachne,ariachn,ariachne
ariadne,ariadn,ariadne
arie,ari,arie
ariel,ariel,ariel
aright,aright,aright
arion,arion,arion
arise,aris,arise
ariseth,ariseth,ariseth
aristotle,aristotl,aristotle
arithmetic,arithmet,arithmetic
arithmetician,arithmetician,arithmetician
ark,ark,ark
arm,arm,arm
arma,arma,arma
armado,armado,armado
armadoes,armado,armadoe
armagnac,armagnac,armagnac
arme,arm,arme
armed,arm,arm
armenia,armenia,armenia
armigero,armigero,armigero
arming,arm,arm
armipotent,armipot,armipotent
armory,armori,armory
armour,armour,armour
armourer,armour,armourer
armours,armour,armour
armoury,armouri,armoury
arms,arm,arm
army,armi,army
aroint,aroint,aroint
arouse,arous,arouse
arra,arra,arra
arragon,arragon,arragon
arraign,arraign,arraign
arraignment,arraign,arraignment
arrant,arrant,arrant
array,array,array
arrearage,arrearag,arrearage
arrest,arrest,arrest
arrival,arriv,arrival
arrivance,arriv,arrivance
arrive,arriv,arrive
arrogance,arrog,arrogance
arrogancy,arrog,arrogancy
arrogant,arrog,arrogant
arrow,arrow,arrow
art,art,art
artemidoru,artemidoru,artemidoru
artemidorus,artemidoru,artemidoru
artery,arteri,artery
arthur,arthur,arthur
article,articl,article
articulate,articul,articulate
artificer,artific,artificer
artificial,artifici,artificial
artillery,artilleri,artillery
artist,artist,artist
artless,artless,artless
artois,artoi,artois
arts,art,art
artus,artu,artus
arviragus,arviragu,arviragus
asaph,asaph,asaph
ascanius,ascaniu,ascanius
ascend,ascend,ascend
ascendeth,ascendeth,ascendeth
ascension,ascens,ascension
ascent,ascent,ascent
ascribe,ascrib,ascribe
ash,ash,ash
ashame,asham,ashame
ashamed,asham,ashame
ashe,ash,ashe
asher,asher,asher
ashes,ash,ashe
ashford,ashford,ashford
ashore,ashor,ashore
ashy,ashi,ashy
asia,asia,asia
aside,asid,aside
ask,ask,ask
askance,askanc,askance
asker,asker,asker
asketh,asketh,asketh
asking,ask,ask
asks,ask,ask
aslant,aslant,aslant
asleep,asleep,asleep
asmath,asmath,asmath
asp,asp,asp
aspect,aspect,aspect
aspen,aspen,aspen
aspersion,aspers,aspersion
aspic,aspic,aspic
aspicious,aspici,aspicious
aspiration,aspir,aspiration
aspire,aspir,aspire
ass,ass,ass
assail,assail,assail
assailable,assail,assailable
assailant,assail,assailant
assaileth,assaileth,assaileth
assailing,assail,assail
assassination,assassin,assassination
assault,assault,assault
assaulted,assault,assault
assay,assay,assay
assaying,assay,assay
asse,ass,asse
assemble,assembl,assemble
assembled,assembl,assemble
assembly,assembl,assembly
assence,assenc,assence
assent,assent,assent
assez,assez,assez
asshead,asshead,asshead
assign,assign,assign
assinego,assinego,assinego
assist,assist,assist
assistance,assist,assistance
assistant,assist,assistant
associate,associ,associate
assuage,assuag,assuage
assubjugate,assubjug,assubjugate
assume,assum,assume
assumption,assumpt,assumption
assurance,assur,assurance
assure,assur,assure
assured,assur,assure
assuredly,assuredli,assuredly
assyrian,assyrian,assyrian
astonish,astonish,astonish
astraea,astraea,astraea
astray,astray,astray
astronomer,astronom,astronomer
astronomical,astronom,astronomical
asunder,asund,asunder
atalanta,atalanta,atalanta
ate,ate,eat
athen,athen,athen
athenian,athenian,athenian
athenians,athenian,athenian
athens,athen,athens
athol,athol,athol
athversary,athversari,athversary
athwart,athwart,athwart
atlas,atla,atlas
atomie,atomi,atomie
atone,aton,atone
atonement,aton,atonement
att,att,att
attach,attach,attach
attachment,attach,attachment
attain,attain,attain
attainder,attaind,attainder
attaint,attaint,attaint
attainture,attaintur,attainture
attask,attask,attask
attempt,attempt,attempt
attemptable,attempt,attemptable
attend,attend,attend
attendance,attend,attendance
attendant,attend,attendant
attendeth,attendeth,attendeth
attending,attend,attend
attent,attent,attent
attention,attent,attention
attentive,attent,attentive
attentiveness,attent,attentiveness
attest,attest,attest
attire,attir,attire
attired,attir,attire
attires,attir,attire
attorney,attorney,attorney
attorneyed,attorney,attorneye
attorneyship,attorneyship,attorneyship
attract,attract,attract
attraction,attract,attraction
attractive,attract,attractive
attribute,attribut,attribute
attribution,attribut,attribution
attributive,attribut,attributive
aubrey,aubrey,aubrey
auburn,auburn,auburn
aucun,aucun,aucun
audacious,audaci,audacious
audaciously,audaci,audaciously
audacity,audac,audacity
audible,audibl,audible
audience,audienc,audience
audis,audi,audis
audit,audit,audit
auditor,auditor,auditor
auditory,auditori,auditory
audrey,audrey,audrey
aufidius,aufidiu,aufidius
aufidiuse,aufidius,aufidiuse
auger,auger,auger
aught,aught,aught
augment,augment,augment
augmentation,augment,augmentation
augmented,augment,augment
augurer,augur,augurer
auguring,augur,augur
augurs,augur,augur
augury,auguri,augury
august,august,august
augustus,augustu,augustus
auld,auld,auld
aumerle,aumerl,aumerle
aunchient,aunchient,aunchient
aunt,aunt,aunt
auricular,auricular,auricular
aurora,aurora,aurora
auspicious,auspici,auspicious
aussi,aussi,aussi
austere,auster,austere
austerely,auster,austerely
austereness,auster,austereness
austerity,auster,austerity
austria,austria,austria
aut,aut,aut
authentic,authent,authentic
author,author,author
authority,author,authority
authorize,author,authorize
autolycus,autolycu,autolycus
autre,autr,autre
autumn,autumn,autumn
auvergne,auvergn,auvergne
avail,avail,avail
avarice,avaric,avarice
avaricious,avarici,avaricious
avaunt,avaunt,avaunt
ave,ave,ave
avenge,aveng,avenge
avenue,avenu,avenue
avert,avert,avert
avez,avez,avez
avise,avis,avise
avoid,avoid,avoid
avouch,avouch,avouch
avouche,avouch,avouche
avouches,avouch,avouche
avouchment,avouch,avouchment
avow,avow,avow
await,await,await
awake,awak,awake
awaken,awaken,awaken
award,award,award
awards,award,award
away,away,away
awe,awe,awe
aweary,aweari,aweary
awed,awe,awed
aweless,aweless,aweless
awful,aw,awful
awhi,awhi,awhi
awhile,awhil,awhile
awkward,awkward,awkward
awl,awl,awl
awry,awri,awry
axe,axe,axe
axle,axl,axle
aye,aye,aye
ayez,ayez,ayez
azure,azur,azure
azured,azur,azure
baa,baa,baa
babble,babbl,babble
babbling,babbl,babble
babe,babe,babe
baboon,baboon,baboon
baby,babi,baby
babylon,babylon,babylon
baccare,baccar,baccare
bacchanal,bacchan,bacchanal
bacchus,bacchu,bacchus
bachelor,bachelor,bachelor
bachelorship,bachelorship,bachelorship
back,back,back
backdoor,backdoor,backdoor
backing,back,back
backside,backsid,backside
backward,backward,backward
backwardly,backwardli,backwardly
backwards,backward,backwards
bacon,bacon,bacon
bad,bad,bad
bade,bade,bade
badge,badg,badge
badged,badg,badge
badly,badli,badly
badness,bad,badness
baes,bae,baes
baffle,baffl,baffle
bag,bag,bag
baggage,baggag,baggage
bagot,bagot,bagot
bagpipe,bagpip,bagpipe
bail,bail,bail
bailiff,bailiff,bailiff
baille,baill,baille
baily,baili,baily
bais,bai,bais
baisant,baisant,baisant
baisee,baise,baisee
bait,bait,bait
baited,bait,bait
baiting,bait,bait
bajazet,bajazet,bajazet
bake,bake,bake
baked,bake,bake
baker,baker,baker
balance,balanc,balance
balanced,balanc,balanced
balcony,balconi,balcony
bald,bald,bald
baldpate,baldpat,baldpate
baldrick,baldrick,baldrick
bale,bale,bale
baleful,bale,baleful
balk,balk,balk
ball,ball,ball
ballad,ballad,ballad
ballast,ballast,ballast
ballasting,ballast,ballast
ballow,ballow,ballow
balm,balm,balm
balmy,balmi,balmy
balsam,balsam,balsam
balsamum,balsamum,balsamum
balthasar,balthasar,balthasar
balthazar,balthazar,balthazar
ban,ban,ban
banbury,banburi,banbury
band,band,band
bandied,bandi,bandy
banding,band,band
banditti,banditti,banditti
banditto,banditto,banditto
bandy,bandi,bandy
bandying,bandi,bandy
bane,bane,bane
bang,bang,bang
bangor,bangor,bangor
banish,banish,banish
banished,banish,banish
banisher,banish,banisher
banishment,banish,banishment
banister,banist,banister
bank,bank,bank
bankrupt,bankrupt,bankrupt
bann,bann,bann
banner,banner,banner
banneret,banneret,banneret
banns,bann,bann
banquet,banquet,banquet
banqueted,banquet,banquet
banqueting,banquet,banquet
banquo,banquo,banquo
baptism,baptism,baptism
baptist,baptist,baptist
baptista,baptista,baptista
baptize,baptiz,baptize
bar,bar,bar
barbara,barbara,barbara
barbarian,barbarian,barbarian
barbarism,barbar,barbarism
barbarous,barbar,barbarous
barbary,barbari,barbary
barbason,barbason,barbason
barbed,barb,barb
barber,barber,barber
bard,bard,bard
barde,bard,barde
bardolph,bardolph,bardolph
bare,bare,bare
bared,bare,bare
bareface,barefac,bareface
barefoot,barefoot,barefoot
bareheade,barehead,bareheade
barely,bare,barely
bareness,bare,bareness
barful,bar,barful
bargain,bargain,bargain
barge,barg,barge
bargulus,bargulu,bargulus
bark,bark,bark
barkest,barkest,barkest
barking,bark,bark
barkloughly,barkloughli,barkloughly
barky,barki,barky
barley,barley,barley
barm,barm,barm
barn,barn,barn
barnacle,barnacl,barnacle
barnardine,barnardin,barnardine
barne,barn,barne
barnet,barnet,barnet
barns,barn,barn
baron,baron,baron
barr,barr,barr
barrabas,barraba,barrabas
barrel,barrel,barrel
barren,barren,barren
barrenness,barren,barrenness
barricado,barricado,barricado
barricadoe,barricado,barricadoe
barrow,barrow,barrow
barter,barter,barter
barthol,barthol,barthol
bartholomew,bartholomew,bartholomew
basan,basan,basan
base,base,base
baseless,baseless,baseless
basely,base,basely
baseness,base,baseness
baser,baser,baser
basest,basest,base
bashful,bash,bashful
bashfulness,bash,bashfulness
basilisco,basilisco,basilisco
basilisk,basilisk,basilisk
basimecu,basimecu,basimecu
basin,basin,basin
basis,basi,basis
bask,bask,bask
basket,basket,basket
bass,bass,bass
bassanio,bassanio,bassanio
basset,basset,basset
bassianu,bassianu,bassianu
bassianus,bassianu,bassianu
basta,basta,basta
bastard,bastard,bastard
bastardize,bastard,bastardize
bastards,bastard,bastard
bastardy,bastardi,bastardy
baste,bast,baste
bastinado,bastinado,bastinado
basting,bast,baste
bat,bat,bat
bataille,batail,bataille
batch,batch,batch
bate,bate,bate
bated,bate,bate
bates,bate,bate
bath,bath,bath
bathe,bath,bathe
bathing,bath,bathe
bating,bate,bate
batlet,batlet,batlet
battalion,battalion,battalion
batten,batten,batten
batter,batter,batter
battery,batteri,battery
battle,battl,battle
battlement,battlement,battlement
batty,batti,batty
bauble,baubl,bauble
bavin,bavin,bavin
bawble,bawbl,bawble
bawcock,bawcock,bawcock
bawd,bawd,bawd
bawdry,bawdri,bawdry
bawds,bawd,bawd
bawdy,bawdi,bawdy
bawl,bawl,bawl
bay,bay,bay
baynard,baynard,baynard
bayonne,bayonn,bayonne
beach,beach,beach
beacon,beacon,beacon
bead,bead,bead
beadle,beadl,beadle
beads,bead,bead
beadsman,beadsman,beadsman
beagle,beagl,beagle
beak,beak,beak
beam,beam,beam
bean,bean,bean
beans,bean,bean
bear,bear,bear
beard,beard,beard
bearded,beard,beard
beardless,beardless,beardless
beare,bear,beare
bearer,bearer,bearer
bearest,bearest,bearest
beareth,beareth,beareth
bearing,bear,bear
bears,bear,bear
beart,beart,beart
beast,beast,beast
beastliest,beastliest,beastly
beastliness,beastli,beastliness
beastly,beastli,beastly
beasts,beast,beast
beat,beat,beat
beaten,beaten,beat
beating,beat,beat
beatrice,beatric,beatrice
beats,beat,beat
beau,beau,beau
beaufort,beaufort,beaufort
beaumond,beaumond,beaumond
beaumont,beaumont,beaumont
beauteou,beauteou,beauteou
beauteous,beauteou,beauteous
beautie,beauti,beautie
beautiful,beauti,beautiful
beautify,beautifi,beautify
beauty,beauti,beauty
beaver,beaver,beaver
bechance,bechanc,bechance
beck,beck,beck
beckon,beckon,beckon
become,becom,become
becomed,becom,become
becomes,becom,become
becomest,becomest,becomest
becoming,becom,become
bed,bed,bed
bedabble,bedabbl,bedabble
bedash,bedash,bedash
bedaub,bedaub,bedaub
bedazzle,bedazzl,bedazzle
bedchamber,bedchamb,bedchamber
bedded,bed,bed
bede,bede,bede
bedeck,bedeck,bedeck
bedesman,bedesman,bedesman
bedew,bedew,bedew
bedfellow,bedfellow,bedfellow
bedford,bedford,bedford
bedimm,bedimm,bedimm
bedlam,bedlam,bedlam
bedrench,bedrench,bedrench
bedrid,bedrid,bedrid
bedward,bedward,bedward
bee,bee,bee
beef,beef,beef
beehive,beehiv,beehive
beelzebub,beelzebub,beelzebub
beer,beer,beer
bees,bee,bee
beest,beest,beest
beetle,beetl,beetle
beetles,beetl,beetle
befal,befal,befal
befall,befal,befall
befallen,befallen,befall
befell,befel,befell
befit,befit,befit
befits,befit,befit
beforehand,beforehand,beforehand
befortune,befortun,befortune
befriend,befriend,befriend
beg,beg,beg
beget,beget,beget
begg,begg,begg
beggar,beggar,beggar
beggarly,beggarli,beggarly
beggary,beggari,beggary
begging,beg,beg
begin,begin,begin
beginner,beginn,beginner
beginning,begin,begin
begins,begin,begin
begnaw,begnaw,begnaw
begnawn,begnawn,begnawn
begone,begon,begone
begot,begot,begot
begotten,begotten,beget
begrime,begrim,begrime
beguil,beguil,beguil
beguile,beguil,beguile
beguiling,beguil,beguiling
begun,begun,begin
behalf,behalf,behalf
behalfs,behalf,behalfs
behave,behav,behave
behavedst,behavedst,behavedst
behavior,behavior,behavior
behead,behead,behead
beheld,beheld,beheld
behest,behest,behest
behind,behind,behind
behold,behold,behold
beholder,behold,beholder
beholdest,beholdest,beholdest
beholding,behold,behold
behoof,behoof,behoof
behove,behov,behove
behoveful,behov,behoveful
behoves,behov,behove
behowl,behowl,behowl
bel,bel,bel
belarius,belariu,belarius
belch,belch,belch
beldam,beldam,beldam
belfry,belfri,belfry
belgia,belgia,belgia
belie,beli,belie
belied,beli,belie
belief,belief,belief
beliest,beliest,beli
believ,believ,believ
believe,believ,believe
believest,believest,believest
belike,belik,belike
bell,bell,bell
bellario,bellario,bellario
belle,bell,belle
bellman,bellman,bellman
bellona,bellona,bellona
bellow,bellow,bellow
bellowing,bellow,bellowing
belly,belli,belly
bellyful,belly,bellyful
belman,belman,belman
belmont,belmont,belmont
belock,belock,belock
belong,belong,belong
belonging,belong,belong
belove,belov,belove
beloved,belov,belove
beloving,belov,beloving
belt,belt,belt
belzebub,belzebub,belzebub
bemadding,bemad,bemadde
bemoan,bemoan,bemoan
bemock,bemock,bemock
bemoile,bemoil,bemoile
ben,ben,ben
bench,bench,bench
bencher,bencher,bencher
bend,bend,bend
bended,bend,bend
bending,bend,bend
bene,bene,bene
beneath,beneath,beneath
benedicite,benedicit,benedicite
benedick,benedick,benedick
benedict,benedict,benedict
benediction,benedict,benediction
benedictus,benedictu,benedictus
benefactor,benefactor,benefactor
benefice,benefic,benefice
beneficial,benefici,beneficial
benefit,benefit,benefit
benevolence,benevol,benevolence
benevolences,benevol,benevolence
benign,benign,benign
benison,benison,benison
bennet,bennet,bennet
bent,bent,bent
bentii,bentii,bentii
bentivolii,bentivolii,bentivolii
benumb,benumb,benumb
benvolio,benvolio,benvolio
bepaint,bepaint,bepaint
bepray,bepray,bepray
bequeath,bequeath,bequeath
bequeathe,bequeath,bequeathe
berattle,berattl,berattle
bereave,bereav,bereave
bereaved,bereav,bereave
bereft,bereft,bereft
bergamo,bergamo,bergamo
bergomask,bergomask,bergomask
berkeley,berkeley,berkeley
berkley,berkley,berkley
bermoothe,bermooth,bermoothe
bernardo,bernardo,bernardo
berri,berri,berri
berry,berri,berry
bertram,bertram,bertram
berwick,berwick,berwick
bescreen,bescreen,bescreen
beseech,beseech,beseech
beseem,beseem,beseem
beseemeth,beseemeth,beseemeth
beseeming,beseem,beseem
beset,beset,beset
beshrew,beshrew,beshrew
beside,besid,beside
besides,besid,besides
besiege,besieg,besiege
beslubber,beslubb,beslubber
besmear,besmear,besmear
besmirch,besmirch,besmirch
besom,besom,besom
besort,besort,besort
besotte,besott,besotte
bespake,bespak,bespake
bespeak,bespeak,bespeak
bespice,bespic,bespice
bespoke,bespok,bespoke
bess,bess,bess
bessy,bessi,bessy
best,best,well
bestaine,bestain,bestaine
bestial,bestial,bestial
bestir,bestir,bestir
bestirr,bestirr,bestirr
bestow,bestow,bestow
bestowed,bestow,bestow
bestowing,bestow,bestow
bestraught,bestraught,bestraught
bestrew,bestrew,bestrew
bestrid,bestrid,bestrid
bestride,bestrid,bestride
bet,bet,bet
betake,betak,betake
beteem,beteem,beteem
bethink,bethink,bethink
bethought,bethought,bethought
bethump,bethump,bethump
betid,betid,betid
betide,betid,betide
betideth,betideth,betideth
betime,betim,betime
betimes,betim,betime
betoken,betoken,betoken
betook,betook,betook
betosse,betoss,betosse
betray,betray,betray
betraying,betray,betray
betrim,betrim,betrim
betroth,betroth,betroth
betrothed,betroth,betroth
better,better,well
bettre,bettr,bettre
betwitche,betwitch,betwitche
betwixt,betwixt,betwixt
beverage,beverag,beverage
bevis,bevi,bevi
bevy,bevi,bevy
bewail,bewail,bewail
beware,bewar,beware
bewaste,bewast,bewaste
beweep,beweep,beweep
bewept,bewept,bewept
bewet,bewet,bewet
bewhore,bewhor,bewhore
bewitch,bewitch,bewitch
bewitchment,bewitch,bewitchment
bewray,bewray,bewray
beyond,beyond,beyond
bezonian,bezonian,bezonian
bianca,bianca,bianca
bianco,bianco,bianco
bias,bia,bias
bibble,bibbl,bibble
bickering,bicker,bickering
bid,bid,bid
bidding,bid,bidding
biddy,biddi,biddy
bide,bide,bide
biding,bide,biding
bien,bien,bien
bier,bier,bier
big,big,big
bigamy,bigami,bigamy
bight,bight,bight
bigot,bigot,bigot
bilberry,bilberri,bilberry
bilbo,bilbo,bilbo
bilboe,bilbo,bilboe
bilbow,bilbow,bilbow
bill,bill,bill
billet,billet,billet
billiard,billiard,billiard
billing,bill,billing
billow,billow,billow
bills,bill,bill
bin,bin,bin
binaca,binaca,binaca
bind,bind,bind
bindeth,bindeth,bindeth
biondello,biondello,biondello
birch,birch,birch
bird,bird,bird
birdlime,birdlim,birdlime
birds,bird,bird
birnam,birnam,birnam
biron,biron,biron
birth,birth,birth
birthdom,birthdom,birthdom
birthright,birthright,birthright
biscuit,biscuit,biscuit
bishop,bishop,bishop
bisson,bisson,bisson
bit,bit,bit
bitch,bitch,bitch
bite,bite,bite
biter,biter,biter
bites,bite,bite
bitter,bitter,bitter
bitterest,bitterest,bitterest
bitterly,bitterli,bitterly
bitterness,bitter,bitterness
bitume,bitum,bitume
blab,blab,blab
blabb,blabb,blabb
black,black,black
blackamoor,blackamoor,blackamoor
blackberry,blackberri,blackberry
blacker,blacker,blacker
blackheath,blackheath,blackheath
blackmere,blackmer,blackmere
blackness,black,blackness
bladder,bladder,bladder
blade,blade,blade
bladed,blade,blade
blain,blain,blain
blame,blame,blame
blameful,blame,blameful
blameless,blameless,blameless
blanc,blanc,blanc
blanch,blanch,blanch
blank,blank,blank
blanket,blanket,blanket
blanks,blank,blank
blaspheme,blasphem,blaspheme
blasphemous,blasphem,blasphemous
blasphemy,blasphemi,blasphemy
blast,blast,blast
blasted,blast,blast
blasting,blast,blast
blastment,blastment,blastment
blaze,blaze,blaze
blazes,blaze,blaze
blazon,blazon,blazon
bleach,bleach,bleach
bleak,bleak,bleak
blear,blear,blear
bleat,bleat,bleat
blee,blee,blee
bleed,bleed,bleed
bleeding,bleed,bleed
bleeds,bleed,bleed
blemish,blemish,blemish
blench,blench,blench
blend,blend,blend
blent,blent,blent
bles,ble,ble
bless,bless,bless
blesse,bless,blesse
blessed,bless,bless
blessedly,blessedli,blessedly
blessedness,blessed,blessedness
blesseth,blesseth,blesseth
blessing,bless,blessing
blest,blest,bl
blind,blind,blind
blindfold,blindfold,blindfold
blindly,blindli,blindly
blindness,blind,blindness
blink,blink,blink
bliss,bliss,bliss
blister,blister,blister
blithe,blith,blithe
blither,blither,blither
blithild,blithild,blithild
bloat,bloat,bloat
block,block,block
blockish,blockish,blockish
blois,bloi,blois
blomer,blomer,blomer
blood,blood,blood
blooded,blood,blood
bloodier,bloodier,bloody
bloodiest,bloodiest,bloodiest
bloodily,bloodili,bloodily
bloodless,bloodless,bloodless
bloodshed,bloodsh,bloodshe
bloodshedde,bloodshedd,bloodshedde
bloodstaine,bloodstain,bloodstaine
bloody,bloodi,bloody
bloom,bloom,bloom
blossom,blossom,blossom
blossoming,blossom,blossom
blot,blot,blot
blots,blot,blot
blow,blow,blow
blowed,blow,blow
blower,blower,blower
blowse,blows,blowse
blubber,blubber,blubber
blue,blue,blue
bluest,bluest,bluest
bluish,bluish,bluish
blunt,blunt,blunt
bluntest,bluntest,bluntest
bluntly,bluntli,bluntly
bluntness,blunt,bluntness
blur,blur,blur
blurr,blurr,blurr
blurt,blurt,blurt
blush,blush,blush
blushes,blush,blush
blushing,blush,blush
bluster,bluster,bluster
blustering,bluster,bluster
blustrous,blustrou,blustrous
boar,boar,boar
board,board,board
boarding,board,boarding
boarish,boarish,boarish
boast,boast,boast
boasted,boast,boast
boastful,boast,boastful
boasting,boast,boast
boat,boat,boat
boatswain,boatswain,boatswain
bob,bob,bob
bobb,bobb,bobb
bobbed,bob,bobbed
boblibindo,boblibindo,boblibindo
bobtail,bobtail,bobtail
bocchus,bocchu,bocchus
bode,bode,bode
bodement,bodement,bodement
bodged,bodg,bodge
bodied,bodi,body
bodiless,bodiless,bodiless
bodily,bodili,bodily
boding,bode,bode
bodkin,bodkin,bodkin
body,bodi,body
bodykin,bodykin,bodykin
bodykins,bodykin,bodykin
bog,bog,bog
boggle,boggl,boggle
boggler,boggler,boggler
bogs,bog,bog
bohemia,bohemia,bohemia
bohemian,bohemian,bohemian
bohun,bohun,bohun
boil,boil,boil
boiling,boil,boil
boils,boil,boil
boisterous,boister,boisterous
boisterously,boister,boisterously
boitier,boitier,boitier
bold,bold,bold
bolden,bolden,bolden
bolder,bolder,bolder
boldly,boldli,boldly
boldness,bold,boldness
bolin,bolin,bolin
bolingbroke,bolingbrok,bolingbroke
bolster,bolster,bolster
bolt,bolt,bolt
bolter,bolter,bolter
bolting,bolt,bolt
bombard,bombard,bombard
bombast,bombast,bombast
bon,bon,bon
bona,bona,bona
bond,bond,bond
bondage,bondag,bondage
bondmaid,bondmaid,bondmaid
bondman,bondman,bondman
bondslave,bondslav,bondslave
bone,bone,bone
boned,bone,bone
boneless,boneless,boneless
bones,bone,bone
bonfire,bonfir,bonfire
bonjour,bonjour,bonjour
bonne,bonn,bonne
bonnet,bonnet,bonnet
bonny,bonni,bonny
bonos,bono,bono
bonto,bonto,bonto
bonum,bonum,bonum
bonville,bonvil,bonville
book,book,book
bookful,book,bookful
bookish,bookish,bookish
bookmates,bookmat,bookmate
books,book,book
boom,boom,boom
boon,boon,boon
boor,boor,boor
boorish,boorish,boorish
boot,boot,boot
bootie,booti,bootie
bootless,bootless,bootless
booty,booti,booty
borachio,borachio,borachio
bordeaux,bordeaux,bordeaux
border,border,border
borderer,border,borderer
bore,bore,bore
borea,borea,borea
bored,bore,bore
borest,borest,borest
boring,bore,bore
borne,born,bear
borough,borough,borough
borrow,borrow,borrow
borrower,borrow,borrower
borrowing,borrow,borrow
bosko,bosko,bosko
boskos,bosko,boskos
bosky,boski,bosky
bosom,bosom,bosom
bosoms,bosom,bosom
boss,boss,boss
bosworth,bosworth,bosworth
bot,bot,bot
botch,botch,botch
botcher,botcher,botcher
botchy,botchi,botchy
bottle,bottl,bottle
bottled,bottl,bottle
bottom,bottom,bottom
bottomless,bottomless,bottomless
bouciqualt,bouciqualt,bouciqualt
bough,bough,bough
bought,bought,buy
boult,boult,boult
bounce,bounc,bounce
bound,bound,bind
bounded,bound,bound
bounden,bounden,bounden
boundeth,boundeth,boundeth
bounding,bound,bound
boundless,boundless,boundless
bounds,bound,bound
bounteous,bounteou,bounteous
bounteously,bounteous,bounteously
bountiful,bounti,bountiful
bountifully,bounti,bountifully
bounty,bounti,bounty
bourbier,bourbier,bourbier
bourbon,bourbon,bourbon
bourdeaux,bourdeaux,bourdeaux
bourn,bourn,bourn
bout,bout,bout
boute,bout,boute
bove,bove,bove
bow,bow,bow
bowcase,bowcas,bowcase
bowel,bowel,bowel
bowels,bowel,bowel
bower,bower,bower
bowl,bowl,bowl
bowler,bowler,bowler
bows,bow,bow
bowsprit,bowsprit,bowsprit
box,box,box
boy,boy,boy
boyet,boyet,boyet
boyish,boyish,boyish
boys,boy,boy
brabant,brabant,brabant
brabantio,brabantio,brabantio
brabble,brabbl,brabble
brabbler,brabbler,brabbler
brace,brace,brace
braced,brace,brace
bracelet,bracelet,bracelet
brach,brach,brach
bracy,braci,bracy
brag,brag,brag
bragg,bragg,bragg
braggardism,braggard,braggardism
braggart,braggart,braggart
bragging,brag,brag
bragless,bragless,bragless
braid,braid,braid
brain,brain,brain
brainish,brainish,brainish
brainless,brainless,brainless
brainpan,brainpan,brainpan
brains,brain,brain
brainsick,brainsick,brainsick
brainsickly,brainsickli,brainsickly
brake,brake,brake
brakenbury,brakenburi,brakenbury
bramble,brambl,bramble
bran,bran,bran
branch,branch,branch
branchless,branchless,branchless
brand,brand,brand
branded,brand,brand
brandish,brandish,brandish
brandon,brandon,brandon
brands,brand,brand
bras,bra,bras
brass,brass,brass
brassy,brassi,brassy
brat,brat,brat
brats,brat,brat
brave,brave,brave
braved,brave,brave
bravely,brave,bravely
braver,braver,braver
bravery,braveri,bravery
bravest,bravest,brave
braving,brave,brave
brawl,brawl,brawl
brawler,brawler,brawler
brawling,brawl,brawl
brawn,brawn,brawn
bray,bray,bray
braze,braze,braze
brazen,brazen,brazen
brazi,brazi,brazi
bre,bre,bre
breach,breach,breach
breaches,breach,breach
bread,bread,bread
breadth,breadth,breadth
break,break,break
breaker,breaker,breaker
breakfast,breakfast,breakfast
breaking,break,break
breast,breast,breast
breastplate,breastplat,breastplate
breath,breath,breath
breathe,breath,breathe
breather,breather,breather
breathes,breath,breathe
breathing,breath,breathe
breathless,breathless,breathless
breaths,breath,breath
brecknock,brecknock,brecknock
bred,bred,breed
bree,bree,bree
breech,breech,breech
breeche,breech,breeche
breed,breed,breed
breeder,breeder,breeder
breeders,breeder,breeder
breeding,breed,breed
breese,brees,breese
breeze,breez,breeze
breff,breff,breff
brentford,brentford,brentford
bretagne,bretagn,bretagne
brethren,brethren,brother
breton,breton,breton
brevis,brevi,brevis
brevity,breviti,brevity
brew,brew,brew
brewage,brewag,brewage
brewer,brewer,brewer
brewing,brew,brew
briareus,briareu,briareus
bribe,bribe,bribe
briber,briber,briber
brick,brick,brick
bricklayer,bricklay,bricklayer
bridal,bridal,bridal
bride,bride,bride
bridegroom,bridegroom,bridegroom
bridge,bridg,bridge
bridgenorth,bridgenorth,bridgenorth
bridget,bridget,bridget
bridle,bridl,bridle
brief,brief,brief
briefer,briefer,briefer
briefly,briefli,briefly
briefness,brief,briefness
brier,brier,brier
brigandine,brigandin,brigandine
bright,bright,bright
brightest,brightest,bright
brightly,brightli,brightly
brightness,bright,brightness
brim,brim,brim
brimful,brim,brimful
brimstone,brimston,brimstone
brinde,brind,brinde
brine,brine,brine
bring,bring,bring
bringer,bringer,bringer
bringest,bringest,bringest
bringeth,bringeth,bringeth
bringing,bring,bring
brinish,brinish,brinish
brink,brink,brink
brisk,brisk,brisk
brisky,briski,brisky
bristle,bristl,bristle
bristled,bristl,bristle
bristol,bristol,bristol
britain,britain,britain
british,british,british
briton,briton,briton
britons,briton,briton
brittany,brittani,brittany
brittle,brittl,brittle
broach,broach,broach
broad,broad,broad
broader,broader,broader
brocas,broca,brocas
brock,brock,brock
brogue,brogu,brogue
broil,broil,broil
broke,broke,break
broken,broken,break
brokenly,brokenli,brokenly
broker,broker,broker
brooch,brooch,brooch
brood,brood,brood
brook,brook,brook
brooks,brook,brooks
broom,broom,broom
broth,broth,broth
brothel,brothel,brothel
brother,brother,brother
brotherhood,brotherhood,brotherhood
brotherlike,brotherlik,brotherlike
brotherly,brotherli,brotherly
brothers,brother,brother
brow,brow,brow
brown,brown,brown
browner,browner,browner
brownist,brownist,brownist
brows,brow,brow
browse,brows,browse
bruise,bruis,bruise
bruising,bruis,bruise
bruit,bruit,bruit
brundusium,brundusium,brundusium
brunt,brunt,brunt
brush,brush,brush
brute,brute,brute
brutish,brutish,brutish
brutus,brutu,brutus
bub,bub,bub
bubble,bubbl,bubble
bubukles,bubukl,bubukle
buck,buck,buck
bucket,bucket,bucket
buckingham,buckingham,buckingham
buckle,buckl,buckle
buckler,buckler,buckler
bucklersbury,bucklersburi,bucklersbury
buckles,buckl,buckle
buckram,buckram,buckram
bud,bud,bud
budg,budg,budg
budge,budg,budge
budget,budget,budget
buff,buff,buff
buffet,buffet,buffet
bug,bug,bug
bugbear,bugbear,bugbear
bugle,bugl,bugle
bugs,bug,bug
build,build,build
buildeth,buildeth,buildeth
building,build,build
bulk,bulk,bulk
bull,bull,bull
bullen,bullen,bullen
bullens,bullen,bullen
bullet,bullet,bullet
bullock,bullock,bullock
bully,bulli,bully
bulwark,bulwark,bulwark
bum,bum,bum
bump,bump,bump
bunch,bunch,bunch
bunchback,bunchback,bunchback
bunche,bunch,bunche
bundle,bundl,bundle
bung,bung,bung
bungle,bungl,bungle
bunting,bunt,bunt
buoy,buoy,buoy
bur,bur,bur
burden,burden,burden
burgher,burgher,burgher
burghers,burgher,burgher
burglary,burglari,burglary
burgomaster,burgomast,burgomaster
burgonet,burgonet,burgonet
burgundy,burgundi,burgundy
burial,burial,burial
buried,buri,bury
burly,burli,burly
burn,burn,burn
burnet,burnet,burnet
burneth,burneth,burneth
burning,burn,burn
burnish,burnish,burnish
burns,burn,burn
burr,burr,burr
burrow,burrow,burrow
burs,bur,bur
burst,burst,burst
burthen,burthen,burthen
burthening,burthen,burthen
burthenous,burthen,burthenous
burton,burton,burton
burtonheath,burtonheath,burtonheath
bury,buri,bury
bush,bush,bush
bushel,bushel,bushel
bushy,bushi,bushy
busied,busi,busy
busily,busili,busily
business,busi,business
buskin,buskin,buskin
busky,buski,busky
buss,buss,buss
bustle,bustl,bustle
bustling,bustl,bustle
busy,busi,busy
butcher,butcher,butcher
butcherly,butcherli,butcherly
butchery,butcheri,butchery
butler,butler,butler
butt,butt,butt
butter,butter,butter
buttered,butter,butter
butterfly,butterfli,butterfly
buttering,butter,butter
buttery,butteri,buttery
buttock,buttock,buttock
button,button,button
buttonhole,buttonhol,buttonhole
buttress,buttress,buttress
butts,butt,butts
buxom,buxom,buxom
buy,buy,buy
buyer,buyer,buyer
buying,buy,buy
buz,buz,buz
buzz,buzz,buzz
buzzard,buzzard,buzzard
buzzer,buzzer,buzzer
buzzing,buzz,buzz
byzantium,byzantium,byzantium
cabbage,cabbag,cabbage
cabby,cabbi,cabby
cabin,cabin,cabin
cable,cabl,cable
cacaliban,cacaliban,cacaliban
cackle,cackl,cackle
cackling,cackl,cackle
cacodemon,cacodemon,cacodemon
caddis,caddi,caddis
caddisse,caddiss,caddisse
cade,cade,cade
cadence,cadenc,cadence
cadent,cadent,cadent
cadmus,cadmu,cadmus
caduceus,caduceu,caduceus
cadwal,cadwal,cadwal
cadwallader,cadwallad,cadwallader
caelius,caeliu,caelius
caelo,caelo,caelo
caesar,caesar,caesar
caesarion,caesarion,caesarion
caetera,caetera,caetera
cage,cage,cage
cain,cain,cain
caithness,caith,caithness
caitiff,caitiff,caitiff
caius,caiu,caius
cake,cake,cake
calaber,calab,calaber
calais,calai,calais
calamity,calam,calamity
calcha,calcha,calcha
calchas,calcha,calchas
calculate,calcul,calculate
calendar,calendar,calendar
calf,calf,calf
calfs,calf,calfs
caliban,caliban,caliban
caliver,caliv,caliver
call,call,call
callat,callat,callat
callet,callet,callet
calling,call,call
calm,calm,calm
calmie,calmi,calmie
calmly,calmli,calmly
calmness,calm,calmness
calpurnia,calpurnia,calpurnia
calumniate,calumni,calumniate
calumniating,calumni,calumniate
calumnious,calumni,calumnious
calumny,calumni,calumny
calve,calv,calve
calydon,calydon,calydon
cam,cam,cam
cambio,cambio,cambio
cambria,cambria,cambria
cambric,cambric,cambric
cambridge,cambridg,cambridge
cambyse,cambys,cambyse
came,came,come
camel,camel,camel
camelot,camelot,camelot
camest,camest,cam
camillo,camillo,camillo
camlet,camlet,camlet
camomile,camomil,camomile
camp,camp,camp
campeius,campeiu,campeius
can,can,can
canakin,canakin,canakin
canary,canari,canary
cancel,cancel,cancel
cancell,cancel,cancell
cancer,cancer,cancer
candidatus,candidatu,candidatus
candied,candi,candy
candle,candl,candle
candlestick,candlestick,candlestick
candy,candi,candy
canidius,canidiu,canidius
canis,cani,canis
canker,canker,canker
cannibal,cannib,cannibal
cannibally,cannib,cannibally
cannon,cannon,cannon
cannoneer,cannon,cannoneer
canon,canon,canon
canonize,canon,canonize
canonized,canon,canonize
canopied,canopi,canopy
canopy,canopi,canopy
canst,canst,canst
canstick,canstick,canstick
canterbury,canterburi,canterbury
cantle,cantl,cantle
canton,canton,canton
canvas,canva,canvas
canvass,canvass,canvass
canzonet,canzonet,canzonet
cap,cap,cap
capability,capabl,capability
capable,capabl,capable
capacity,capac,capacity
caparison,caparison,caparison
cape,cape,cape
capel,capel,capel
caper,caper,caper
capering,caper,caper
capet,capet,capet
caphis,caphi,caphis
capilet,capilet,capilet
capitaine,capitain,capitaine
capital,capit,capital
capite,capit,capite
capitol,capitol,capitol
capitulate,capitul,capitulate
capocchia,capocchia,capocchia
capon,capon,capon
capp,capp,capp
cappadocia,cappadocia,cappadocia
capriccio,capriccio,capriccio
capricious,caprici,capricious
captain,captain,captain
captains,captain,captain
captainship,captainship,captainship
captious,captiou,captious
captiv,captiv,captiv
captivate,captiv,captivate
captive,captiv,captive
captivity,captiv,captivity
captum,captum,captum
capucius,capuciu,capucius
capulet,capulet,capulet
capulets,capulet,capulet
car,car,car
carack,carack,carack
carat,carat,carat
carbon,carbon,carbon
carbonado,carbonado,carbonado
carbonadoe,carbonado,carbonadoe
carbonadoed,carbonado,carbonadoe
carbuncle,carbuncl,carbuncle
carcanet,carcanet,carcanet
carcass,carcass,carcas
card,card,card
carded,card,card
carder,carder,carder
cardinal,cardin,cardinal
cardinally,cardin,cardinally
cardmaker,cardmak,cardmaker
carduus,carduu,carduus
care,care,care
career,career,career
careful,care,careful
carefully,care,carefully
careire,careir,careire
careless,careless,careless
carelessly,carelessli,carelessly
carelessness,careless,carelessness
cares,care,care
carest,carest,carest
caret,caret,caret
cargo,cargo,cargo
carl,carl,carl
carlisle,carlisl,carlisle
carlot,carlot,carlot
carman,carman,carman
carnal,carnal,carnal
carnally,carnal,carnally
carnarvonshire,carnarvonshir,carnarvonshire
carnation,carnat,carnation
carol,carol,carol
carouse,carous,carouse
carousing,carous,carouse
carp,carp,carp
carpenter,carpent,carpenter
carper,carper,carper
carpet,carpet,carpet
carping,carp,carping
carriage,carriag,carriage
carriages,carriag,carriage
carrier,carrier,carrier
carrion,carrion,carrion
carry,carri,carry
carrying,carri,carry
cart,cart,cart
carter,carter,carter
carthage,carthag,carthage
carve,carv,carve
carver,carver,carver
casa,casa,casa
casca,casca,casca
case,case,case
casement,casement,casement
cash,cash,cash
cashier,cashier,cashier
casing,case,case
casion,casion,casion
cask,cask,cask
casket,casket,casket
casque,casqu,casque
cassado,cassado,cassado
cassandra,cassandra,cassandra
cassibelan,cassibelan,cassibelan
cassio,cassio,cassio
cassius,cassiu,cassius
cassock,cassock,cassock
cast,cast,cast
castalion,castalion,castalion
castaway,castaway,castaway
caster,caster,caster
castigate,castig,castigate
castigation,castig,castigation
castiliano,castiliano,castiliano
castle,castl,castle
casts,cast,cast
casual,casual,casual
casually,casual,casually
casualty,casualti,casualty
cat,cat,cat
cataian,cataian,cataian
catalogue,catalogu,catalogue
cataplasm,cataplasm,cataplasm
cataract,cataract,cataract
catarrhs,catarrh,catarrhs
catastrophe,catastroph,catastrophe
catch,catch,catch
catcher,catcher,catcher
cate,cate,cate
catechise,catechis,catechise
catechism,catech,catechism
cater,cater,cater
caterpillar,caterpillar,caterpillar
caterwaul,caterwaul,caterwaul
catesby,catesbi,catesby
cathedral,cathedr,cathedral
catlike,catlik,catlike
catling,catl,catle
cato,cato,cato
cattle,cattl,cattle
caucasus,caucasu,caucasus
caudle,caudl,caudle
cauf,cauf,cauf
cauldron,cauldron,cauldron
caulk,caulk,caulk
caus,cau,caus
cause,caus,cause
causeless,causeless,causeless
causer,causer,causer
causeth,causeth,causeth
cautel,cautel,cautel
cautelous,cautel,cautelous
cauterize,cauter,cauterize
caution,caution,caution
cavaleire,cavaleir,cavaleire
cavaleiro,cavaleiro,cavaleiro
cavalery,cavaleri,cavalery
cavalier,cavali,cavalier
cave,cave,cave
cavern,cavern,cavern
caveto,caveto,caveto
caviare,caviar,caviare
cavil,cavil,cavil
caw,caw,caw
cawdor,cawdor,cawdor
cease,ceas,cease
ceaseth,ceaseth,ceaseth
cedar,cedar,cedar
cedius,cediu,cedius
celebrate,celebr,celebrate
celebration,celebr,celebration
celerity,celer,celerity
celestial,celesti,celestial
celia,celia,celia
cell,cell,cell
cellar,cellar,cellar
cellarage,cellarag,cellarage
celsa,celsa,celsa
cement,cement,cement
cens,cen,cen
censor,censor,censor
censorinus,censorinu,censorinus
censure,censur,censure
censurer,censur,censurer
censures,censur,censures
cent,cent,cent
centaur,centaur,centaur
centaurs,centaur,centaur
centre,centr,centre
centurion,centurion,centurion
century,centuri,century
cerberus,cerberu,cerberus
cere,cere,cere
cerecloth,cerecloth,cerecloth
cerements,cerement,cerement
ceremonial,ceremoni,ceremonial
ceremonious,ceremoni,ceremonious
ceremoniously,ceremoni,ceremoniously
ceremony,ceremoni,ceremony
ceres,cere,cere
cerimon,cerimon,cerimon
cern,cern,cern
certain,certain,certain
certainer,certain,certainer
certainly,certainli,certainly
certainty,certainti,certainty
certe,cert,certe
certes,cert,certe
certify,certifi,certify
cesario,cesario,cesario
cess,cess,cess
cesse,cess,cesse
cetera,cetera,cetera
cette,cett,cette
chace,chace,chace
chafe,chafe,chafe
chafed,chafe,chafe
chaff,chaff,chaff
chaffless,chaffless,chaffless
chafing,chafe,chafing
chain,chain,chain
chains,chain,chain
chair,chair,chair
chalice,chalic,chalice
chaliced,chalic,chalice
chalk,chalk,chalk
chalky,chalki,chalky
challenge,challeng,challenge
challenger,challeng,challenger
cham,cham,cham
chamber,chamber,chamber
chamberer,chamber,chamberer
chamberlain,chamberlain,chamberlain
chambermaid,chambermaid,chambermaid
chambers,chamber,chamber
chameleon,chameleon,chameleon
champ,champ,champ
champagne,champagn,champagne
champaign,champaign,champaign
champain,champain,champain
champion,champion,champion
champions,champion,champion
chance,chanc,chance
chancellor,chancellor,chancellor
chandler,chandler,chandler
chang,chang,chang
change,chang,change
changeable,changeabl,changeable
changeful,chang,changeful
changele,changel,changele
changeling,changel,changele
changer,changer,changer
changeth,changeth,changeth
channel,channel,channel
chanson,chanson,chanson
chant,chant,chant
chanticleer,chanticl,chanticleer
chantry,chantri,chantry
chaos,chao,chaos
chap,chap,chap
chape,chape,chape
chapel,chapel,chapel
chapeless,chapeless,chapeless
chapels,chapel,chapel
chaplain,chaplain,chaplain
chapless,chapless,chapless
chaplet,chaplet,chaplet
chapman,chapman,chapman
chapp,chapp,chapp
chappy,chappi,chappy
chapter,chapter,chapter
charact,charact,charact
character,charact,character
characterless,characterless,characterless
charactery,characteri,charactery
charbon,charbon,charbon
chare,chare,chare
charge,charg,charge
chargeful,charg,chargeful
chargeth,chargeth,chargeth
chariness,chari,chariness
charing,chare,charing
chariot,chariot,chariot
charitable,charit,charitable
charitably,charit,charitably
charity,chariti,charity
charle,charl,charle
charlemain,charlemain,charlemain
charles,charl,charles
charm,charm,charm
charmed,charm,charm
charmer,charmer,charmer
charmeth,charmeth,charmeth
charmian,charmian,charmian
charming,charm,charming
charmingly,charmingli,charmingly
charneco,charneco,charneco
charnel,charnel,charnel
charolois,charoloi,charolois
charon,charon,charon
charter,charter,charter
chartreux,chartreux,chartreux
chary,chari,chary
charybdis,charybdi,charybdis
chase,chase,chase
chaser,chaser,chaser
chaseth,chaseth,chaseth
chaste,chast,chaste
chastely,chast,chastely
chastise,chastis,chastise
chastisement,chastis,chastisement
chastity,chastiti,chastity
chat,chat,chat
chatham,chatham,chatham
chatillon,chatillon,chatillon
chats,chat,chat
chattel,chattel,chattel
chatter,chatter,chatter
chattering,chatter,chatter
chaud,chaud,chaud
chaudron,chaudron,chaudron
che,che,che
cheap,cheap,cheap
cheapen,cheapen,cheapen
cheaply,cheapli,cheaply
cheapside,cheapsid,cheapside
cheat,cheat,cheat
cheater,cheater,cheater
check,check,check
cheek,cheek,cheek
cheeked,cheek,cheek
cheer,cheer,cheer
cheerer,cheerer,cheerer
cheerest,cheerest,cheerest
cheerful,cheer,cheerful
cheerfully,cheer,cheerfully
cheerless,cheerless,cheerless
cheerly,cheerli,cheerly
cheese,chees,cheese
cheque,chequ,cheque
chequer,chequer,chequer
chequin,chequin,chequin
cher,cher,cher
cherish,cherish,cherish
cherisher,cherish,cherisher
cherishing,cherish,cherish
cherry,cherri,cherry
chertsey,chertsey,chertsey
cherub,cherub,cherub
cherubim,cherubim,cherubim
cherubims,cherubim,cherubim
cherubin,cherubin,cherubin
cherubins,cherubin,cherubin
cheshu,cheshu,cheshu
chess,chess,chess
chest,chest,chest
chestnut,chestnut,chestnut
cheta,cheta,cheta
cheval,cheval,cheval
chevalier,chevali,chevalier
cheveril,cheveril,cheveril
chew,chew,chew
chewet,chewet,chewet
chez,chez,chez
chi,chi,chi
chick,chick,chick
chicken,chicken,chicken
chicurmurco,chicurmurco,chicurmurco
chid,chid,chid
chidden,chidden,chidden
chide,chide,chide
chider,chider,chider
chides,chide,chide
chiding,chide,chide
chief,chief,chief
chiefest,chiefest,chief
chiefly,chiefli,chiefly
chien,chien,chien
child,child,child
childbe,childb,childbe
childbed,childb,childbe
childe,child,childe
childeric,childer,childeric
childhood,childhood,childhood
childish,childish,childish
childishness,childish,childishness
childness,child,childness
children,children,child
chill,chill,chill
chime,chime,chime
chimney,chimney,chimney
chimurcho,chimurcho,chimurcho
chin,chin,chin
china,china,china
chine,chine,chine
chink,chink,chink
chipp,chipp,chipp
chiron,chiron,chiron
chirp,chirp,chirp
chirrah,chirrah,chirrah
chirurgeonly,chirurgeonli,chirurgeonly
chisel,chisel,chisel
chitopher,chitoph,chitopher
chivalrous,chivalr,chivalrous
chivalry,chivalri,chivalry
choice,choic,choice
choicely,choic,choicely
choir,choir,choir
choke,choke,choke
chol,chol,chol
choler,choler,choler
choleric,choler,choleric
chollor,chollor,chollor
choose,choos,choose
chooser,chooser,chooser
chooses,choos,choose
chooseth,chooseth,chooseth
choosing,choos,choose
chop,chop,chop
chopine,chopin,chopine
chopt,chopt,chopt
chorister,chorist,chorister
chorus,choru,chorus
chose,chose,choose
chough,chough,chough
choughs,chough,chough
chrish,chrish,chrish
christ,christ,christ
christen,christen,christen
christendom,christendom,christendom
christening,christen,christen
christian,christian,christian
christians,christian,christian
christmas,christma,christmas
christom,christom,christom
christopher,christoph,christopher
christophero,christophero,christophero
chronicle,chronicl,chronicle
chronicler,chronicl,chronicler
chrysolite,chrysolit,chrysolite
chuck,chuck,chuck
chud,chud,chud
chuff,chuff,chuff
church,church,church
churchman,churchman,churchman
churchmen,churchmen,churchman
churchyard,churchyard,churchyard
churl,churl,churl
churlish,churlish,churlish
churlishly,churlishli,churlishly
churn,churn,churn
chus,chu,chus
cicatrice,cicatric,cicatrice
cicatrix,cicatrix,cicatrix
cicel,cicel,cicel
cicely,cice,cicely
cicero,cicero,cicero
cicester,cicest,cicester
ciel,ciel,ciel
cilicia,cilicia,cilicia
cimber,cimber,cimber
cimmerian,cimmerian,cimmerian
cinable,cinabl,cinable
cincture,cinctur,cincture
cinder,cinder,cinder
cinna,cinna,cinna
cinque,cinqu,cinque
cipher,cipher,cipher
circa,circa,circa
circe,circ,circe
circle,circl,circle
circled,circl,circle
circlet,circlet,circlet
circuit,circuit,circuit
circum,circum,circum
circumcise,circumcis,circumcise
circumference,circumfer,circumference
circummure,circummur,circummure
circumscribe,circumscrib,circumscribe
circumscription,circumscript,circumscription
circumspect,circumspect,circumspect
circumstance,circumst,circumstance
circumstanced,circumstanc,circumstance
circumstantial,circumstanti,circumstantial
circumvent,circumv,circumvent
circumvention,circumvent,circumvention
cistern,cistern,cistern
citadel,citadel,citadel
cital,cital,cital
cite,cite,cite
citizen,citizen,citizen
citizens,citizen,citizen
cittern,cittern,cittern
city,citi,city
civet,civet,civet
civil,civil,civil
civility,civil,civility
civilly,civilli,civilly
clack,clack,clack
claim,claim,claim
clamber,clamber,clamber
clamorous,clamor,clamorous
clamour,clamour,clamour
clamourous,clamour,clamourous
clang,clang,clang
clangour,clangour,clangour
clap,clap,clap
clapp,clapp,clapp
clapper,clapper,clapper
clapping,clap,clapping
claps,clap,clap
clare,clare,clare
clarence,clarenc,clarence
claret,claret,claret
claribel,claribel,claribel
clasp,clasp,clasp
clasping,clasp,clasp
clasps,clasp,clasps
clatter,clatter,clatter
claudio,claudio,claudio
claudius,claudiu,claudius
clause,claus,clause
claw,claw,claw
claws,claw,claws
clay,clay,clay
cle,cle,cle
clean,clean,clean
cleanly,cleanli,cleanly
cleanse,cleans,cleanse
clear,clear,clear
clearly,clearli,clearly
clearness,clear,clearness
clearstore,clearstor,clearstore
cleave,cleav,cleave
clef,clef,clef
cleft,cleft,cleft
cleitus,cleitu,cleitus
clemency,clemenc,clemency
clement,clement,clement
cleomene,cleomen,cleomene
cleon,cleon,cleon
cleopatra,cleopatra,cleopatra
clepe,clepe,clepe
clepeth,clepeth,clepeth
clergy,clergi,clergy
clergyman,clergyman,clergyman
clerk,clerk,clerk
clerkly,clerkli,clerkly
clew,clew,clew
client,client,client
cliff,cliff,cliff
clifford,clifford,clifford
clifton,clifton,clifton
climate,climat,climate
climature,climatur,climature
climb,climb,climb
climber,climber,climber
climbeth,climbeth,climbeth
climbing,climb,climb
clime,clime,clime
clink,clink,clink
clinking,clink,clink
clinquant,clinquant,clinquant
clip,clip,clip
clipp,clipp,clipp
clipper,clipper,clipper
clippeth,clippeth,clippeth
clipt,clipt,clipt
clitus,clitu,clitus
cloak,cloak,cloak
cloaks,cloak,cloak
clock,clock,clock
clod,clod,clod
cloddy,cloddi,cloddy
clodpole,clodpol,clodpole
clog,clog,clog
clogs,clog,clogs
cloister,cloister,cloister
cloistress,cloistress,cloistress
close,close,close
closed,close,close
closely,close,closely
closeness,close,closeness
closet,closet,closet
closing,close,closing
closure,closur,closure
cloten,cloten,cloten
cloth,cloth,cloth
clothair,clothair,clothair
clotharius,clothariu,clotharius
clothe,cloth,clothe
clothier,clothier,clothier
clothing,cloth,clothing
clotpole,clotpol,clotpole
clotpoll,clotpol,clotpoll
cloud,cloud,cloud
clouded,cloud,cloud
cloudiness,cloudi,cloudiness
clouds,cloud,cloud
cloudy,cloudi,cloudy
clout,clout,clout
clov,clov,clov
clove,clove,clove
cloven,cloven,cleave
clover,clover,clover
clowder,clowder,clowder
clown,clown,clown
clownish,clownish,clownish
clowns,clown,clown
cloy,cloy,cloy
cloyed,cloy,cloy
cloyless,cloyless,cloyless
cloyment,cloyment,cloyment
club,club,club
cluck,cluck,cluck
clung,clung,clung
cluster,cluster,cluster
clutch,clutch,clutch
clyster,clyster,clyster
cneius,cneiu,cneius
coach,coach,coach
coachmaker,coachmak,coachmaker
coactive,coactiv,coactive
coagulate,coagul,coagulate
coal,coal,coal
coarse,coars,coarse
coarsely,coars,coarsely
coast,coast,coast
coat,coat,coat
coated,coat,coat
cobble,cobbl,cobble
cobbled,cobbl,cobble
cobbler,cobbler,cobbler
cobham,cobham,cobham
cobloaf,cobloaf,cobloaf
cobweb,cobweb,cobweb
cobwebs,cobweb,cobwebs
cock,cock,cock
cockatrice,cockatric,cockatrice
cocker,cocker,cocker
cockerel,cockerel,cockerel
cockl,cockl,cockl
cockle,cockl,cockle
cockney,cockney,cockney
cockpit,cockpit,cockpit
cockscomb,cockscomb,cockscomb
cocksure,cocksur,cocksure
coctus,coctu,coctus
cocytus,cocytu,cocytus
cod,cod,cod
codpiece,codpiec,codpiece
coelestibus,coelestibu,coelestibus
coeur,coeur,coeur
coffer,coffer,coffer
coffin,coffin,coffin
cog,cog,cog
cogitation,cogit,cogitation
cognition,cognit,cognition
cognizance,cogniz,cognizance
cohere,coher,cohere
coherent,coher,coherent
cohort,cohort,cohort
coign,coign,coign
coigns,coign,coigns
coil,coil,coil
coin,coin,coin
coinage,coinag,coinage
coiner,coiner,coiner
coistrel,coistrel,coistrel
col,col,col
colbrand,colbrand,colbrand
colchos,colcho,colchos
cold,cold,cold
colder,colder,colder
coldly,coldli,coldly
coldness,cold,coldness
colebrook,colebrook,colebrook
colic,colic,colic
collar,collar,collar
collateral,collater,collateral
colleague,colleagu,colleague
collect,collect,collect
collection,collect,collection
college,colleg,college
collier,collier,colly
collop,collop,collop
collusion,collus,collusion
colly,colli,colly
colme,colm,colme
colmekill,colmekil,colmekill
coloquintida,coloquintida,coloquintida
colossus,colossu,colossus
colour,colour,colour
colourable,colour,colourable
coloured,colour,colour
colours,colour,colour
colt,colt,colt
colte,colt,colte
colts,colt,colt
columbine,columbin,columbine
com,com,com
comagene,comagen,comagene
comb,comb,comb
combat,combat,combat
combatant,combat,combatant
combinate,combin,combinate
combination,combin,combination
combine,combin,combine
combined,combin,combine
combless,combless,combless
combustion,combust,combustion
come,come,come
comedian,comedian,comedian
comedy,comedi,comedy
comeliness,comeli,comeliness
comelius,comeliu,comelius
comely,come,comely
comer,comer,comer
comes,come,come
comest,comest,comest
comet,comet,comet
cometh,cometh,cometh
comfect,comfect,comfect
comfit,comfit,comfit
comfort,comfort,comfort
comfortable,comfort,comfortable
comforter,comfort,comforter
comfortless,comfortless,comfortless
comforts,comfort,comfort
comic,comic,comic
comical,comic,comical
coming,come,come
cominius,cominiu,cominius
comma,comma,comma
command,command,command
commande,command,commande
commanded,command,command
commander,command,commander
commanding,command,command
commandment,command,commandment
commands,command,command
comme,comm,comme
commence,commenc,commence
commencement,commenc,commencement
commend,commend,commend
commendable,commend,commendable
commendation,commend,commendation
commending,commend,commend
comment,comment,comment
commentaries,commentari,commentary
commenting,comment,comment
commerce,commerc,commerce
commingle,commingl,commingle
commiseration,commiser,commiseration
commission,commiss,commission
commissioner,commission,commissioner
commit,commit,commit
committ,committ,committ
committed,commit,commit
commix,commix,commix
commixtion,commixt,commixtion
commixture,commixtur,commixture
commodious,commodi,commodious
commodity,commod,commodity
common,common,common
commonalty,commonalti,commonalty
commoner,common,commoner
commonly,commonli,commonly
commons,common,commons
commonweal,commonw,commonweal
commonwealth,commonwealth,commonwealth
commotion,commot,commotion
commune,commun,commune
communicat,communicat,communicat
communicate,commun,communicate
communication,commun,communication
community,commun,community
commutual,commutu,commutual
comondy,comondi,comondy
compact,compact,compact
companion,companion,companion
companionship,companionship,companionship
company,compani,company
comparative,compar,comparative
compare,compar,compare
comparison,comparison,comparison
compass,compass,compass
compassing,compass,compass
compassion,compass,compassion
compassionate,compassion,compassionate
compeer,compeer,compeer
compel,compel,compel
compell,compel,compell
compelling,compel,compelling
compensation,compens,compensation
competency,compet,competency
competent,compet,competent
competitor,competitor,competitor
compile,compil,compile
complain,complain,complain
complainer,complain,complainer
complaining,complain,complain
complaint,complaint,complaint
complement,complement,complement
complete,complet,complete
complexion,complexion,complexion
complice,complic,complice
compliment,compliment,compliment
complimental,compliment,complimental
complot,complot,complot
complotted,complot,complot
comply,compli,comply
compose,compos,compose
composition,composit,composition
compost,compost,compost
composture,compostur,composture
composure,composur,composure
compound,compound,compound
comprehend,comprehend,comprehend
compremise,compremis,compremise
comprise,compris,comprise
comprising,compris,comprise
compromise,compromis,compromise
compt,compt,compt
comptible,comptibl,comptible
comptroller,comptrol,comptroller
compulsatory,compulsatori,compulsatory
compulsion,compuls,compulsion
compulsive,compuls,compulsive
compunctious,compuncti,compunctious
computation,comput,computation
comrade,comrad,comrade
con,con,con
concave,concav,concave
concavity,concav,concavity
conceal,conceal,conceal
concealment,conceal,concealment
conceit,conceit,conceit
conceite,conceit,conceite
conceited,conceit,conceite
conceitless,conceitless,conceitless
conceive,conceiv,conceive
conceives,conceiv,conceive
conceiving,conceiv,conceive
conception,concept,conception
conceptious,concepti,conceptious
concern,concern,concern
concernancy,concern,concernancy
concerneth,concerneth,concerneth
concerning,concern,concern
concerns,concern,concern
concert,concert,concert
conclave,conclav,conclave
conclude,conclud,conclude
concludest,concludest,concludest
conclusion,conclus,conclusion
concolinel,concolinel,concolinel
concord,concord,concord
concubine,concubin,concubine
concupiscible,concupisc,concupiscible
concupy,concupi,concupy
concur,concur,concur
condemn,condemn,condemn
condemnation,condemn,condemnation
condescend,condescend,condescend
condign,condign,condign
condition,condit,condition
conditionally,condit,conditionally
conditions,condit,condition
condole,condol,condole
condolement,condol,condolement
conduce,conduc,conduce
conduct,conduct,conduct
conductor,conductor,conductor
conduit,conduit,conduit
confection,confect,confection
confectionary,confectionari,confectionary
confederacy,confederaci,confederacy
confederate,confeder,confederate
confer,confer,confer
conference,confer,conference
conferr,conferr,conferr
confes,conf,confe
confess,confess,confess
confesse,confess,confesse
confesseth,confesseth,confesseth
confessing,confess,confess
confession,confess,confession
confessor,confessor,confessor
confidence,confid,confidence
confident,confid,confident
confidently,confid,confidently
confine,confin,confine
confineless,confineless,confineless
confiner,confin,confiner
confirm,confirm,confirm
confirmation,confirm,confirmation
confirmer,confirm,confirmer
confiscate,confisc,confiscate
confiscation,confisc,confiscation
confixe,confix,confixe
conflict,conflict,conflict
confluence,confluenc,confluence
conflux,conflux,conflux
conform,conform,conform
conformable,conform,conformable
confound,confound,confound
confounds,confound,confound
confront,confront,confront
confuse,confus,confuse
confused,confus,confuse
confusedly,confusedli,confusedly
confusion,confus,confusion
confutation,confut,confutation
confute,confut,confute
congeal,congeal,congeal
congealment,congeal,congealment
congee,conge,congee
congie,congi,congie
congratulate,congratul,congratulate
congreee,congree,congreee
congreeted,congreet,congreete
congregate,congreg,congregate
congregation,congreg,congregation
congrue,congru,congrue
congruent,congruent,congruent
conjectural,conjectur,conjectural
conjecture,conjectur,conjecture
conjoin,conjoin,conjoin
conjointly,conjointli,conjointly
conjunct,conjunct,conjunct
conjunction,conjunct,conjunction
conjunctive,conjunct,conjunctive
conjuration,conjur,conjuration
conjure,conjur,conjure
conjured,conjur,conjure
conjurer,conjur,conjurer
conjurers,conjur,conjurer
conjuro,conjuro,conjuro
conn,conn,conn
connive,conniv,connive
conqu,conqu,conqu
conquer,conquer,conquer
conquering,conquer,conquer
conqueror,conqueror,conqueror
conquest,conquest,conquest
conrade,conrad,conrade
consanguineous,consanguin,consanguineous
consanguinity,consanguin,consanguinity
conscience,conscienc,conscience
conscienced,conscienc,conscience
conscionable,conscion,conscionable
consecrate,consecr,consecrate
consecrated,consecr,consecrate
consent,consent,consent
consenting,consent,consent
consequence,consequ,consequence
consequently,consequ,consequently
conserve,conserv,conserve
consider,consid,consider
considerate,consider,considerate
consideration,consider,consideration
considering,consid,consider
consign,consign,consign
consist,consist,consist
consisteth,consisteth,consisteth
consistory,consistori,consistory
consolate,consol,consolate
consolation,consol,consolation
consonancy,conson,consonancy
consonant,conson,consonant
consort,consort,consort
conspectuitie,conspectuiti,conspectuitie
conspiracy,conspiraci,conspiracy
conspirant,conspir,conspirant
conspirator,conspir,conspirator
conspirators,conspir,conspirator
conspire,conspir,conspire
conspirer,conspir,conspirer
constable,constabl,constable
constance,constanc,constance
constancy,constanc,constancy
constant,constant,constant
constantine,constantin,constantine
constantinople,constantinopl,constantinople
constantly,constantli,constantly
constellation,constel,constellation
constitution,constitut,constitution
constrain,constrain,constrain
constraineth,constraineth,constraineth
constraint,constraint,constraint
constringe,constring,constringe
construction,construct,construction
construe,constru,construe
consul,consul,consul
consuls,consul,consul
consulship,consulship,consulship
consult,consult,consult
consulting,consult,consulting
consume,consum,consume
consuming,consum,consume
consummate,consumm,consummate
consummation,consumm,consummation
consumption,consumpt,consumption
contagion,contagion,contagion
contagious,contagi,contagious
contain,contain,contain
contains,contain,contain
contaminate,contamin,contaminate
contemn,contemn,contemn
contemning,contemn,contemn
contemplate,contempl,contemplate
contemplation,contempl,contemplation
contemplative,contempl,contemplative
contempt,contempt,contempt
contemptible,contempt,contemptible
contemptuous,contemptu,contemptuous
contemptuously,contemptu,contemptuously
contend,contend,contend
contending,contend,contend
content,content,content
contented,content,content
contenteth,contenteth,contenteth
contention,content,contention
contentious,contenti,contentious
contentless,contentless,contentless
contest,contest,contest
contestation,contest,contestation
continence,contin,continence
continency,contin,continency
continent,contin,continent
continual,continu,continual
continually,continu,continually
continuance,continu,continuance
continuate,continu,continuate
continue,continu,continue
continued,continu,continue
continuer,continu,continuer
continues,continu,continue
contract,contract,contract
contracting,contract,contracting
contraction,contract,contraction
contradict,contradict,contradict
contradiction,contradict,contradiction
contrarie,contrari,contrarie
contrariety,contrarieti,contrariety
contrarious,contrari,contrarious
contrariously,contrari,contrariously
contrary,contrari,contrary
contre,contr,contre
contribution,contribut,contribution
contributor,contributor,contributor
contrite,contrit,contrite
contrive,contriv,contrive
contrived,contriv,contrive
contrivedst,contrivedst,contrivedst
contriver,contriv,contriver
control,control,control
controll,control,controll
controller,control,controller
controlment,control,controlment
controversy,controversi,controversy
contumelious,contumeli,contumelious
contumeliously,contumeli,contumeliously
contumely,contum,contumely
contusion,contus,contusion
convenience,conveni,convenience
conveniency,conveni,conveniency
convenient,conveni,convenient
conveniently,conveni,conveniently
convent,convent,convent
convente,convent,convente
conventicle,conventicl,conventicle
conversant,convers,conversant
conversation,convers,conversation
converse,convers,converse
conversion,convers,conversion
convert,convert,convert
converted,convert,convert
convertite,convertit,convertite
convey,convey,convey
conveyance,convey,conveyance
conveyer,convey,conveyer
conveying,convey,convey
convict,convict,convict
convince,convinc,convince
convive,conviv,convive
convocation,convoc,convocation
convoy,convoy,convoy
convulsion,convuls,convulsion
cony,coni,cony
cook,cook,cook
cookery,cookeri,cookery
cool,cool,cool
cooling,cool,cool
coop,coop,coop
copatain,copatain,copatain
cope,cope,cope
copest,copest,cop
cophetua,cophetua,cophetua
copious,copiou,copious
copp,copp,copp
copper,copper,copper
copperspur,copperspur,copperspur
coppice,coppic,coppice
copulation,copul,copulation
copulative,copul,copulative
copy,copi,copy
coragio,coragio,coragio
coral,coral,coral
coram,coram,coram
corambus,corambu,corambus
coranto,coranto,coranto
corbo,corbo,corbo
cord,cord,cord
cordelia,cordelia,cordelia
cordial,cordial,cordial
cordis,cordi,cordis
cords,cord,cord
core,core,core
corin,corin,corin
corinth,corinth,corinth
corinthian,corinthian,corinthian
coriolanus,coriolanu,coriolanus
corioli,corioli,corioli
cork,cork,cork
corky,corki,corky
cormorant,cormor,cormorant
corn,corn,corn
cornelia,cornelia,cornelia
cornelius,corneliu,cornelius
corner,corner,corner
cornet,cornet,cornet
cornish,cornish,cornish
cornuto,cornuto,cornuto
cornwall,cornwal,cornwall
corollary,corollari,corollary
coronal,coron,coronal
coronation,coron,coronation
coroner,coron,coroner
coronet,coronet,coronet
corporal,corpor,corporal
corporate,corpor,corporate
corpse,corps,corpse
corpulent,corpul,corpulent
correct,correct,correct
correction,correct,correction
correspond,correspond,correspond
correspondent,correspond,correspondent
corresponsive,correspons,corresponsive
corrigible,corrig,corrigible
corrival,corriv,corrival
corroborate,corrobor,corroborate
corrosive,corros,corrosive
corrupt,corrupt,corrupt
corrupted,corrupt,corrupt
corrupter,corrupt,corrupter
corruptible,corrupt,corruptible
corruptibly,corrupt,corruptibly
corruption,corrupt,corruption
corruptly,corruptli,corruptly
corse,cors,corse
corslet,corslet,corslet
cosmo,cosmo,cosmo
cost,cost,cost
costard,costard,costard
costlier,costlier,costlier
costly,costli,costly
cot,cot,cot
cote,cote,cote
cotsall,cotsal,cotsall
cotswold,cotswold,cotswold
cottage,cottag,cottage
cotus,cotu,cotus
couch,couch,couch
couching,couch,couch
coude,coud,coude
cough,cough,cough
could,could,could
couldst,couldst,couldst
coulter,coulter,coulter
coun,coun,coun
council,council,council
counsel,counsel,counsel
counsell,counsel,counsell
counsellor,counsellor,counsellor
counsels,counsel,counsel
count,count,count
countenance,counten,countenance
counter,counter,counter
counterchange,counterchang,counterchange
countercheque,counterchequ,countercheque
counterfeit,counterfeit,counterfeit
counterfeiting,counterfeit,counterfeit
counterfeitly,counterfeitli,counterfeitly
countermand,countermand,countermand
countermines,countermin,countermine
counterpoint,counterpoint,counterpoint
counterpoise,counterpois,counterpoise
counters,counter,counter
countervail,countervail,countervail
countess,countess,countess
countesse,countess,countesse
countless,countless,countless
country,countri,country
countryman,countryman,countryman
countrywoman,countrywoman,countrywoman
county,counti,county
couper,couper,couper
couple,coupl,couple
couplement,couplement,couplement
couplet,couplet,couplet
cour,cour,cour
courage,courag,courage
courageous,courag,courageous
courageously,courag,courageously
courier,courier,courier
couronne,couronn,couronne
course,cours,course
courser,courser,courser
court,court,court
courteous,courteou,courteous
courteously,courteous,courteously
courtesy,courtesi,courtesy
courtezan,courtezan,courtezan
courti,courti,courti
courtier,courtier,courtier
courtly,courtli,courtly
courtney,courtney,courtney
courtship,courtship,courtship
courtsie,courtsi,courtsie
cousin,cousin,cousin
cousins,cousin,cousin
coutume,coutum,coutume
covenant,coven,covenant
covent,covent,covent
coventry,coventri,coventry
cover,cover,cover
coverlet,coverlet,coverlet
covert,covert,covert
covertly,covertli,covertly
coverture,covertur,coverture
covet,covet,covet
coveted,covet,covet
coveting,covet,covet
covetous,covet,covetous
covetously,covet,covetously
covetousness,covet,covetousness
cow,cow,cow
coward,coward,coward
cowarde,coward,cowarde
cowardice,cowardic,cowardice
cowardly,cowardli,cowardly
cowards,coward,coward
cowardship,cowardship,cowardship
cower,cower,cower
cowish,cowish,cowish
cowl,cowl,cowl
cowslip,cowslip,cowslip
cox,cox,cox
coxcomb,coxcomb,coxcomb
coxcombs,coxcomb,coxcomb
coy,coy,coy
coystrill,coystril,coystrill
coz,coz,coz
cozen,cozen,cozen
cozenage,cozenag,cozenage
cozened,cozen,cozen
cozener,cozen,cozener
cozening,cozen,cozen
cozier,cozier,cozier
crab,crab,crab
crabs,crab,crab
crack,crack,crack
cracker,cracker,cracker
cradle,cradl,cradle
cradled,cradl,cradle
craft,craft,craft
craftie,crafti,craftie
craftier,craftier,craftier
craftily,craftili,craftily
craftsman,craftsman,craftsman
crafty,crafti,crafty
craker,craker,craker
cram,cram,cram
cramm,cramm,cramm
crammed,cram,cram
cramp,cramp,cramp
crank,crank,crank
cranks,crank,crank
cranmer,cranmer,cranmer
crannied,cranni,crannie
cranny,cranni,cranny
crant,crant,crant
crare,crare,crare
crash,crash,crash
crassus,crassu,crassus
crave,crave,crave
craven,craven,craven
craver,craver,craver
craves,crave,crave
craveth,craveth,craveth
craving,crave,crave
crawl,crawl,crawl
craze,craze,craze
crazy,crazi,crazy
creak,creak,creak
cream,cream,cream
create,creat,create
created,creat,create
creation,creation,creation
creator,creator,creator
creature,creatur,creature
credence,credenc,credence
credent,credent,credent
credible,credibl,credible
credit,credit,credit
creditor,creditor,creditor
credo,credo,credo
credulity,credul,credulity
credulous,credul,credulous
creed,creed,creed
creek,creek,creek
creeks,creek,creek
creep,creep,creep
crescent,crescent,crescent
crescive,cresciv,crescive
cresset,cresset,cresset
cressid,cressid,cressid
cressida,cressida,cressida
cressy,cressi,cressy
crest,crest,crest
crestless,crestless,crestless
cretan,cretan,cretan
crete,crete,crete
crevice,crevic,crevice
crew,crew,crew
cri,cri,cri
crib,crib,crib
cribb,cribb,cribb
cricket,cricket,cricket
cried,cri,cry
criedst,criedst,criedst
crier,crier,crier
crime,crime,crime
crimeful,crime,crimeful
crimeless,crimeless,crimeless
criminal,crimin,criminal
crimson,crimson,crimson
cringe,cring,cringe
cripple,crippl,cripple
crisp,crisp,crisp
crispian,crispian,crispian
crispianus,crispianu,crispianus
crispin,crispin,crispin
critic,critic,critic
critical,critic,critical
croak,croak,croak
crocodile,crocodil,crocodile
cromer,cromer,cromer
cromwell,cromwel,cromwell
crone,crone,crone
crook,crook,crook
crookback,crookback,crookback
crooked,crook,crooked
crop,crop,crop
cropp,cropp,cropp
crosby,crosbi,crosby
cross,cross,cross
crosse,cross,crosse
crossing,cross,cross
crossly,crossli,crossly
crossness,cross,crossness
crossway,crossway,crossway
crost,crost,crost
crotchet,crotchet,crotchet
crouch,crouch,crouch
crouches,crouch,crouch
crow,crow,crow
crowd,crowd,crowd
crowing,crow,crowing
crown,crown,crown
crowner,crowner,crowner
crownet,crownet,crownet
crowns,crown,crown
cruel,cruel,cruel
cruell,cruell,cruell
crueller,crueller,crueller
cruelly,cruelli,cruelly
cruels,cruel,cruel
cruelty,cruelti,cruelty
crum,crum,crum
crumble,crumbl,crumble
crumbs,crumb,crumb
crupper,crupper,crupper
crusado,crusado,crusado
crush,crush,crush
crushest,crushest,crushest
crust,crust,crust
crusty,crusti,crusty
crutch,crutch,crutch
crutche,crutch,crutche
cry,cri,cry
crying,cri,cry
crystal,crystal,crystal
crystalline,crystallin,crystalline
cub,cub,cub
cubiculo,cubiculo,cubiculo
cubit,cubit,cubit
cuckold,cuckold,cuckold
cuckoldly,cuckoldli,cuckoldly
cuckolds,cuckold,cuckold
cuckoo,cuckoo,cuckoo
cucullus,cucullu,cucullus
cudgel,cudgel,cudgel
cudgell,cudgel,cudgell
cudgelling,cudgel,cudgel
cue,cue,cue
cuff,cuff,cuff
cuique,cuiqu,cuique
cuisse,cuiss,cuisse
cull,cull,cull
cullion,cullion,cullion
cullionly,cullionli,cullionly
culpable,culpabl,culpable
culverin,culverin,culverin
cum,cum,cum
cumber,cumber,cumber
cumberland,cumberland,cumberland
cunne,cunn,cunne
cunning,cun,cunne
cunningly,cunningli,cunningly
cuore,cuor,cuore
cup,cup,cup
cupbearer,cupbear,cupbearer
cupboard,cupboard,cupboard
cupboarde,cupboard,cupboarde
cupid,cupid,cupid
cuppele,cuppel,cuppele
cur,cur,cur
curan,curan,curan
curate,curat,curate
curb,curb,curb
curd,curd,curd
curdied,curdi,curdie
curds,curd,curd
cure,cure,cure
cured,cure,cure
cureless,cureless,cureless
curer,curer,curer
curfew,curfew,curfew
curio,curio,curio
curiosity,curios,curiosity
curious,curiou,curious
curiously,curious,curiously
curl,curl,curl
curlish,curlish,curlish
currance,curranc,currance
currant,currant,currant
current,current,current
currish,currish,currish
curs,cur,curs
curse,curs,curse
cursed,curs,curse
cursing,curs,curse
cursorary,cursorari,cursorary
curst,curst,curst
curster,curster,curster
curstest,curstest,curst
curstness,curst,curstness
curt,curt,curt
curtail,curtail,curtail
curtain,curtain,curtain
curtal,curtal,curtal
curtis,curti,curtis
curtle,curtl,curtle
curtsy,curtsi,curtsy
curvet,curvet,curvet
cushion,cushion,cushion
custalourum,custalourum,custalourum
custard,custard,custard
custody,custodi,custody
custom,custom,custom
customary,customari,customary
custome,custom,custome
customer,custom,customer
custure,custur,custure
cut,cut,cut
cutler,cutler,cutler
cutpurse,cutpurs,cutpurse
cutt,cutt,cutt
cutter,cutter,cutter
cyclop,cyclop,cyclop
cydnu,cydnu,cydnu
cydnus,cydnu,cydnu
cygnet,cygnet,cygnet
cymbal,cymbal,cymbal
cymbeline,cymbelin,cymbeline
cyme,cyme,cyme
cynic,cynic,cynic
cynthia,cynthia,cynthia
cypress,cypress,cypress
cyprus,cypru,cyprus
cyru,cyru,cyru
cytherea,cytherea,cytherea
dabble,dabbl,dabble
dad,dad,dad
daedalus,daedalu,daedalus
daff,daff,daff
daffe,daff,daffe
daffodil,daffodil,daffodil
dagger,dagger,dagger
daily,daili,daily
daintiest,daintiest,daintiest
daintily,daintili,daintily
daintiness,dainti,daintiness
daintry,daintri,daintry
dainty,dainti,dainty
daisie,daisi,daisie
daisy,daisi,daisy
dale,dale,dale
dalliance,dallianc,dalliance
dallie,dalli,dallie
dally,dalli,dally
dalmatian,dalmatian,dalmatian
dam,dam,dam
damage,damag,damage
damascus,damascu,damascus
damask,damask,damask
dame,dame,dame
dames,dame,dame
damm,damm,damm
damn,damn,damn
damnable,damnabl,damnable
damnably,damnabl,damnably
damnation,damnat,damnation
damned,damn,damn
damon,damon,damon
damosella,damosella,damosella
damp,damp,damp
damsel,damsel,damsel
damson,damson,damson
dan,dan,dan
dance,danc,dance
danced,danc,dance
dancer,dancer,dancer
dances,danc,dance
danceth,danceth,danceth
dancing,danc,dance
dandle,dandl,dandle
dandy,dandi,dandy
dane,dane,dane
danger,danger,danger
dangerous,danger,dangerous
dangerously,danger,dangerously
dangers,danger,danger
dangle,dangl,dangle
daniel,daniel,daniel
danish,danish,danish
dank,dank,dank
dankish,dankish,dankish
dansker,dansker,dansker
daphne,daphn,daphne
dapple,dappl,dapple
dapples,dappl,dapple
dar,dar,dar
dardan,dardan,dardan
dardanian,dardanian,dardanian
dardanius,dardaniu,dardanius
dare,dare,dare
dareful,dare,dareful
dares,dare,dare
daring,dare,dare
darius,dariu,darius
dark,dark,dark
darke,dark,darke
darken,darken,darken
darker,darker,darker
darkest,darkest,darkest
darkle,darkl,darkle
darkly,darkli,darkly
darkness,dark,darkness
darling,darl,darling
darnel,darnel,darnel
darraign,darraign,darraign
dart,dart,dart
darter,darter,darter
dartford,dartford,dartford
dash,dash,dash
dashes,dash,dash
dastard,dastard,dastard
dat,dat,dat
datchet,datchet,datchet
date,date,date
dateless,dateless,dateless
daub,daub,daub
daubery,dauberi,daubery
daughter,daughter,daughter
daughters,daughter,daughter
daunt,daunt,daunt
dauntless,dauntless,dauntless
dauphin,dauphin,dauphin
daventry,daventri,daventry
davy,davi,davy
daw,daw,daw
dawn,dawn,dawn
day,day,day
daylight,daylight,daylight
days,day,day
dazzle,dazzl,dazzle
dead,dead,dead
deadly,deadli,deadly
deaf,deaf,deaf
deafen,deafen,deafen
deafness,deaf,deafness
deafs,deaf,deafs
deal,deal,deal
dealer,dealer,dealer
dealest,dealest,dealest
dealing,deal,deal
dealt,dealt,deal
deanery,deaneri,deanery
dear,dear,dear
dearer,dearer,dearer
dearest,dearest,dearest
dearly,dearli,dearly
dearness,dear,dearness
dearth,dearth,dearth
death,death,death
deathbed,deathb,deathbe
deathful,death,deathful
deathman,deathman,deathman
deathsman,deathsman,deathsman
debase,debas,debase
debate,debat,debate
debatement,debat,debatement
debating,debat,debate
debile,debil,debile
debility,debil,debility
debitor,debitor,debitor
debonair,debonair,debonair
deborah,deborah,deborah
debosh,debosh,debosh
deboshe,debosh,deboshe
debt,debt,debt
debte,debt,debte
debtor,debtor,debtor
decay,decay,decay
decayer,decay,decayer
decaying,decay,decay
decease,deceas,decease
deceased,deceas,deceased
deceit,deceit,deceit
deceitful,deceit,deceitful
deceive,deceiv,deceive
deceiveable,deceiv,deceiveable
deceiver,deceiv,deceiver
deceivest,deceivest,deceivest
deceiveth,deceiveth,deceiveth
december,decemb,december
decent,decent,decent
deceptious,decepti,deceptious
decern,decern,decern
decide,decid,decide
decimation,decim,decimation
decipher,deciph,decipher
decision,decis,decision
decius,deciu,decius
deck,deck,deck
declare,declar,declare
declension,declens,declension
decline,declin,decline
decoct,decoct,decoct
decorum,decorum,decorum
decrease,decreas,decrease
decree,decre,decree
decreed,decre,decreed
decrepit,decrepit,decrepit
dedicate,dedic,dedicate
dedicated,dedic,dedicate
dedication,dedic,dedication
dee,dee,dee
deed,deed,deed
deedless,deedless,deedless
deeds,deed,deed
deem,deem,deem
deep,deep,deep
deeply,deepli,deeply
deeps,deep,deep
deer,deer,deer
deesse,deess,deesse
deface,defac,deface
defacer,defac,defacer
defame,defam,defame
default,default,default
defeat,defeat,defeat
defeature,defeatur,defeature
defect,defect,defect
defective,defect,defective
defence,defenc,defence
defend,defend,defend
defendant,defend,defendant
defender,defend,defender
defense,defens,defense
defensible,defens,defensible
defensive,defens,defensive
defer,defer,defer
defiance,defianc,defiance
deficient,defici,deficient
defied,defi,defy
defile,defil,defile
defiled,defil,defile
defiler,defil,defiler
define,defin,define
definement,defin,definement
definite,definit,definite
definitive,definit,definitive
definitively,definit,definitively
deflow,deflow,deflow
deflower,deflow,deflower
deform,deform,deform
deformitie,deformiti,deformitie
deformity,deform,deformity
deftly,deftli,deftly
defunct,defunct,defunct
defunction,defunct,defunction
defuse,defus,defuse
defy,defi,defy
defying,defi,defy
degenerate,degener,degenerate
degraded,degrad,degrade
degree,degre,degree
deify,deifi,deify
deign,deign,deign
deiphobus,deiphobu,deiphobus
deity,deiti,deity
deja,deja,deja
deject,deject,deject
dejected,deject,deject
delabreth,delabreth,delabreth
delate,delat,delate
delation,delat,delation
delay,delay,delay
delectable,delect,delectable
deliberate,deliber,deliberate
delicate,delic,delicate
delicious,delici,delicious
deliciousness,delici,deliciousness
delight,delight,delight
delighted,delight,delight
delightful,delight,delightful
delinquent,delinqu,delinquent
deliver,deliv,deliver
deliverance,deliver,deliverance
delivery,deliveri,delivery
delphos,delpho,delphos
delude,delud,delude
deluge,delug,deluge
delve,delv,delve
delver,delver,delver
demand,demand,demand
demean,demean,demean
demeanor,demeanor,demeanor
demerit,demerit,demerit
demesne,demesn,demesne
demetriu,demetriu,demetriu
demetrius,demetriu,demetrius
demi,demi,demi
demigod,demigod,demigod
demise,demis,demise
demoiselle,demoisel,demoiselle
demon,demon,demon
demonstrable,demonstr,demonstrable
demonstrate,demonstr,demonstrate
demonstration,demonstr,demonstration
demonstrative,demonstr,demonstrative
demur,demur,demur
demure,demur,demure
demurely,demur,demurely
den,den,den
denay,denay,denay
deni,deni,deni
denial,denial,denial
denier,denier,denier
denis,deni,deni
denmark,denmark,denmark
dennis,denni,dennis
denny,denni,denny
denote,denot,denote
denotement,denot,denotement
denounce,denounc,denounce
denunciation,denunci,denunciation
deny,deni,deny
denying,deni,deny
deo,deo,deo
depart,depart,depart
departure,departur,departure
depeche,depech,depeche
depend,depend,depend
dependance,depend,dependance
dependant,depend,dependant
dependencie,dependenci,dependencie
dependency,depend,dependency
dependent,depend,dependent
depender,depend,depender
deplore,deplor,deplore
deploring,deplor,deplore
depopulate,depopul,depopulate
depose,depos,depose
deposed,depos,depose
depositary,depositari,depositary
depravation,deprav,depravation
deprave,deprav,deprave
depress,depress,depress
deprive,depriv,deprive
depth,depth,depth
deputation,deput,deputation
depute,deput,depute
deputy,deputi,deputy
deracinate,deracin,deracinate
derby,derbi,derby
derceta,derceta,derceta
dercetas,derceta,dercetas
dere,dere,dere
deride,derid,deride
derision,deris,derision
derivation,deriv,derivation
derivative,deriv,derivative
derive,deriv,derive
dern,dern,dern
derogate,derog,derogate
derogately,derog,derogately
derogation,derog,derogation
des,de,des
descant,descant,descant
descend,descend,descend
descended,descend,descend
descending,descend,descend
descent,descent,descent
describe,describ,describe
description,descript,description
descry,descri,descry
desdemona,desdemona,desdemona
desert,desert,desert
desertless,desertless,desertless
deserve,deserv,deserve
deserved,deserv,deserve
deservedly,deservedli,deservedly
deserver,deserv,deserver
deserves,deserv,deserve
deservest,deservest,deservest
deserving,deserv,deserve
design,design,design
designment,design,designment
desir,desir,desir
desire,desir,desire
desirer,desir,desirer
desiring,desir,desire
desirous,desir,desirous
desist,desist,desist
desk,desk,desk
desolate,desol,desolate
desolation,desol,desolation
despair,despair,despair
despairing,despair,despair
desperate,desper,desperate
desperately,desper,desperately
desperation,desper,desperation
despise,despis,despise
despiser,despis,despiser
despiseth,despiseth,despiseth
despite,despit,despite
despiteful,despit,despiteful
despoiled,despoil,despoil
destine,destin,destine
destiny,destini,destiny
destitute,destitut,destitute
destroy,destroy,destroy
destroyer,destroy,destroyer
destruction,destruct,destruction
det,det,det
detain,detain,detain
detect,detect,detect
detection,detect,detection
detector,detector,detector
detention,detent,detention
determinate,determin,determinate
determination,determin,determination
determine,determin,determine
determined,determin,determine
detest,detest,detest
detestable,detest,detestable
detract,detract,detract
detraction,detract,detraction
deucalion,deucalion,deucalion
deuce,deuc,deuce
deum,deum,deum
deux,deux,deux
devant,devant,devant
deveste,devest,deveste
device,devic,device
devil,devil,devil
devilish,devilish,devilish
devin,devin,devin
devise,devis,devise
devoid,devoid,devoid
devonshire,devonshir,devonshire
devote,devot,devote
devoted,devot,devote
devotion,devot,devotion
devour,devour,devour
devourer,devour,devourer
devouring,devour,devour
devout,devout,devout
devoutly,devoutli,devoutly
dew,dew,dew
dewberry,dewberri,dewberry
dewdrop,dewdrop,dewdrop
dewlap,dewlap,dewlap
dewy,dewi,dewy
dexter,dexter,dexter
dexterity,dexter,dexterity
dexterously,dexter,dexterously
diable,diabl,diable
diablo,diablo,diablo
diadem,diadem,diadem
dial,dial,dial
dialect,dialect,dialect
dialogue,dialogu,dialogue
diamond,diamond,diamond
diamonds,diamond,diamond
dian,dian,dian
diana,diana,diana
diaper,diaper,diaper
dibble,dibbl,dibble
dice,dice,dice
diced,dice,dice
dicer,dicer,dicer
dich,dich,dich
dicipline,diciplin,dicipline
dick,dick,dick
dicken,dicken,dicken
dickon,dickon,dickon
dicky,dicki,dicky
dictator,dictat,dictator
diction,diction,diction
dictynna,dictynna,dictynna
did,did,do
diddle,diddl,diddle
dido,dido,dido
didst,didst,didst
die,die,die
diedst,diedst,diedst
dies,die,die
diet,diet,diet
dieter,dieter,dieter
dieu,dieu,dieu
differ,differ,differ
difference,differ,difference
differency,differ,differency
different,differ,different
difficile,difficil,difficile
difficult,difficult,difficult
difficulty,difficulti,difficulty
diffidence,diffid,diffidence
diffuse,diffus,diffuse
diffused,diffus,diffuse
diffusest,diffusest,diffuse
dig,dig,dig
digest,digest,digest
digestion,digest,digestion
digg,digg,digg
digge,digg,digge
dighton,dighton,dighton
dignifie,dignifi,dignifie
dignified,dignifi,dignify
dignify,dignifi,dignify
dignity,digniti,dignity
digress,digress,digress
digression,digress,digression
digt,digt,digt
dilate,dilat,dilate
dilatory,dilatori,dilatory
dildo,dildo,dildo
dilemma,dilemma,dilemma
diligence,dilig,diligence
diligent,dilig,diligent
diluculo,diluculo,diluculo
dim,dim,dim
dimension,dimens,dimension
diminish,diminish,diminish
diminution,diminut,diminution
diminutive,diminut,diminutive
dimm,dimm,dimm
dimple,dimpl,dimple
dimpled,dimpl,dimple
din,din,din
dine,dine,dine
diner,diner,diner
ding,ding,de
dining,dine,dining
dinner,dinner,dinner
dint,dint,dint
diome,diom,diome
diomede,diomed,diomede
diomedes,diomed,diomedes
dion,dion,dion
dionyza,dionyza,dionyza
dip,dip,dip
dire,dire,dire
direct,direct,direct
directing,direct,direct
direction,direct,direction
directitude,directitud,directitude
directive,direct,directive
directly,directli,directly
direful,dire,direful
direness,dire,direness
dirge,dirg,dirge
dirges,dirg,dirge
dirt,dirt,dirt
dirty,dirti,dirty
dis,di,dis
disability,disabl,disability
disable,disabl,disable
disabled,disabl,disable
disadvantage,disadvantag,disadvantage
disagree,disagre,disagree
disallow,disallow,disallow
disanimate,disanim,disanimate
disannul,disannul,disannul
disappear,disappear,disappear
disappoint,disappoint,disappoint
disarm,disarm,disarm
disarmeth,disarmeth,disarmeth
disaster,disast,disaster
disastrous,disastr,disastrous
disbench,disbench,disbench
disbranch,disbranch,disbranch
disburden,disburden,disburden
disburse,disburs,disburse
discandy,discandi,discandy
discandye,discandy,discandye
discard,discard,discard
discase,discas,discase
discern,discern,discern
discerner,discern,discerner
discerning,discern,discern
discharge,discharg,discharge
disciple,discipl,disciple
discipline,disciplin,discipline
disclaim,disclaim,disclaim
disclose,disclos,disclose
discolour,discolour,discolour
discomfit,discomfit,discomfit
discomfited,discomfit,discomfit
discomfiture,discomfitur,discomfiture
discomfort,discomfort,discomfort
discomfortable,discomfort,discomfortable
discommend,discommend,discommend
disconsolate,disconsol,disconsolate
discontent,discont,discontent
discontentedly,discontentedli,discontentedly
discontenting,discont,discontent
discontinue,discontinu,discontinue
discord,discord,discord
discords,discord,discords
discourse,discours,discourse
discoursed,discours,discourse
discourser,discours,discourser
discoursive,discours,discoursive
discourtesy,discourtesi,discourtesy
discover,discov,discover
discovery,discoveri,discovery
discredit,discredit,discredit
discreet,discreet,discreet
discreetly,discreetli,discreetly
discretion,discret,discretion
discuss,discuss,discuss
disdain,disdain,disdain
disdained,disdain,disdain
disdaineth,disdaineth,disdaineth
disdainful,disdain,disdainful
disdainfully,disdain,disdainfully
disdains,disdain,disdain
disease,diseas,disease
diseased,diseas,disease
disedge,disedg,disedge
disembark,disembark,disembark
disfigure,disfigur,disfigure
disfigured,disfigur,disfigure
disfurnish,disfurnish,disfurnish
disgorge,disgorg,disgorge
disgrace,disgrac,disgrace
disgraceful,disgrac,disgraceful
disgracious,disgraci,disgracious
disguis,disgui,disguis
disguise,disguis,disguise
disguised,disguis,disguise
dish,dish,dish
dishabite,dishabit,dishabite
dishclout,dishclout,dishclout
dishearten,dishearten,dishearten
dishonest,dishonest,dishonest
dishonestly,dishonestli,dishonestly
dishonesty,dishonesti,dishonesty
dishonour,dishonour,dishonour
dishonourable,dishonour,dishonourable
disinherit,disinherit,disinherit
disjoin,disjoin,disjoin
disjoint,disjoint,disjoint
disjunction,disjunct,disjunction
dislik,dislik,dislik
dislike,dislik,dislike
disliken,disliken,disliken
dislikes,dislik,dislikes
dislimn,dislimn,dislimn
dislocate,disloc,dislocate
dislodge,dislodg,dislodge
disloyal,disloy,disloyal
disloyalty,disloyalti,disloyalty
dismal,dismal,dismal
dismall,dismal,dismall
dismantle,dismantl,dismantle
dismask,dismask,dismask
dismay,dismay,dismay
disme,dism,disme
dismember,dismemb,dismember
dismiss,dismiss,dismiss
dismission,dismiss,dismission
dismount,dismount,dismount
disnature,disnatur,disnature
disobedience,disobedi,disobedience
disobedient,disobedi,disobedient
disobey,disobey,disobey
disorb,disorb,disorb
disorder,disord,disorder
disorderly,disorderli,disorderly
disparage,disparag,disparage
disparagement,disparag,disparagement
dispark,dispark,dispark
dispatch,dispatch,dispatch
dispensation,dispens,dispensation
dispense,dispens,dispense
disperse,dispers,disperse
dispersedly,dispersedli,dispersedly
dispiteous,dispit,dispiteous
displace,displac,displace
displant,displant,displant
displante,displant,displante
display,display,display
displease,displeas,displease
displeased,displeas,displease
displeasure,displeasur,displeasure
disponge,dispong,disponge
disport,disport,disport
dispose,dispos,dispose
disposed,dispos,dispose
disposer,dispos,disposer
disposition,disposit,disposition
dispossess,dispossess,dispossess
dispraise,disprais,dispraise
dispraisingly,dispraisingli,dispraisingly
dispropertie,disproperti,dispropertie
disproportion,disproport,disproportion
disprove,disprov,disprove
disproved,disprov,disprove
disprovest,disprovest,disprovest
disput,disput,disput
disputable,disput,disputable
disputation,disput,disputation
dispute,disput,dispute
disquantity,disquant,disquantity
disquiet,disquiet,disquiet
disquietly,disquietli,disquietly
disrelish,disrelish,disrelish
disrobe,disrob,disrobe
disseat,disseat,disseat
dissemble,dissembl,dissemble
dissembler,dissembl,dissembler
dissembling,dissembl,dissemble
dissembly,dissembl,dissembly
dissension,dissens,dissension
dissentious,dissenti,dissentious
dissever,dissev,dissever
dissipation,dissip,dissipation
dissolute,dissolut,dissolute
dissolutely,dissolut,dissolutely
dissolution,dissolut,dissolution
dissolve,dissolv,dissolve
dissuade,dissuad,dissuade
distaff,distaff,distaff
distain,distain,distain
distance,distanc,distance
distant,distant,distant
distaste,distast,distaste
distasteful,distast,distasteful
distemper,distemp,distemper
distemperature,distemperatur,distemperature
distempered,distemp,distemper
distil,distil,distil
distill,distil,distill
distillation,distil,distillation
distilled,distil,distil
distilment,distil,distilment
distinct,distinct,distinct
distinction,distinct,distinction
distinctly,distinctli,distinctly
distingue,distingu,distingue
distinguish,distinguish,distinguish
distinguishment,distinguish,distinguishment
distract,distract,distract
distracted,distract,distract
distractedly,distractedli,distractedly
distraction,distract,distraction
distractions,distract,distraction
distrain,distrain,distrain
distraught,distraught,distraught
distress,distress,distress
distressed,distress,distressed
distressful,distress,distressful
distribute,distribut,distribute
distribution,distribut,distribution
distrust,distrust,distrust
distrustful,distrust,distrustful
disturb,disturb,disturb
disturbance,disturb,disturbance
disturber,disturb,disturber
disturbing,disturb,disturb
disunite,disunit,disunite
disvalue,disvalu,disvalue
disvouche,disvouch,disvouche
dit,dit,dit
ditch,ditch,ditch
ditcher,ditcher,ditcher
dite,dite,dite
ditty,ditti,ditty
diurnal,diurnal,diurnal
div,div,div
dive,dive,dive
diver,diver,diver
divers,diver,diver
diversely,divers,diversely
diversity,divers,diversity
divert,divert,divert
divest,divest,div
dividable,divid,dividable
dividant,divid,dividant
divide,divid,divide
divided,divid,divide
divideth,divideth,divideth
divination,divin,divination
divine,divin,divine
divinely,divin,divinely
divineness,divin,divineness
diviner,divin,diviner
divinest,divinest,divinest
divinity,divin,divinity
division,divis,division
divorce,divorc,divorce
divorced,divorc,divorce
divorcement,divorc,divorcement
divorcing,divorc,divorce
divulge,divulg,divulge
dizy,dizi,dizy
dizzy,dizzi,dizzy
dobbin,dobbin,dobbin
dock,dock,dock
docks,dock,dock
doctor,doctor,doctor
doctrine,doctrin,doctrine
document,document,document
dodge,dodg,dodge
doe,doe,doe
doer,doer,doer
doest,doest,doest
doff,doff,doff
dog,dog,dog
dogberry,dogberri,dogberry
dogfish,dogfish,dogfish
dogg,dogg,dogg
dogged,dog,dog
dogs,dog,dog
doigts,doigt,doigts
doin,doin,doin
doing,do,do
doit,doit,doit
doits,doit,doit
dolabella,dolabella,dolabella
dole,dole,dole
doleful,dole,doleful
doll,doll,doll
dollar,dollar,dollar
dolorous,dolor,dolorous
dolour,dolour,dolour
dolphin,dolphin,dolphin
dolt,dolt,dolt
domestic,domest,domestic
domination,domin,domination
dominator,domin,dominator
domine,domin,domine
domineer,domin,domineer
domineering,domin,domineering
dominical,domin,dominical
dominion,dominion,dominion
domitius,domitiu,domitius
donalbain,donalbain,donalbain
donation,donat,donation
donc,donc,donc
doncaster,doncast,doncaster
done,done,do
dong,dong,dong
donn,donn,donn
donne,donn,donne
donner,donner,donner
donnerai,donnerai,donnerai
doo,doo,doo
doom,doom,doom
doomsday,doomsday,doomsday
door,door,door
doorkeeper,doorkeep,doorkeeper
doornail,doornail,doornail
dorca,dorca,dorca
doreus,doreu,doreus
doricle,doricl,doricle
dormouse,dormous,dormouse
dorothy,dorothi,dorothy
dorset,dorset,dorset
dost,dost,dost
dotage,dotag,dotage
dotant,dotant,dotant
dotard,dotard,dotard
dote,dote,dote
doter,doter,doter
doteth,doteth,doteth
doth,doth,doth
doting,dote,dote
double,doubl,double
doubleness,doubl,doubleness
doubler,doubler,doubler
doublet,doublet,doublet
doubly,doubli,doubly
doubt,doubt,doubt
doubted,doubt,doubt
doubtful,doubt,doubtful
doubtfully,doubt,doubtfully
doubtless,doubtless,doubtless
dough,dough,dough
doughty,doughti,doughty
doughy,doughi,doughy
dougla,dougla,dougla
douglas,dougla,douglas
dout,dout,dout
doute,dout,doute
dove,dove,dove
dover,dover,dover
dow,dow,dow
dowager,dowag,dowager
dowdy,dowdi,dowdy
dower,dower,dower
dowerless,dowerless,dowerless
dowery,doweri,dowery
dowla,dowla,dowla
dowlas,dowla,dowla
dowle,dowl,dowle
down,down,down
downfall,downfal,downfall
downright,downright,downright
downstair,downstair,downstair
downward,downward,downward
downwards,downward,downwards
downy,downi,downy
dowry,dowri,dowry
dowsabel,dowsabel,dowsabel
doxy,doxi,doxy
dozen,dozen,dozen
dozens,dozen,dozen
drab,drab,drab
drabbing,drab,drab
drachm,drachm,drachm
drachma,drachma,drachma
draff,draff,draff
drag,drag,drag
dragg,dragg,dragg
dragon,dragon,dragon
dragone,dragon,dragone
dragonish,dragonish,dragonish
drain,drain,drain
drake,drake,drake
dram,dram,dram
draught,draught,draught
drave,drave,drave
draw,draw,draw
drawbridge,drawbridg,drawbridge
drawer,drawer,drawer
draweth,draweth,draweth
drawing,draw,draw
drawling,drawl,drawl
draws,draw,draw
drayman,drayman,drayman
draymen,draymen,drayman
dread,dread,dread
dreadful,dread,dreadful
dreadfully,dread,dreadfully
dream,dream,dream
dreamer,dreamer,dreamer
dreams,dream,dream
dreamt,dreamt,dream
dreary,dreari,dreary
dreg,dreg,dreg
dregs,dreg,dreg
drench,drench,drench
dress,dress,dress
dresser,dresser,dresser
dressing,dress,dress
dressy,dressi,dressy
dribble,dribbl,dribble
drier,drier,drier
drift,drift,drift
drily,drili,drily
drink,drink,drink
drinking,drink,drink
drinkings,drink,drinking
driv,driv,driv
drive,drive,drive
drivel,drivel,drivel
driveth,driveth,driveth
driving,drive,drive
drizzle,drizzl,drizzle
droit,droit,droit
drollery,drolleri,drollery
dromio,dromio,dromio
drone,drone,drone
droop,droop,droop
droopeth,droopeth,droopeth
drop,drop,drop
droplet,droplet,droplet
dropp,dropp,dropp
dropper,dropper,dropper
droppeth,droppeth,droppeth
dropping,drop,drop
dropsie,dropsi,dropsie
dropsy,dropsi,dropsy
dross,dross,dross
drought,drought,drought
drouth,drouth,drouth
droven,droven,droven
drovier,drovier,drovier
drown,drown,drown
drowse,drows,drowse
drowsily,drowsili,drowsily
drowsiness,drowsi,drowsiness
drowsy,drowsi,drowsy
drowze,drowz,drowze
drudge,drudg,drudge
drug,drug,drug
drugg,drugg,drugg
drum,drum,drum
drumble,drumbl,drumble
drummer,drummer,drummer
drums,drum,drum
drunk,drunk,drunk
drunkard,drunkard,drunkard
drunken,drunken,drunken
drunkenly,drunkenli,drunkenly
drunkenness,drunken,drunkenness
drunkest,drunkest,drunkest
dry,dri,dry
drybeat,drybeat,drybeat
dryfoot,dryfoot,dryfoot
dryness,dryness,dryness
dst,dst,dst
dub,dub,dub
dubb,dubb,dubb
ducat,ducat,ducat
ducdame,ducdam,ducdame
duchess,duchess,duchess
duchy,duchi,duchy
duck,duck,duck
ducks,duck,duck
dudgeon,dudgeon,dudgeon
due,due,due
duellist,duellist,duellist
duello,duello,duello
duff,duff,duff
dug,dug,dig
duke,duke,duke
dukedom,dukedom,dukedom
dukes,duke,duke
dulcet,dulcet,dulcet
dulche,dulch,dulche
dull,dull,dull
dullard,dullard,dullard
duller,duller,duller
dullness,dull,dullness
dully,dulli,dully
dulness,dul,dulness
duly,duli,duly
dulzura,dulzura,dulzura
dumain,dumain,dumain
dumb,dumb,dumb
dumbly,dumbl,dumbly
dumbness,dumb,dumbness
dumbs,dumb,dumb
dumbshow,dumbshow,dumbshow
dump,dump,dump
dun,dun,dun
duncan,duncan,duncan
dung,dung,dung
dungeon,dungeon,dungeon
dunghill,dunghil,dunghill
dungy,dungi,dungy
dunk,dunk,dunk
dunsinane,dunsinan,dunsinane
dunsmore,dunsmor,dunsmore
dunstable,dunstabl,dunstable
dupp,dupp,dupp
durance,duranc,durance
durst,durst,durst
dusky,duski,dusky
dust,dust,dust
dusty,dusti,dusty
dutch,dutch,dutch
dutchman,dutchman,dutchman
duteous,duteou,duteous
dutiful,duti,dutiful
duty,duti,duty
dwarf,dwarf,dwarf
dwarfish,dwarfish,dwarfish
dwell,dwell,dwell
dwellest,dwellest,dwell
dwelling,dwell,dwelling
dwelt,dwelt,dwelt
dwindle,dwindl,dwindle
dye,dye,dye
dyed,dy,dye
dyeing,dye,dye
dying,die,die
eager,eager,eager
eagerly,eagerli,eagerly
eagerness,eager,eagerness
eagle,eagl,eagle
eale,eal,eale
ean,ean,ean
eane,ean,eane
eanling,eanl,eanling
ear,ear,ear
eare,ear,eare
earl,earl,earl
earldom,earldom,earldom
earliness,earli,earliness
early,earli,early
earn,earn,earn
earnest,earnest,earnest
earnestly,earnestli,earnestly
earnestness,earnest,earnestness
earth,earth,earth
earthen,earthen,earthen
earthlier,earthlier,earthlier
earthly,earthli,earthly
earthquake,earthquak,earthquake
earthy,earthi,earthy
earwax,earwax,earwax
ease,eas,ease
easeful,eas,easeful
easier,easier,easy
easiliest,easiliest,easiliest
easily,easili,easily
easiness,easi,easiness
east,east,east
eastcheap,eastcheap,eastcheap
easter,easter,easter
eastern,eastern,eastern
eastward,eastward,eastward
easy,easi,easy
eat,eat,eat
eaten,eaten,eat
eater,eater,eater
eating,eat,eat
eaux,eaux,eaux
eave,eav,eave
eaves,eav,eave
ebb,ebb,ebb
ebbing,eb,ebb
ebon,ebon,ebon
ebony,eboni,ebony
ebrew,ebrew,ebrew
ecce,ecc,ecce
echapper,echapp,echapper
eche,ech,eche
echo,echo,echo
eclipse,eclips,eclipse
ecolier,ecoli,ecoli
ecoutez,ecoutez,ecoutez
ecstasy,ecstasi,ecstasy
ecu,ecu,ecu
ecus,ecu,ecus
eden,eden,eden
edgar,edgar,edgar
edge,edg,edge
edgeless,edgeless,edgeless
edict,edict,edict
edifice,edific,edifice
edifie,edifi,edifie
edify,edifi,edify
edition,edit,edition
edmund,edmund,edmund
edmundsbury,edmundsburi,edmundsbury
educate,educ,educate
education,educ,education
edward,edward,edward
eed,eed,eed
eel,eel,eel
eet,eet,eet
effect,effect,effect
effectless,effectless,effectless
effectual,effectu,effectual
effectually,effectu,effectually
effeminate,effemin,effeminate
effigy,effigi,effigy
effuse,effus,effuse
effusion,effus,effusion
eft,eft,eft
eftsoon,eftsoon,eftsoon
egal,egal,egal
egally,egal,egally
eget,eget,eget
egeus,egeu,egeus
egg,egg,egg
eglamour,eglamour,eglamour
eglantine,eglantin,eglantine
ego,ego,ego
egregious,egregi,egregious
egregiously,egregi,egregiously
egress,egress,egress
egypt,egypt,egypt
egyptian,egyptian,egyptian
egyptians,egyptian,egyptian
eight,eight,eight
eighteen,eighteen,eighteen
eighth,eighth,eighth
eighty,eighti,eighty
eisel,eisel,eisel
either,either,either
eject,eject,eject
eke,eke,eke
elbe,elb,elbe
elbow,elbow,elbow
eld,eld,eld
elder,elder,elder
eldest,eldest,eld
eleanor,eleanor,eleanor
elect,elect,elect
election,elect,election
elegancy,eleg,elegancy
elegy,elegi,elegy
element,element,element
elements,element,element
elephant,eleph,elephant
elevated,elev,elevate
eleven,eleven,eleven
eleventh,eleventh,eleventh
elf,elf,elf
elflock,elflock,elflock
elinor,elinor,elinor
elizabeth,elizabeth,elizabeth
ell,ell,ell
elle,ell,elle
elm,elm,elm
eloquence,eloqu,eloquence
eloquent,eloqu,eloquent
else,els,else
elsewhere,elsewher,elsewhere
elsinore,elsinor,elsinore
eltham,eltham,eltham
elve,elv,elve
elvish,elvish,elvish
ely,eli,ely
elysium,elysium,elysium
emballing,embal,emballe
embalm,embalm,embalm
embark,embark,embark
embarquement,embarqu,embarquement
embassade,embassad,embassade
embassage,embassag,embassage
embassy,embassi,embassy
embattaile,embattail,embattaile
embattle,embattl,embattle
embay,embay,embay
embellish,embellish,embellish
ember,ember,ember
emblaze,emblaz,emblaze
emblem,emblem,emblem
embody,embodi,embody
embolden,embolden,embolden
emboss,emboss,emboss
embossed,emboss,emboss
embounde,embound,embounde
embowel,embowel,embowel
embowell,embowel,embowell
embowelle,embowel,embowelle
embrace,embrac,embrace
embracement,embrac,embracement
embrasure,embrasur,embrasure
embrewe,embrew,embrewe
embroider,embroid,embroider
embroidery,embroideri,embroidery
emerald,emerald,emerald
emilia,emilia,emilia
eminence,emin,eminence
eminent,emin,eminent
emmanuel,emmanuel,emmanuel
emmence,emmenc,emmence
emmew,emmew,emmew
empale,empal,empale
emperial,emperi,emperial
emperor,emperor,emperor
empery,emperi,empery
emphasis,emphasi,emphasis
empire,empir,empire
empiric,empir,empiric
empiricutic,empiricut,empiricutic
employ,employ,employ
employer,employ,employer
employment,employ,employment
empoison,empoison,empoison
empress,empress,empress
emptier,emptier,emptier
emptiness,empti,emptiness
empty,empti,empty
emulate,emul,emulate
emulation,emul,emulation
emulator,emul,emulator
emulous,emul,emulous
enact,enact,enact
enacture,enactur,enacture
enamel,enamel,enamel
enamell,enamel,enamell
enamour,enamour,enamour
encamp,encamp,encamp
encave,encav,encave
enceladus,enceladu,enceladus
encertain,encertain,encertain
encertaintie,encertainti,encertaintie
enchafe,enchaf,enchafe
enchafed,enchaf,enchafe
enchant,enchant,enchant
enchanting,enchant,enchant
enchantingly,enchantingli,enchantingly
enchantment,enchant,enchantment
enchantress,enchantress,enchantress
enchase,enchas,enchase
encircle,encircl,encircle
enclose,enclos,enclose
encloseth,encloseth,encloseth
enclouded,encloud,enclouded
encompass,encompass,encompass
encompasseth,encompasseth,encompasseth
encompassment,encompass,encompassment
encore,encor,encore
encounter,encount,encounter
encounterd,encounterd,encounterd
encountered,encount,encounter
encounterers,encounter,encounterer
encourage,encourag,encourage
encouragement,encourag,encouragement
encroach,encroach,encroach
encumber,encumb,encumber
end,end,end
endamage,endamag,endamage
endamagement,endamag,endamagement
endanger,endang,endanger
endart,endart,endart
endavour,endavour,endavour
endear,endear,endear
endeavor,endeavor,endeavor
endeavour,endeavour,endeavour
endeavours,endeavour,endeavour
ending,end,end
endless,endless,endless
endow,endow,endow
endowment,endow,endowment
ends,end,end
endue,endu,endue
endur,endur,endur
endurance,endur,endurance
endure,endur,endure
endymion,endymion,endymion
enemy,enemi,enemy
enfeeble,enfeebl,enfeeble
enfeoff,enfeoff,enfeoff
enfetter,enfett,enfetter
enfold,enfold,enfold
enfolding,enfold,enfold
enforc,enforc,enforc
enforce,enforc,enforce
enforcedly,enforcedli,enforcedly
enforcement,enforc,enforcement
enfranche,enfranch,enfranche
enfranchise,enfranchis,enfranchise
enfranchised,enfranchis,enfranchise
enfranchisement,enfranchis,enfranchisement
enfreed,enfre,enfreed
enfreedome,enfreedom,enfreedome
engage,engag,engage
engaged,engag,engage
engagement,engag,engagement
engaol,engaol,engaol
engender,engend,engender
engendering,engend,engendering
engenders,engend,engender
engild,engild,engild
engine,engin,engine
engineer,engin,engineer
enginer,engin,enginer
engirt,engirt,engirt
england,england,england
english,english,english
englishe,english,englishe
englishman,englishman,englishman
englishwoman,englishwoman,englishwoman
englut,englut,englut
engraffe,engraff,engraffe
engrave,engrav,engrave
engross,engross,engross
enguard,enguard,enguard
enigma,enigma,enigma
enigmatical,enigmat,enigmatical
enjoin,enjoin,enjoin
enjoineth,enjoineth,enjoineth
enjoy,enjoy,enjoy
enkindle,enkindl,enkindle
enlard,enlard,enlard
enlarge,enlarg,enlarge
enlargement,enlarg,enlargement
enlargeth,enlargeth,enlargeth
enlink,enlink,enlink
enmesh,enmesh,enmesh
enmity,enmiti,enmity
ennoble,ennobl,ennoble
enobarb,enobarb,enobarb
enobarbus,enobarbu,enobarbus
enointe,enoint,enointe
enormity,enorm,enormity
enormous,enorm,enormous
enough,enough,enough
enow,enow,enow
enpierced,enpierc,enpierce
enrage,enrag,enrage
enraged,enrag,enrage
enrank,enrank,enrank
enrapt,enrapt,enrapt
enrich,enrich,enrich
enriche,enrich,enriche
enridge,enridg,enridge
enring,enr,enre
enrobe,enrob,enrobe
enrobed,enrob,enrobe
enrol,enrol,enrol
enroll,enrol,enroll
enrounde,enround,enrounde
enschedule,enschedul,enschedule
ensconce,ensconc,ensconce
enseame,enseam,enseame
ensear,ensear,ensear
enseigne,enseign,enseigne
enseignez,enseignez,enseignez
ensemble,ensembl,ensemble
enshelter,enshelt,enshelter
enshield,enshield,enshield
enshrine,enshrin,enshrine
ensign,ensign,ensign
ensky,enski,ensky
ensnare,ensnar,ensnare
ensnareth,ensnareth,ensnareth
ensteep,ensteep,ensteep
ensue,ensu,ensue
ensues,ensu,ensue
entail,entail,entail
entame,entam,entame
entangle,entangl,entangle
entendre,entendr,entendre
enter,enter,enter
enterprise,enterpris,enterprise
entertain,entertain,entertain
entertainer,entertain,entertainer
entertainest,entertainest,entertainest
entertainment,entertain,entertainment
enthral,enthral,enthral
enthrall,enthral,enthrall
enthrone,enthron,enthrone
entice,entic,entice
enticement,entic,enticement
enticeth,enticeth,enticeth
entire,entir,entire
entirely,entir,entirely
entitle,entitl,entitle
entomb,entomb,entomb
entrail,entrail,entrail
entrance,entranc,entrance
entrap,entrap,entrap
entrapp,entrapp,entrapp
entre,entr,entre
entreasure,entreasur,entreasure
entreat,entreat,entreat
entreatie,entreati,entreatie
entreatment,entreat,entreatment
entreats,entreat,entreat
entreaty,entreati,entreaty
entrenched,entrench,entrench
entry,entri,entry
entwist,entwist,entwist
envelop,envelop,envelop
envelope,envelop,envelope
envenom,envenom,envenom
envenomed,envenom,envenom
envious,enviou,envious
enviously,envious,enviously
environ,environ,environ
envoy,envoy,envoy
envy,envi,envy
enwheel,enwheel,enwheel
enwombe,enwomb,enwombe
enwrap,enwrap,enwrap
ephesian,ephesian,ephesian
ephesus,ephesu,ephesus
epicure,epicur,epicure
epicurean,epicurean,epicurean
epicurism,epicur,epicurism
epicurus,epicuru,epicurus
epidamnum,epidamnum,epidamnum
epidaurus,epidauru,epidaurus
epigram,epigram,epigram
epilepsy,epilepsi,epilepsy
epileptic,epilept,epileptic
epilogue,epilogu,epilogue
epistle,epistl,epistle
epistrophus,epistrophu,epistrophus
epitaph,epitaph,epitaph
epithet,epithet,epithet
epitheton,epitheton,epitheton
epitome,epitom,epitome
equal,equal,equal
equality,equal,equality
equall,equal,equall
equally,equal,equally
equalness,equal,equalness
equinoctial,equinocti,equinoctial
equinox,equinox,equinox
equity,equiti,equity
equivalent,equival,equivalent
equivocal,equivoc,equivocal
equivocate,equivoc,equivocate
equivocation,equivoc,equivocation
equivocator,equivoc,equivocator
erbear,erbear,erbear
erbeare,erbear,erbeare
erblow,erblow,erblow
erboard,erboard,erboard
erborne,erborn,erborne
ercame,ercam,ercame
ercast,ercast,ercast
ercharge,ercharg,ercharge
ercharged,ercharg,ercharge
ercle,ercl,ercle
ercome,ercom,ercome
erdoing,erdo,erdoe
ere,ere,ere
erebus,erebu,erebus
erect,erect,erect
erected,erect,erect
erecting,erect,erect
erection,erect,erection
erewhile,erewhil,erewhile
ereye,erey,ereye
erflourish,erflourish,erflourish
erflow,erflow,erflow
erflowe,erflow,erflowe
erga,erga,erga
ergalle,ergal,ergalle
erglance,erglanc,erglance
ergo,ergo,ergo
ergone,ergon,ergone
ergrow,ergrow,ergrow
ergrown,ergrown,ergrown
ergrowth,ergrowth,ergrowth
erhang,erhang,erhang
erhange,erhang,erhange
erhasty,erhasti,erhasty
erhear,erhear,erhear
erheard,erheard,erheard
eringo,eringo,eringo
erjoy,erjoy,erjoy
erleap,erleap,erleap
erlook,erlook,erlook
erlooke,erlook,erlooke
ermaster,ermast,ermaster
ermasterest,ermasterest,ermaster
ermatch,ermatch,ermatch
ermengare,ermengar,ermengare
ermount,ermount,ermount
ernight,ernight,ernight
ero,ero,ero
eros,ero,ero
erpaid,erpaid,erpaid
erparte,erpart,erparte
erpast,erpast,erpast
erpay,erpay,erpay
erpingham,erpingham,erpingham
erpower,erpow,erpower
erpress,erpress,erpress
err,err,err
errand,errand,errand
errant,errant,errant
erreach,erreach,erreach
erreaching,erreach,erreache
erread,erread,erread
errest,errest,err
erroneous,erron,erroneous
error,error,error
errs,err,err
errule,errul,errule
errun,errun,errun
ershade,ershad,ershade
ershot,ershot,ershot
ershower,ershow,ershower
erslip,erslip,erslip
erspread,erspread,erspread
erst,erst,erst
erstep,erstep,erstep
erstunk,erstunk,erstunk
ersway,ersway,ersway
erswell,erswel,erswell
erta,erta,erta
ertake,ertak,ertake
ertheless,ertheless,ertheless
erthrow,erthrow,erthrow
erthrown,erthrown,erthrown
ertook,ertook,ertook
ertop,ertop,ertop
ertoppe,ertopp,ertoppe
ertrip,ertrip,ertrip
erturn,erturn,erturn
erudition,erudit,erudition
eruption,erupt,eruption
ervalue,ervalu,ervalue
erwatch,erwatch,erwatch
erween,erween,erween
erweening,erween,erweene
erweigh,erweigh,erweigh
erwhelm,erwhelm,erwhelm
erwhelmed,erwhelm,erwhelme
erworn,erworn,erworn
escalus,escalu,escalus
escane,escan,escane
escape,escap,escape
escapedst,escapedst,escapedst
escapen,escapen,escapen
eschew,eschew,eschew
escote,escot,escote
especial,especi,especial
especially,especi,especially
esperance,esper,esperance
espial,espial,espial
espie,espi,espie
espouse,espous,espouse
espy,espi,espy
esquire,esquir,esquire
essay,essay,essay
essence,essenc,essence
essential,essenti,essential
essentially,essenti,essentially
essex,essex,essex
est,est,est
establish,establish,establish
estate,estat,estate
esteem,esteem,esteem
esteemed,esteem,esteem
esteemeth,esteemeth,esteemeth
estimable,estim,estimable
estimate,estim,estimate
estimation,estim,estimation
estime,estim,estime
estrange,estrang,estrange
estranged,estrang,estrange
estridge,estridg,estridge
etc,etc,etc
ete,ete,ete
eternal,etern,eternal
eternally,etern,eternally
eterne,etern,eterne
eternity,etern,eternity
eternize,etern,eternize
ethiope,ethiop,ethiope
ethiopes,ethiop,ethiope
ethiopian,ethiopian,ethiopian
etna,etna,etna
eton,eton,eton
etre,etr,etre
eunuch,eunuch,eunuch
eunuchs,eunuch,eunuchs
euphrate,euphrat,euphrate
euphronius,euphroniu,euphronius
euriphile,euriphil,euriphile
europa,europa,europa
europe,europ,europe
evade,evad,evade
evans,evan,evans
evasion,evas,evasion
eve,eve,eve
even,even,even
evening,even,evening
evenly,evenli,evenly
event,event,event
eventful,event,eventful
ever,ever,ever
everlaste,everlast,everlaste
everlasting,everlast,everlaste
everlastingly,everlastingli,everlastingly
evermore,evermor,evermore
every,everi,every
everyone,everyon,everyone
everything,everyth,everything
everywhere,everywher,everywhere
evidence,evid,evidence
evident,evid,evident
evil,evil,evil
evilly,evilli,evilly
evitate,evit,evitate
ewe,ewe,ewe
ewer,ewer,ewer
ewes,ewe,ewe
exact,exact,exact
exactest,exactest,exact
exacting,exact,exact
exaction,exact,exaction
exactly,exactli,exactly
exalt,exalt,exalt
exalted,exalt,exalt
examination,examin,examination
examine,examin,examine
example,exampl,example
examples,exampl,example
exasperate,exasper,exasperate
exceed,exceed,exceed
exceedeth,exceedeth,exceedeth
exceeding,exceed,exceed
exceedingly,exceedingli,exceedingly
exceeds,exce,exceed
excel,excel,excel
excellence,excel,excellence
excellency,excel,excellency
excellent,excel,excellent
excellently,excel,excellently
excelling,excel,excel
excels,excel,excel
except,except,except
excepted,except,except
exception,except,exception
exceptless,exceptless,exceptless
excess,excess,excess
excessive,excess,excessive
exchange,exchang,exchange
exchequer,exchequ,exchequer
excite,excit,excite
excitement,excit,excitement
excitements,excit,excitement
exclaim,exclaim,exclaim
exclamation,exclam,exclamation
exclude,exclud,exclude
excommunicate,excommun,excommunicate
excommunication,excommun,excommunication
excrement,excrement,excrement
excursion,excurs,excursion
excus,excu,excus
excusable,excus,excusable
excuse,excus,excuse
excusez,excusez,excusez
execrable,execr,execrable
execration,execr,execration
execute,execut,execute
execution,execut,execution
executioner,execution,executioner
executor,executor,executor
executors,executor,executor
exempt,exempt,exempt
exequie,exequi,exequie
exercise,exercis,exercise
exeter,exet,exeter
exeunt,exeunt,exeunt
exhalation,exhal,exhalation
exhale,exhal,exhale
exhalest,exhalest,exhal
exhaust,exhaust,exhaust
exhibit,exhibit,exhibit
exhibiter,exhibit,exhibiter
exhibition,exhibit,exhibition
exhort,exhort,exhort
exhortation,exhort,exhortation
exigent,exig,exigent
exile,exil,exile
exiled,exil,exile
exist,exist,exist
exit,exit,exit
exorcis,exorci,exorcis
exorcism,exorc,exorcism
exorcist,exorcist,exorcist
expect,expect,expect
expectance,expect,expectance
expectancy,expect,expectancy
expectation,expect,expectation
expecter,expect,expecter
expedience,expedi,expedience
expedient,expedi,expedient
expediently,expedi,expediently
expedition,expedit,expedition
expeditious,expediti,expeditious
expel,expel,expel
expell,expel,expell
expelling,expel,expel
expend,expend,expend
expense,expens,expense
experience,experi,experience
experienced,experienc,experience
experiment,experi,experiment
experimental,experiment,experimental
expert,expert,expert
expertness,expert,expertness
expiate,expiat,expiate
expiration,expir,expiration
expire,expir,expire
expires,expir,expire
explain,explain,explain
explication,explic,explication
exploit,exploit,exploit
expose,expos,expose
exposition,exposit,exposition
expositor,expositor,expositor
expostulate,expostul,expostulate
expostulation,expostul,expostulation
exposture,expostur,exposture
exposure,exposur,exposure
expound,expound,expound
express,express,express
expresseth,expresseth,expresseth
expressive,express,expressive
expressly,expressli,expressly
expressure,expressur,expressure
expulsed,expuls,expulse
expulsion,expuls,expulsion
exquisite,exquisit,exquisite
exsufflicate,exsuffl,exsufflicate
extant,extant,extant
extemporal,extempor,extemporal
extemporally,extempor,extemporally
extempore,extempor,extempore
extend,extend,extend
extended,extend,extend
extent,extent,extent
extenuate,extenu,extenuate
extenuation,extenu,extenuation
exterior,exterior,exterior
exteriorly,exteriorli,exteriorly
extermine,extermin,extermine
extern,extern,extern
external,extern,external
extinct,extinct,extinct
extincte,extinct,extincte
extinguish,extinguish,extinguish
extinguit,extinguit,extinguit
extirp,extirp,extirp
extirpate,extirp,extirpate
extirped,extirp,extirpe
extol,extol,extol
extoll,extol,extoll
extolment,extol,extolment
exton,exton,exton
extort,extort,extort
extortion,extort,extortion
extract,extract,extract
extraordinary,extraordinari,extraordinary
extraught,extraught,extraught
extravagancy,extravag,extravagancy
extravagant,extravag,extravagant
extreme,extrem,extreme
extremely,extrem,extremely
extremes,extrem,extreme
extremest,extremest,extreme
extremity,extrem,extremity
exult,exult,exult
exultation,exult,exultation
eyas,eya,eyas
eye,eye,eye
eyeball,eyebal,eyeball
eyebrow,eyebrow,eyebrow
eyed,eye,eye
eyeless,eyeless,eyeless
eyelid,eyelid,eyelid
eyelids,eyelid,eyelid
eyesight,eyesight,eyesight
eyne,eyn,eyne
fabian,fabian,fabian
fable,fabl,fable
fabric,fabric,fabric
fabulous,fabul,fabulous
face,face,face
faced,face,face
facere,facer,facere
faciant,faciant,faciant
facile,facil,facile
facility,facil,facility
facinerious,facineri,facinerious
facit,facit,facit
fact,fact,fact
faction,faction,faction
factionary,factionari,factionary
factious,factiou,factious
factor,factor,factor
faculty,faculti,faculty
fade,fade,fade
fadge,fadg,fadge
fading,fade,fade
faggot,faggot,faggot
fail,fail,fail
fails,fail,fail
fain,fain,fain
faint,faint,faint
fainter,fainter,fainter
fainting,faint,faint
faintly,faintli,faintly
faintness,faint,faintness
faints,faint,faint
fair,fair,fair
fairer,fairer,fairer
fairest,fairest,fair
fairing,fair,fair
fairly,fairli,fairly
fairness,fair,fairness
fairy,fairi,fairy
fais,fai,fais
fait,fait,fait
faite,fait,faite
faith,faith,faith
faithful,faith,faithful
faithfull,faithful,faithfull
faithfully,faith,faithfully
faithfulness,faith,faithfulness
faithless,faithless,faithless
faiths,faith,faith
falchion,falchion,falchion
falcon,falcon,falcon
falconbridge,falconbridg,falconbridge
falconer,falcon,falconer
fall,fall,fall
fallacy,fallaci,fallacy
falleth,falleth,falleth
fallible,fallibl,fallible
fallow,fallow,fallow
falourous,falour,falourous
false,fals,false
falsehood,falsehood,falsehood
falsely,fals,falsely
falseness,fals,falseness
falser,falser,false
falsify,falsifi,falsify
falstaff,falstaff,falstaff
falter,falter,falter
fame,fame,fame
famed,fame,fame
familiar,familiar,familiar
familiarity,familiar,familiarity
familiarly,familiarli,familiarly
family,famili,family
famine,famin,famine
famish,famish,famish
famous,famou,famous
famously,famous,famously
fan,fan,fan
fanatical,fanat,fanatical
fancies,fanci,fancy
fancy,fanci,fancy
fane,fane,fane
fang,fang,fang
fangle,fangl,fangle
fann,fann,fann
fantastic,fantast,fantastic
fantastical,fantast,fantastical
fantastically,fantast,fantastically
fantasticoe,fantastico,fantasticoe
fantasy,fantasi,fantasy
fap,fap,fap
far,far,far
farce,farc,farce
fardel,fardel,fardel
fardingale,fardingal,fardingale
fare,fare,fare
farer,farer,farer
fares,fare,fare
farewell,farewel,farewell
farm,farm,farm
farmer,farmer,farmer
farmhouse,farmhous,farmhouse
farrow,farrow,farrow
farth,farth,farth
farthe,farth,farthe
farther,farther,far
farthest,farthest,farth
farthing,farth,farthe
farthingale,farthingal,farthingale
fartuous,fartuou,fartuous
fas,fa,fas
fashion,fashion,fashion
fashionable,fashion,fashionable
fast,fast,fast
fasten,fasten,fasten
fasting,fast,fast
fastolfe,fastolf,fastolfe
fat,fat,fat
fatal,fatal,fatal
fatally,fatal,fatally
fate,fate,fate
father,father,father
fatherless,fatherless,fatherless
fatherly,fatherli,fatherly
fathers,father,father
fathom,fathom,fathom
fathomless,fathomless,fathomless
fatigate,fatig,fatigate
fatness,fat,fatness
fats,fat,fat
fatter,fatter,fat
fatterer,fatter,fatterer
fattest,fattest,fat
fatting,fat,fat
fatuus,fatuu,fatuus
fauconberg,fauconberg,fauconberg
faulconbridge,faulconbridg,faulconbridge
fault,fault,fault
faultiness,faulti,faultiness
faultless,faultless,faultless
faults,fault,fault
faulty,faulti,faulty
fausse,fauss,fausse
fauste,faust,fauste
faustuse,faustus,faustuse
faut,faut,faut
favor,favor,favor
favoredly,favoredli,favoredly
favorer,favor,favorer
favour,favour,favour
favourable,favour,favourable
favourably,favour,favourably
favouredly,favouredli,favouredly
favourer,favour,favourer
favourite,favourit,favourite
fawn,fawn,fawn
fawneth,fawneth,fawneth
fawning,fawn,fawn
fay,fay,fay
fealty,fealti,fealty
fear,fear,fear
fearful,fear,fearful
fearfully,fear,fearfully
fearfulness,fear,fearfulness
fearing,fear,fear
fearless,fearless,fearless
feast,feast,feast
feasted,feast,feast
feasting,feast,feast
feat,feat,feat
feate,feat,feate
feater,feater,feater
feather,feather,feather
featly,featli,featly
feats,feat,feat
feature,featur,feature
february,februari,february
feck,feck,feck
fed,fed,feed
federary,federari,federary
fee,fee,fee
feeble,feebl,feeble
feebleness,feebl,feebleness
feebly,feebli,feebly
feed,feed,feed
feeder,feeder,feed
feedeth,feedeth,feedeth
feeding,feed,feed
feel,feel,feel
feeler,feeler,feeler
feeling,feel,feel
feelingly,feelingli,feelingly
feels,feel,feel
feet,feet,foot
fehemently,fehement,fehemently
feign,feign,feign
feigning,feign,feign
feith,feith,feith
felicitate,felicit,felicitate
felicity,felic,felicity
fell,fell,fall
fellow,fellow,fellow
fellowly,fellowli,fellowly
fellows,fellow,fellow
fellowship,fellowship,fellowship
felly,felli,felly
felon,felon,felon
felonious,feloni,felonious
felony,feloni,felony
felt,felt,feel
female,femal,female
feminine,feminin,feminine
fen,fen,fen
fence,fenc,fence
fencer,fencer,fencer
fencing,fenc,fence
fend,fend,fend
fennel,fennel,fennel
fenny,fenni,fenny
fenton,fenton,fenton
feodary,feodari,feodary
fer,fer,fer
ferdinand,ferdinand,ferdinand
fere,fere,fere
fern,fern,fern
ferrara,ferrara,ferrara
ferrers,ferrer,ferrer
ferret,ferret,ferret
ferry,ferri,ferry
ferryman,ferryman,ferryman
fertile,fertil,fertile
fertility,fertil,fertility
fervency,fervenc,fervency
fervor,fervor,fervor
fery,feri,fery
feste,fest,feste
fester,fester,fester
festinate,festin,festinate
festinately,festin,festinately
festival,festiv,festival
festivity,festiv,festivity
fet,fet,fet
fetch,fetch,fetch
fetlock,fetlock,fetlock
fetter,fetter,fetter
fettering,fetter,fetter
fettle,fettl,fettle
feu,feu,feu
feud,feud,feud
fever,fever,fever
feverous,fever,feverous
few,few,few
fewness,few,fewness
fickle,fickl,fickle
fickleness,fickl,fickleness
fico,fico,fico
fiction,fiction,fiction
fiddle,fiddl,fiddle
fiddler,fiddler,fiddler
fiddlestick,fiddlestick,fiddlestick
fide,fide,fide
fidele,fidel,fidele
fidelicet,fidelicet,fidelicet
fidelity,fidel,fidelity
fidiuse,fidius,fidiuse
fie,fie,fie
field,field,field
fields,field,field
fiend,fiend,fiend
fiends,fiend,fiend
fierce,fierc,fierce
fiercely,fierc,fiercely
fierceness,fierc,fierceness
fiery,fieri,fiery
fife,fife,fife
fifteen,fifteen,fifteen
fifteenth,fifteenth,fifteenth
fifth,fifth,fifth
fifty,fifti,fifty
fig,fig,fig
fight,fight,fight
fighter,fighter,fighter
fighteth,fighteth,fighteth
fighting,fight,fight
figo,figo,figo
figs,fig,fig
figure,figur,figure
figured,figur,figure
fil,fil,fil
filbert,filbert,filbert
filch,filch,filch
filching,filch,filch
file,file,file
filial,filial,filial
filius,filiu,filius
fill,fill,fill
fillet,fillet,fillet
fillip,fillip,fillip
filly,filli,filly
film,film,film
filth,filth,filth
filthy,filthi,filthy
fin,fin,fin
finally,final,finally
finch,finch,finch
find,find,find
finder,finder,finder
findeth,findeth,findeth
finding,find,find
fine,fine,fine
fineless,fineless,fineless
finely,fine,finely
finem,finem,finem
fineness,fine,fineness
finer,finer,finer
finger,finger,finger
fingering,finger,fingering
fingre,fingr,fingre
finical,finic,finical
finish,finish,finish
finished,finish,finish
finisher,finish,finisher
finless,finless,finless
finn,finn,finn
finny,finni,finny
finsbury,finsburi,finsbury
firago,firago,firago
fire,fire,fire
firebrand,firebrand,firebrand
firework,firework,firework
firk,firk,firk
firm,firm,firm
firmament,firmament,firmament
firmly,firmli,firmly
firmness,firm,firmness
first,first,first
firstling,firstl,firstle
firstlings,firstl,firstling
fish,fish,fish
fisher,fisher,fisher
fisherman,fisherman,fisherman
fishes,fish,fish
fishifie,fishifi,fishifie
fishmonger,fishmong,fishmonger
fishpond,fishpond,fishpond
fisnomy,fisnomi,fisnomy
fist,fist,fist
fisting,fist,fiste
fistula,fistula,fistula
fit,fit,fit
fitchew,fitchew,fitchew
fitful,fit,fitful
fitly,fitli,fitly
fitment,fitment,fitment
fitness,fit,fitness
fitt,fitt,fitt
fitter,fitter,fitter
fitteth,fitteth,fitteth
fitting,fit,fit
fitzwater,fitzwat,fitzwater
five,five,five
fix,fix,fix
fixeth,fixeth,fixeth
fixture,fixtur,fixture
fixure,fixur,fixure
flag,flag,flag
flagging,flag,flag
flagon,flagon,flagon
flags,flag,flag
flail,flail,flail
flake,flake,flake
flaky,flaki,flaky
flaman,flaman,flaman
flame,flame,flame
flamen,flamen,flaman
flaminius,flaminiu,flaminius
flander,flander,flander
flannel,flannel,flannel
flap,flap,flap
flare,flare,flare
flash,flash,flash
flashes,flash,flash
flask,flask,flask
flat,flat,flat
flatly,flatli,flatly
flatness,flat,flatness
flats,flat,flat
flatter,flatter,flatter
flattered,flatter,flatter
flatterer,flatter,flatterer
flatterers,flatter,flatterer
flattering,flatter,flatter
flattery,flatteri,flattery
flaunt,flaunt,flaunt
flavius,flaviu,flavius
flaw,flaw,flaw
flax,flax,flax
flaxen,flaxen,flaxen
flay,flay,flay
fle,fle,fle
flea,flea,flea
fleance,fleanc,fleance
flecked,fleck,fleck
fled,fled,flee
fledge,fledg,fledge
flee,flee,flee
fleece,fleec,fleece
fleer,fleer,fleer
fleers,fleer,fleer
fleet,fleet,fleet
fleeter,fleeter,fleeter
fleeting,fleet,fleeting
fleming,fleme,fleme
flemish,flemish,flemish
flesh,flesh,flesh
fleshed,flesh,flesh
fleshly,fleshli,fleshly
fleshment,fleshment,fleshment
fleshmonger,fleshmong,fleshmonger
flew,flew,fly
flexible,flexibl,flexible
flexure,flexur,flexure
flibbertigibbet,flibbertigibbet,flibbertigibbet
flicker,flicker,flicker
flier,flier,flier
flies,fli,fly
flieth,flieth,flieth
flight,flight,flight
flighty,flighti,flighty
flinch,flinch,flinch
fling,fling,fle
flint,flint,flint
flinty,flinti,flinty
flirt,flirt,flirt
float,float,float
flock,flock,flock
flood,flood,flood
floor,floor,floor
flora,flora,flora
florence,florenc,florence
florentine,florentin,florentine
florentius,florentiu,florentius
florizel,florizel,florizel
flote,flote,flote
flour,flour,flour
flourish,flourish,flourish
flourisheth,flourisheth,flourisheth
flout,flout,flout
flow,flow,flow
flower,flower,flower
floweret,floweret,floweret
flowery,floweri,flowery
fluellen,fluellen,fluellen
fluent,fluent,fluent
flush,flush,flush
fluster,fluster,fluster
flute,flute,flute
flutter,flutter,flutter
flux,flux,flux
fly,fli,fly
flying,fli,fly
foal,foal,foal
foam,foam,foam
foaming,foam,foam
foamy,foami,foamy
fob,fob,fob
fobbed,fob,fob
focative,foc,focative
fodder,fodder,fodder
foe,foe,foe
foeman,foeman,foeman
fog,fog,fog
foggy,foggi,foggy
foh,foh,foh
foi,foi,foi
foil,foil,foil
foin,foin,foin
foining,foin,foine
fois,foi,fois
foison,foison,foison
foix,foix,foix
fold,fold,fold
folio,folio,folio
folk,folk,folk
follie,folli,follie
follow,follow,follow
follower,follow,follower
followest,followest,follow
following,follow,follow
follows,follow,follow
folly,folli,folly
fond,fond,fond
fonder,fonder,fonder
fondly,fondli,fondly
fondness,fond,fondness
font,font,font
fontibell,fontibel,fontibell
food,food,food
fool,fool,fool
foolery,fooleri,foolery
foolhardy,foolhardi,foolhardy
fooling,fool,fool
foolish,foolish,foolish
foolishly,foolishli,foolishly
foolishness,foolish,foolishness
fools,fool,fool
foot,foot,foot
football,footbal,football
footboy,footboy,footboy
footed,foot,foot
footfall,footfal,footfall
footing,foot,foot
footman,footman,footman
footstep,footstep,footstep
footstool,footstool,footstool
fop,fop,fop
foppery,fopperi,foppery
foppish,foppish,foppish
forage,forag,forage
forager,forag,forager
forbad,forbad,forbad
forbade,forbad,forbid
forbear,forbear,forbear
forbearance,forbear,forbearance
forbid,forbid,forbid
forbidden,forbidden,forbid
forbiddenly,forbiddenli,forbiddenly
forbids,forbid,forbid
forborne,forborn,forborne
force,forc,force
forced,forc,force
forceful,forc,forceful
forceless,forceless,forceless
forcible,forcibl,forcible
forcibly,forcibl,forcibly
ford,ford,ford
fordo,fordo,fordo
fordoe,fordo,fordoe
fordone,fordon,fordone
fore,fore,fore
forecast,forecast,forecast
forefather,forefath,forefather
forefend,forefend,forefend
forefinger,forefing,forefinger
forego,forego,forego
foregoer,forego,foregoer
foregone,foregon,foregone
forehand,forehand,forehand
forehead,forehead,forehead
forehorse,forehors,forehorse
foreign,foreign,foreign
foreigner,foreign,foreigner
foreknow,foreknow,foreknow
foreknowledge,foreknowledg,foreknowledge
foremost,foremost,foremost
forename,forenam,forename
forenoon,forenoon,forenoon
forerun,forerun,forerun
forerunner,forerunn,forerunner
foresaid,foresaid,foresaid
foresaw,foresaw,foresaw
foresay,foresay,foresay
foresee,forese,foresee
foreshow,foreshow,foreshow
foreskirt,foreskirt,foreskirt
forespent,foresp,forespent
forest,forest,forest
forestall,forestal,forestall
forester,forest,forester
foretell,foretel,foretell
foretells,foretel,foretell
forethink,forethink,forethink
forethought,forethought,forethought
foretold,foretold,foretold
forever,forev,forever
foreward,foreward,foreward
forewarn,forewarn,forewarn
forfeit,forfeit,forfeit
forfeited,forfeit,forfeit
forfeiter,forfeit,forfeiter
forfeits,forfeit,forfeit
forfeiture,forfeitur,forfeiture
forfend,forfend,forfend
forgave,forgav,forgave
forge,forg,forge
forgery,forgeri,forgery
forget,forget,forget
forgetful,forget,forgetful
forgetfulness,forget,forgetfulness
forgive,forgiv,forgive
forgiveness,forgiv,forgiveness
forgone,forgon,forgone
forgot,forgot,forget
forgotten,forgotten,forget
fork,fork,fork
forlorn,forlorn,forlorn
form,form,form
formal,formal,formal
formally,formal,formally
format,format,format
former,former,former
formerly,formerli,formerly
formless,formless,formless
fornication,fornic,fornication
fornicatress,fornicatress,fornicatress
forr,forr,forr
forre,forr,forre
forrest,forrest,forrest
forsake,forsak,forsake
forsaketh,forsaketh,forsaketh
forslow,forslow,forslow
forsook,forsook,forsook
forsooth,forsooth,forsooth
forspent,forspent,forspent
forspoke,forspok,forspoke
forswear,forswear,forswear
forswearing,forswear,forswear
forswore,forswor,forswore
forsworn,forsworn,forsworn
fort,fort,fort
forth,forth,forth
forthcome,forthcom,forthcome
forthcoming,forthcom,forthcoming
forthlight,forthlight,forthlight
forthright,forthright,forthright
forthwith,forthwith,forthwith
fortification,fortif,fortification
fortifie,fortifi,fortifie
fortified,fortifi,fortify
fortify,fortifi,fortify
fortinbra,fortinbra,fortinbra
fortinbras,fortinbra,fortinbra
fortitude,fortitud,fortitude
fortnight,fortnight,fortnight
fortress,fortress,fortress
fortuna,fortuna,fortuna
fortunate,fortun,fortunate
fortunately,fortun,fortunately
fortune,fortun,fortune
fortunes,fortun,fortune
forty,forti,forty
forum,forum,forum
forward,forward,forward
forwardness,forward,forwardness
forwearie,forweari,forwearie
fosset,fosset,fosset
foster,foster,foster
fought,fought,fight
foughten,foughten,foughten
foul,foul,foul
fouler,fouler,fouler
foulest,foulest,foul
foully,foulli,foully
foulness,foul,foulness
found,found,find
foundation,foundat,foundation
founder,founder,founder
fount,fount,fount
fountain,fountain,fountain
four,four,four
fourscore,fourscor,fourscore
fourteen,fourteen,fourteen
fourth,fourth,fourth
fowl,fowl,fowl
fowler,fowler,fowler
fowling,fowl,fowl
fox,fox,fox
foxes,fox,fox
foxship,foxship,foxship
fracte,fract,fracte
fracted,fract,fracte
fraction,fraction,fraction
fragile,fragil,fragile
fragment,fragment,fragment
fragrant,fragrant,fragrant
frail,frail,frail
frailty,frailti,frailty
frame,frame,frame
framed,frame,frame
frampold,frampold,frampold
france,franc,france
franchise,franchis,franchise
franchisement,franchis,franchisement
franchises,franchis,franchise
franciae,francia,franciae
francis,franci,francis
francisca,francisca,francisca
franciscan,franciscan,franciscan
francisco,francisco,francisco
francois,francoi,francois
frank,frank,frank
franker,franker,franker
frankfort,frankfort,frankfort
franklin,franklin,franklin
frankly,frankli,frankly
frankness,frank,frankness
frantic,frantic,frantic
franticly,franticli,franticly
frateretto,frateretto,frateretto
fratrum,fratrum,fratrum
fraud,fraud,fraud
fraudful,fraud,fraudful
fraught,fraught,fraught
fraughtage,fraughtag,fraughtage
fraughte,fraught,fraughte
fray,fray,fray
freckle,freckl,freckle
frederick,frederick,frederick
free,free,free
freedom,freedom,freedom
freeli,freeli,freeli
freely,freeli,freely
freeman,freeman,freeman
freeness,freeness,freeness
freer,freer,freer
freestone,freeston,freestone
freeze,freez,freeze
freezeth,freezeth,freezeth
french,french,french
frenchman,frenchman,frenchman
frenchmen,frenchmen,frenchman
frenchwoman,frenchwoman,frenchwoman
frenzy,frenzi,frenzy
frequent,frequent,frequent
fresh,fresh,fresh
freshe,fresh,freshe
fresher,fresher,fresher
freshly,freshli,freshly
freshness,fresh,freshness
fret,fret,fret
fretful,fret,fretful
fretted,fret,fret
fretten,fretten,fretten
friar,friar,friar
friday,friday,friday
friend,friend,friend
friende,friend,friende
friendless,friendless,friendless
friendliness,friendli,friendliness
friendly,friendli,friendly
friends,friend,friend
friendship,friendship,friendship
frieze,friez,frieze
fright,fright,fright
frightening,frighten,frightening
frightful,fright,frightful
frights,fright,fright
fringe,fring,fringe
frippery,fripperi,frippery
frisk,frisk,frisk
fritter,fritter,fritter
frivolous,frivol,frivolous
frize,frize,frize
fro,fro,fro
frock,frock,frock
frog,frog,frog
frogmore,frogmor,frogmore
froissart,froissart,froissart
frolic,frolic,frolic
front,front,front
fronted,front,front
frontier,frontier,frontier
frontlet,frontlet,frontlet
frost,frost,frost
frosty,frosti,frosty
froth,froth,froth
froward,froward,froward
frown,frown,frown
frowning,frown,frown
frowningly,frowningli,frowningly
froze,froze,froze
frozen,frozen,frozen
fructify,fructifi,fructify
frugal,frugal,frugal
fruit,fruit,fruit
fruitful,fruit,fruitful
fruitfully,fruit,fruitfully
fruitfulness,fruit,fruitfulness
fruition,fruition,fruition
fruitless,fruitless,fruitless
frush,frush,frush
frustrate,frustrat,frustrate
frutify,frutifi,frutify
fry,fri,fry
fuel,fuel,fuel
fuerza,fuerza,fuerza
fugitive,fugit,fugitive
fulfil,fulfil,fulfil
fulfill,fulfil,fulfill
fulfilling,fulfil,fulfil
full,full,full
fullam,fullam,fullam
fuller,fuller,full
fully,fulli,fully
fulness,ful,fulness
fulsome,fulsom,fulsome
fulvia,fulvia,fulvia
fum,fum,fum
fumble,fumbl,fumble
fumblest,fumblest,fumbl
fumbling,fumbl,fumble
fume,fume,fume
fumiter,fumit,fumiter
fumitory,fumitori,fumitory
fun,fun,fun
function,function,function
fundamental,fundament,fundamental
funeral,funer,funeral
fur,fur,fur
furbish,furbish,furbish
furious,furiou,furious
furlong,furlong,furlong
furnace,furnac,furnace
furnish,furnish,furnish
furnished,furnish,furnish
furnishing,furnish,furnish
furniture,furnitur,furniture
furnival,furniv,furnival
furor,furor,furor
furr,furr,furr
furred,fur,fur
furrow,furrow,furrow
furth,furth,furth
furtherance,further,furtherance
furtherer,further,furtherer
furthermore,furthermor,furthermore
furthest,furthest,furthest
fury,furi,fury
furze,furz,furze
fust,fust,fust
fustian,fustian,fustian
fusty,fusti,fusty
future,futur,future
futurity,futur,futurity
gabble,gabbl,gabble
gaberdine,gaberdin,gaberdine
gabriel,gabriel,gabriel
gad,gad,gad
gadshill,gadshil,gadshill
gaff,gaff,gaff
gag,gag,gag
gage,gage,gage
gagne,gagn,gagne
gailia,gailia,gailia
gain,gain,gain
gainer,gainer,gainer
gainsay,gainsay,gainsay
gainst,gainst,gainst
gait,gait,gait
gaite,gait,gaite
gaitist,gaitist,gaitist
galathe,galath,galathe
gale,gale,gale
galen,galen,galen
gall,gall,gall
gallant,gallant,gallant
gallantly,gallantli,gallantly
gallantry,gallantri,gallantry
gallants,gallant,gallant
gallery,galleri,gallery
galley,galley,galley
gallia,gallia,gallia
gallian,gallian,gallian
galliard,galliard,galliard
galliase,gallias,galliase
gallimaufry,gallimaufri,gallimaufry
gallon,gallon,gallon
gallop,gallop,gallop
gallow,gallow,gallow
gallowglasse,gallowglass,gallowglasse
gallows,gallow,gallow
gallowse,gallows,gallowse
gallus,gallu,gallus
gam,gam,gam
gambol,gambol,gambol
gambold,gambold,gambold
gamboy,gamboy,gamboy
game,game,game
gamesome,gamesom,gamesome
gamester,gamest,gamester
gammon,gammon,gammon
gamut,gamut,gamut
gan,gan,gan
gangrened,gangren,gangrene
ganymede,ganymed,ganymede
gaol,gaol,gaol
gaoler,gaoler,gaoler
gap,gap,gap
gape,gape,gape
gar,gar,gar
garb,garb,garb
garbage,garbag,garbage
garboil,garboil,garboil
garcon,garcon,garcon
garde,gard,garde
garden,garden,garden
gardener,garden,gardener
gardez,gardez,gardez
gardiner,gardin,gardiner
gardon,gardon,gardon
gargantua,gargantua,gargantua
gargrave,gargrav,gargrave
garish,garish,garish
garland,garland,garland
garlic,garlic,garlic
garment,garment,garment
garner,garner,garner
garners,garner,garner
garnish,garnish,garnish
garret,garret,garret
garrison,garrison,garrison
garter,garter,garter
garters,garter,garter
gascony,gasconi,gascony
gash,gash,gash
gaskin,gaskin,gaskin
gasp,gasp,gasp
gasted,gast,gaste
gastness,gast,gastness
gat,gat,gat
gate,gate,gate
gates,gate,gate
gather,gather,gather
gatorie,gatori,gatorie
gatory,gatori,gatory
gaud,gaud,gaud
gaudeo,gaudeo,gaudeo
gaudy,gaudi,gaudy
gauge,gaug,gauge
gaul,gaul,gaul
gaultier,gaultier,gaultier
gaunt,gaunt,gaunt
gauntlet,gauntlet,gauntlet
gav,gav,gav
gave,gave,give
gavest,gavest,gavest
gawd,gawd,gawd
gawde,gawd,gawde
gawsey,gawsey,gawsey
gay,gay,gay
gayness,gay,gayness
gaze,gaze,gaze
gazer,gazer,gazer
gear,gear,gear
geck,geck,geck
geese,gees,geese
geffrey,geffrey,geffrey
geld,geld,geld
gelida,gelida,gelida
gelidus,gelidu,gelidus
gelt,gelt,gelt
gem,gem,gem
geminy,gemini,geminy
gen,gen,gen
gender,gender,gender
general,gener,general
generally,gener,generally
generation,gener,generation
generative,gener,generative
generosity,generos,generosity
generous,gener,generous
genitive,genit,genitive
genitivo,genitivo,genitivo
genius,geniu,genius
gennet,gennet,gennet
genoa,genoa,genoa
genoux,genoux,genoux
gentile,gentil,gentile
gentilhomme,gentilhomm,gentilhomme
gentility,gentil,gentility
gentle,gentl,gentle
gentleman,gentleman,gentleman
gentlemanlike,gentlemanlik,gentlemanlike
gentlemen,gentlemen,gentleman
gentleness,gentl,gentleness
gentler,gentler,gentle
gentlewoman,gentlewoman,gentlewoman
gently,gentli,gently
gentry,gentri,gentry
george,georg,george
gerard,gerard,gerard
german,german,german
germane,german,germane
germans,german,german
germany,germani,germany
germen,germen,german
gertrude,gertrud,gertrude
gest,gest,gest
gesture,gestur,gesture
get,get,get
getter,getter,getter
getting,get,get
ghastly,ghastli,ghastly
ghost,ghost,ghost
ghostly,ghostli,ghostly
giant,giant,giant
giantess,giantess,giantess
gib,gib,gib
gibber,gibber,gibber
gibbet,gibbet,gibbet
gibe,gibe,gibe
giber,giber,giber
gibingly,gibingli,gibingly
giddily,giddili,giddily
giddiness,giddi,giddiness
giddy,giddi,giddy
gift,gift,gift
gifts,gift,gift
gig,gig,gig
giglot,giglot,giglot
gilbert,gilbert,gilbert
gild,gild,gild
gill,gill,gill
gilliams,gilliam,gilliam
gillian,gillian,gillian
gillyvor,gillyvor,gillyvor
gilt,gilt,gilt
gimmal,gimmal,gimmal
gimmor,gimmor,gimmor
gin,gin,gin
ginger,ginger,ginger
gingerbread,gingerbread,gingerbread
gingerly,gingerli,gingerly
ginn,ginn,ginn
gipes,gipe,gipes
gipsy,gipsi,gipsy
gird,gird,gird
girdle,girdl,girdle
girdlest,girdlest,girdlest
girl,girl,girl
girls,girl,girl
girt,girt,girt
girth,girth,girth
gis,gi,gis
giv,giv,giv
give,give,give
given,given,give
giver,giver,giver
gives,give,give
givest,givest,giv
giveth,giveth,giveth
giving,give,give
givings,give,giving
glad,glad,glad
gladde,gladd,gladde
gladding,glad,gladde
gladly,gladli,gladly
gladness,glad,gladness
glamis,glami,glamis
glance,glanc,glance
glander,glander,glander
glansdale,glansdal,glansdale
glare,glare,glare
glass,glass,glass
glasses,glass,glass
glassy,glassi,glassy
glaze,glaze,glaze
gleam,gleam,gleam
glean,glean,glean
gleeful,gleeful,gleeful
gleek,gleek,gleek
gleeke,gleek,gleeke
glendow,glendow,glendow
glendower,glendow,glendower
glib,glib,glib
glide,glide,glide
glideth,glideth,glideth
glimmer,glimmer,glimmer
glimmering,glimmer,glimmer
glimpse,glimps,glimpse
glister,glister,glister
glistere,glister,glistere
glistering,glister,glistering
glitter,glitter,glitter
glitters,glitter,glitter
globe,globe,globe
gloome,gloom,gloome
gloomy,gloomi,gloomy
glorify,glorifi,glorify
glorious,gloriou,glorious
gloriously,glorious,gloriously
glory,glori,glory
glos,glo,glo
glose,glose,glose
gloss,gloss,gloss
gloster,gloster,gloster
gloucester,gloucest,gloucester
gloucestershire,gloucestershir,gloucestershire
glove,glove,glove
glover,glover,glover
glow,glow,glow
glowing,glow,glow
gloze,gloze,gloze
glue,glue,glue
glut,glut,glut
glutton,glutton,glutton
gluttonous,glutton,gluttonous
gnarl,gnarl,gnarl
gnat,gnat,gnat
gnats,gnat,gnat
gnaw,gnaw,gnaw
gnawing,gnaw,gnaw
gnawn,gnawn,gnawn
gnaws,gnaw,gnaw
goad,goad,goad
goal,goal,goal
goat,goat,goat
goatish,goatish,goatish
gobbet,gobbet,gobbet
gobbo,gobbo,gobbo
goblet,goblet,goblet
goblin,goblin,goblin
goblins,goblin,goblin
god,god,god
godde,godd,godde
goddess,goddess,goddess
goddesse,goddess,goddesse
godfather,godfath,godfather
godhead,godhead,godhead
godlike,godlik,godlike
godliness,godli,godliness
godly,godli,godly
godmother,godmoth,godmother
gods,god,god
godson,godson,godson
goer,goer,goer
goes,goe,go
goest,goest,goest
goeth,goeth,goeth
goffe,goff,goffe
gog,gog,gog
going,go,go
gold,gold,gold
golden,golden,golden
goldenly,goldenli,goldenly
goldsmith,goldsmith,goldsmith
golgotha,golgotha,golgotha
goliase,golias,goliase
goliath,goliath,goliath
gondola,gondola,gondola
gondolier,gondoli,gondolier
gone,gone,go
goneril,goneril,goneril
gonzago,gonzago,gonzago
gonzalo,gonzalo,gonzalo
good,good,good
goodfellow,goodfellow,goodfellow
goodliest,goodliest,goodliest
goodly,goodli,goodly
goodman,goodman,goodman
goodness,good,goodness
goodrig,goodrig,goodrig
goodwill,goodwil,goodwill
goodwin,goodwin,goodwin
goose,goos,goose
goot,goot,goot
gorbellie,gorbelli,gorbellie
gorboduc,gorboduc,gorboduc
gordian,gordian,gordian
gore,gore,gore
gorge,gorg,gorge
gorgeous,gorgeou,gorgeous
gorget,gorget,gorget
gorgon,gorgon,gorgon
gormandise,gormandis,gormandise
gory,gori,gory
gosle,gosl,gosle
gosling,gosl,gosle
gospel,gospel,gospel
gospell,gospel,gospell
goss,goss,goss
gossamer,gossam,gossamer
gossip,gossip,gossip
goth,goth,goth
goths,goth,goth
gourd,gourd,gourd
gout,gout,gout
gouty,gouti,gouty
govern,govern,govern
governance,govern,governance
governess,gover,governess
government,govern,government
governor,governor,governor
governs,govern,govern
gower,gower,gower
gown,gown,gown
grace,grace,grace
graced,grace,grace
graceful,grace,graceful
gracefully,grace,gracefully
graceless,graceless,graceless
graces,grace,grace
gracious,graciou,gracious
graciously,gracious,graciously
gradation,gradat,gradation
graff,graff,graff
graft,graft,graft
grafter,grafter,grafter
grain,grain,grain
gramercie,gramerci,gramercie
gramercies,gramerci,gramercie
gramercy,gramerci,gramercy
grammar,grammar,grammar
grand,grand,grand
grandam,grandam,grandam
grandchild,grandchild,grandchild
grande,grand,grande
grandeur,grandeur,grandeur
grandfather,grandfath,grandfather
grandmother,grandmoth,grandmother
grandpre,grandpr,grandpre
grandsire,grandsir,grandsire
grange,grang,grange
grant,grant,grant
grape,grape,grape
grapple,grappl,grapple
grasp,grasp,grasp
grass,grass,grass
grasshopper,grasshopp,grasshopper
grassy,grassi,grassy
grate,grate,grate
grateful,grate,grateful
gratiano,gratiano,gratiano
gratify,gratifi,gratify
gratii,gratii,gratii
gratillity,gratil,gratillity
gratis,grati,gratis
gratitude,gratitud,gratitude
gratulate,gratul,gratulate
grave,grave,grave
gravel,gravel,gravel
graveless,graveless,graveless
gravelled,gravel,gravel
gravely,grave,gravely
graveness,grave,graveness
graver,graver,graver
gravity,graviti,gravity
gray,gray,gray
graybeard,graybeard,graybeard
graymalkin,graymalkin,graymalkin
graze,graze,graze
grazing,graze,graze
grease,greas,grease
greasily,greasili,greasily
greasy,greasi,greasy
great,great,great
greater,greater,great
greatest,greatest,great
greatly,greatli,greatly
greatness,great,greatness
grecian,grecian,grecian
gree,gree,gree
greece,greec,greece
greed,greed,greed
greedily,greedili,greedily
greediness,greedi,greediness
greedy,greedi,greedy
greek,greek,greek
greekish,greekish,greekish
greeks,greek,greek
green,green,green
greener,greener,greener
greenly,greenli,greenly
greens,green,green
greenwich,greenwich,greenwich
greenwood,greenwood,greenwood
greet,greet,greet
greeting,greet,greet
gregory,gregori,gregory
gremio,gremio,gremio
grew,grew,grow
grey,grey,grey
greybeard,greybeard,greybeard
greyhound,greyhound,greyhound
grief,grief,grief
griefs,grief,grief
grievance,grievanc,grievance
grieve,griev,grieve
grieved,griev,grieve
grievest,grievest,grievest
grievingly,grievingli,grievingly
grievous,grievou,grievous
grievously,grievous,grievously
griffin,griffin,griffin
griffith,griffith,griffith
grim,grim,grim
grime,grime,grime
grimly,grimli,grimly
grin,grin,grin
grind,grind,grind
grindstone,grindston,grindstone
grinning,grin,grin
grip,grip,grip
gripe,gripe,gripe
grise,grise,grise
grisly,grisli,grisly
grissel,grissel,grissel
grize,grize,grize
grizzle,grizzl,grizzle
groan,groan,groan
groaning,groan,groan
groans,groan,groan
groat,groat,groat
groom,groom,groom
grope,grope,grope
groping,grope,groping
gros,gro,gros
gross,gross,gross
grossly,grossli,grossly
grossness,gross,grossness
ground,ground,ground
groundling,groundl,groundle
grove,grove,grove
grovel,grovel,grovel
grow,grow,grow
groweth,groweth,groweth
grown,grown,grow
grows,grow,grow
growth,growth,growth
grub,grub,grub
grubb,grubb,grubb
grudge,grudg,grudge
grudging,grudg,grudge
gruel,gruel,gruel
grumble,grumbl,grumble
grumblest,grumblest,grumbl
grumbling,grumbl,grumble
grumio,grumio,grumio
grund,grund,grund
grunt,grunt,grunt
guard,guard,guard
guardage,guardag,guardage
guardant,guardant,guardant
guardian,guardian,guardian
guardsman,guardsman,guardsman
gud,gud,gud
gudgeon,gudgeon,gudgeon
guerdon,guerdon,guerdon
guerra,guerra,guerra
guess,guess,guess
guessingly,guessingli,guessingly
guest,guest,guest
guiana,guiana,guiana
guichard,guichard,guichard
guide,guid,guide
guider,guider,guider
guiderius,guideriu,guiderius
guidon,guidon,guidon
guienne,guienn,guienne
guilde,guild,guilde
guildenstern,guildenstern,guildenstern
guildford,guildford,guildford
guildhall,guildhal,guildhall
guile,guil,guile
guileful,guil,guileful
guilt,guilt,guilt
guiltian,guiltian,guiltian
guiltily,guiltili,guiltily
guiltiness,guilti,guiltiness
guiltless,guiltless,guiltless
guilty,guilti,guilty
guinea,guinea,guinea
guinover,guinov,guinover
guise,guis,guise
gule,gule,gule
gulf,gulf,gulf
gulfs,gulf,gulfs
gull,gull,gull
gum,gum,gum
gun,gun,gun
gunner,gunner,gunner
gunpowder,gunpowd,gunpowder
gurnet,gurnet,gurnet
gurney,gurney,gurney
gust,gust,gust
gusty,gusti,gusty
gut,gut,gut
gutter,gutter,gutter
guy,guy,guy
guyne,guyn,guyne
guysor,guysor,guysor
gyve,gyve,gyve
haberdasher,haberdash,haberdasher
habiliment,habili,habiliment
habit,habit,habit
habitation,habit,habitation
habits,habit,habit
hac,hac,hac
hack,hack,hack
hacket,hacket,hacket
hackney,hackney,hackney
hadst,hadst,hadst
haec,haec,haec
haere,haer,haere
hag,hag,hag
hagar,hagar,hagar
haggard,haggard,haggard
haggerds,haggerd,haggerd
haggish,haggish,haggish
haggle,haggl,haggle
hai,hai,hai
hail,hail,hail
hailed,hail,hail
hailstone,hailston,hailstone
hair,hair,hair
hairless,hairless,hairless
hairs,hair,hair
hairy,hairi,hairy
hal,hal,hal
halberd,halberd,halberd
halberds,halberd,halberd
halbert,halbert,halbert
halcyon,halcyon,halcyon
hale,hale,hale
half,half,half
halfpence,halfpenc,halfpence
halfpenny,halfpenni,halfpenny
halfworld,halfworld,halfworld
halidom,halidom,halidom
hall,hall,hall
halloe,hallo,halloe
hallond,hallond,hallond
halloo,halloo,halloo
hallow,hallow,hallow
hallowed,hallow,hallow
hallowma,hallowma,hallowma
hallowmas,hallowma,hallowmas
hallown,hallown,hallown
halt,halt,halt
halter,halter,halter
halting,halt,halt
halts,halt,halt
halves,halv,half
ham,ham,ham
hames,hame,hame
hamlet,hamlet,hamlet
hammer,hammer,hammer
hamper,hamper,hamper
hampton,hampton,hampton
hamstring,hamstr,hamstring
hand,hand,hand
handed,hand,hand
handercher,handerch,handercher
handful,hand,handful
handicraft,handicraft,handicraft
handiwork,handiwork,handiwork
handkercher,handkerch,handkercher
handkerchief,handkerchief,handkerchief
handle,handl,handle
handless,handless,handless
handlest,handlest,handl
handling,handl,handle
handmaid,handmaid,handmaid
hands,hand,hand
handsaw,handsaw,handsaw
handsome,handsom,handsome
handsomely,handsom,handsomely
handsomeness,handsom,handsomeness
handwriting,handwrit,handwriting
handy,handi,handy
hang,hang,hang
hanged,hang,hang
hanger,hanger,hanger
hangeth,hangeth,hangeth
hanging,hang,hang
hangings,hang,hanging
hangman,hangman,hangman
hannibal,hannib,hannibal
hap,hap,hap
hapless,hapless,hapless
haply,hapli,haply
happ,happ,happ
happen,happen,happen
happily,happili,happily
happiness,happi,happiness
happy,happi,happy
harbinger,harbing,harbinger
harbour,harbour,harbour
harbourage,harbourag,harbourage
hard,hard,hard
harden,harden,harden
hardiment,hardiment,hardiment
hardiness,hardi,hardiness
hardly,hardli,hardly
hardness,hard,hardness
hardy,hardi,hardy
hare,hare,hare
harebell,harebel,harebell
harfleur,harfleur,harfleur
harford,harford,harford
hark,hark,hark
harlot,harlot,harlot
harlotry,harlotri,harlotry
harlots,harlot,harlot
harm,harm,harm
harmful,harm,harmful
harmless,harmless,harmless
harmonious,harmoni,harmonious
harmoniously,harmoni,harmoniously
harmony,harmoni,harmony
harness,har,harness
harp,harp,harp
harper,harper,harper
harpi,harpi,harpi
harping,harp,harp
harpy,harpi,harpy
harrow,harrow,harrow
harry,harri,harry
harsh,harsh,harsh
harshly,harshli,harshly
harshness,harsh,harshness
hart,hart,hart
harum,harum,harum
harvest,harvest,harvest
hast,hast,hast
haste,hast,haste
hasted,hast,haste
hasten,hasten,hasten
hastening,hasten,hasten
hastes,hast,haste
hastily,hastili,hastily
hasting,hast,hasting
hastings,hast,hasting
hasty,hasti,hasty
hat,hat,hat
hatch,hatch,hatch
hatchet,hatchet,hatchet
hatchment,hatchment,hatchment
hate,hate,hate
hateful,hate,hateful
hater,hater,hater
hatest,hatest,hatest
hateth,hateth,hateth
hatfield,hatfield,hatfield
hath,hath,hath
hatre,hatr,hatre
hatred,hatr,hatre
hats,hat,hat
haud,haud,haud
hauf,hauf,hauf
haught,haught,haught
haughtiness,haughti,haughtiness
haughty,haughti,haughty
haunch,haunch,haunch
haunt,haunt,haunt
haunted,haunt,haunt
hautboy,hautboy,hautboy
hautboys,hautboy,hautboy
hav,hav,hav
haven,haven,haven
haver,haver,haver
having,have,have
havior,havior,havior
havoc,havoc,havoc
hawk,hawk,hawk
hawthorn,hawthorn,hawthorn
hay,hay,hay
hazard,hazard,hazard
hazards,hazard,hazard
hazel,hazel,hazel
head,head,head
headed,head,head
headier,headier,headier
headless,headless,headless
headlong,headlong,headlong
heads,head,head
headshake,headshak,headshake
headsman,headsman,headsman
headstrong,headstrong,headstrong
heady,headi,heady
heal,heal,heal
healing,heal,healing
health,health,health
healthful,health,healthful
healths,health,health
healthsome,healthsom,healthsome
healthy,healthi,healthy
heap,heap,heap
heapt,heapt,heapt
hear,hear,hear
heard,heard,hear
hearer,hearer,hearer
hearers,hearer,hearer
hearest,hearest,hearest
heareth,heareth,heareth
hearing,hear,hear
hearken,hearken,hearken
hearkened,hearken,hearken
hearkens,hearken,hearken
hearsay,hearsay,hearsay
hearse,hears,hearse
heart,heart,heart
heartbreaking,heartbreak,heartbreake
hearte,heart,hearte
hearted,heart,hearte
hearten,hearten,hearten
hearth,hearth,hearth
heartily,heartili,heartily
heartiness,hearti,heartiness
heartless,heartless,heartless
heartling,heartl,heartle
heartsick,heartsick,heartsick
heartstring,heartstr,heartstre
hearty,hearti,hearty
heat,heat,heat
heated,heat,heat
heath,heath,heath
heathen,heathen,heathen
heathenish,heathenish,heathenish
heating,heat,heating
heave,heav,heave
heaven,heaven,heaven
heavenly,heavenli,heavenly
heavens,heaven,heaven
heavier,heavier,heavy
heaviest,heaviest,heavy
heavily,heavili,heavily
heaviness,heavi,heaviness
heaving,heav,heaving
heavy,heavi,heavy
hebenon,hebenon,hebenon
hebrew,hebrew,hebrew
hecate,hecat,hecate
hectic,hectic,hectic
hector,hector,hector
hecuba,hecuba,hecuba
hedge,hedg,hedge
hedgehog,hedgehog,hedgehog
heed,heed,heed
heedful,heed,heedful
heedfull,heedful,heedfull
heedfully,heed,heedfully
heedless,heedless,heedless
heel,heel,heel
heft,heft,heft
heifer,heifer,heifer
heigh,heigh,heigh
height,height,height
heighten,heighten,heighten
heinous,heinou,heinous
heinously,heinous,heinously
heir,heir,heir
heire,heir,heire
heirless,heirless,heirless
heirs,heir,heir
held,held,hold
helde,held,helde
helen,helen,helen
helena,helena,helena
helenu,helenu,helenu
helenus,helenu,helenus
helias,helia,helias
helicane,helican,helicane
helicanus,helicanu,helicanus
hell,hell,hell
hellespont,hellespont,hellespont
hellish,hellish,hellish
helm,helm,helm
helmet,helmet,helmet
helms,helm,helm
help,help,help
helper,helper,helper
helpful,help,helpful
helpless,helpless,helpless
hem,hem,hem
hemlock,hemlock,hemlock
hemm,hemm,hemm
hemp,hemp,hemp
hempen,hempen,hempen
hen,hen,hen
hence,henc,hence
henceforth,henceforth,henceforth
henceforward,henceforward,henceforward
henchman,henchman,henchman
henned,hen,henned
henri,henri,henri
henricus,henricu,henricus
henry,henri,henry
hent,hent,hent
herald,herald,herald
heraldry,heraldri,heraldry
herb,herb,herb
herbert,herbert,herbert
herblet,herblet,herblet
herbs,herb,herb
hercule,hercul,hercule
herculean,herculean,herculean
hercules,hercul,hercule
herd,herd,herd
herdsman,herdsman,herdsman
hereabout,hereabout,hereabout
hereabouts,hereabout,hereabout
hereafter,hereaft,hereafter
hereby,herebi,hereby
hereditary,hereditari,hereditary
hereford,hereford,hereford
herefordshire,herefordshir,herefordshire
herein,herein,herein
hereof,hereof,hereof
heresy,heresi,heresy
heretic,heret,heretic
hereto,hereto,hereto
heretofore,heretofor,heretofore
hereupon,hereupon,hereupon
heritage,heritag,heritage
heriti,heriti,heriti
herme,herm,herme
hermia,hermia,hermia
hermione,hermion,hermione
hermit,hermit,hermit
hermitage,hermitag,hermitage
herne,hern,herne
hero,hero,hero
herod,herod,herod
herods,herod,herod
heroic,heroic,heroic
heroical,heroic,heroical
herre,herr,herre
herring,her,herring
hesperide,hesperid,hesperide
hesperus,hesperu,hesperus
hest,hest,h
heure,heur,heure
heureux,heureux,heureux
hew,hew,hew
hewgh,hewgh,hewgh
hewn,hewn,hew
hews,hew,hew
hey,hey,hey
hibocrate,hibocr,hibocrate
hic,hic,hic
hick,hick,hick
hid,hid,hid
hidden,hidden,hide
hide,hide,hide
hideous,hideou,hideous
hideousness,hideous,hideousness
hideth,hideth,hideth
hiding,hide,hiding
hie,hie,hie
hiem,hiem,hiem
hies,hie,hie
hig,hig,hig
high,high,high
higher,higher,higher
highest,highest,high
highly,highli,highly
highmost,highmost,highmost
highness,high,highness
hight,hight,hight
highway,highway,highway
highwrought,highwrought,highwrought
hilde,hild,hilde
hilding,hild,hilde
hill,hill,hill
hillo,hillo,hillo
hilloa,hilloa,hilloa
hills,hill,hill
hilt,hilt,hilt
hinc,hinc,hinc
hind,hind,hind
hinder,hinder,hinder
hinderd,hinderd,hinderd
hindering,hinder,hinder
hindmost,hindmost,hindmost
hinge,hing,hinge
hinged,hing,hinge
hint,hint,hint
hip,hip,hip
hipparchus,hipparchu,hipparchus
hippe,hipp,hippe
hippolyta,hippolyta,hippolyta
hips,hip,hip
hire,hire,hire
hirtius,hirtiu,hirtius
his,hi,his
hisperia,hisperia,hisperia
hiss,hiss,hiss
hist,hist,hist
historical,histor,historical
history,histori,history
hit,hit,hit
hither,hither,hither
hitherto,hitherto,hitherto
hitherward,hitherward,hitherward
hitherwards,hitherward,hitherward
hive,hive,hive
hoa,hoa,hoa
hoar,hoar,hoar
hoard,hoard,hoard
hoarding,hoard,hoard
hoars,hoar,hoar
hoarse,hoars,hoarse
hoary,hoari,hoary
hob,hob,hob
hobbididence,hobbidid,hobbididence
hobby,hobbi,hobby
hobgoblin,hobgoblin,hobgoblin
hobnail,hobnail,hobnail
hoc,hoc,hoc
hodge,hodg,hodge
hog,hog,hog
hogshead,hogshead,hogshead
hoise,hois,hoise
hoist,hoist,hoist
holborn,holborn,holborn
hold,hold,hold
holden,holden,holden
holder,holder,holder
holdeth,holdeth,holdeth
holding,hold,hold
hole,hole,hole
holidame,holidam,holidame
holiday,holiday,holiday
holier,holier,holier
holily,holili,holily
holiness,holi,holiness
holla,holla,holla
hollae,holla,hollae
holland,holland,holland
hollander,holland,hollander
holloa,holloa,holloa
hollow,hollow,hollow
hollowly,hollowli,hollowly
hollowness,hollow,hollowness
holly,holli,holly
holmedon,holmedon,holmedon
holoferne,holofern,holoferne
holp,holp,holp
holy,holi,holy
homage,homag,homage
homager,homag,homager
home,home,home
homely,home,homely
homeward,homeward,homeward
homicide,homicid,homicide
homily,homili,homily
hominem,hominem,hominem
hommes,homm,homme
homo,homo,homo
honest,honest,honest
honester,honest,honester
honestly,honestli,honestly
honesty,honesti,honesty
honey,honey,honey
honeycomb,honeycomb,honeycomb
honeyless,honeyless,honeyless
honeysuckle,honeysuckl,honeysuckle
honeysuckles,honeysuckl,honeysuckle
honi,honi,honi
honneur,honneur,honneur
honorato,honorato,honorato
honorificabilitudinitatibus,honorificabilitudinitatibu,honorificabilitudinitatibus
honour,honour,honour
honourable,honour,honourable
honourably,honour,honourably
honours,honour,honour
hoo,hoo,hoo
hood,hood,hood
hoodman,hoodman,hoodman
hoodwink,hoodwink,hoodwink
hoof,hoof,hoof
hook,hook,hook
hoop,hoop,hoop
hoot,hoot,hoot
hooted,hoot,hoot
hop,hop,hop
hopdance,hopdanc,hopdance
hope,hope,hope
hopeful,hope,hopeful
hopeless,hopeless,hopeless
hopest,hopest,hopest
hopkin,hopkin,hopkin
hopkins,hopkin,hopkin
horace,horac,horace
horatio,horatio,horatio
horizon,horizon,horizon
horn,horn,horn
hornbook,hornbook,hornbook
horner,horner,horner
horning,horn,horn
horns,horn,horn
horologe,horolog,horologe
horrible,horribl,horrible
horribly,horribl,horribly
horrid,horrid,horrid
horrider,horrid,horrider
horridly,horridli,horridly
horror,horror,horror
horrorable,horror,horrorable
horse,hors,horse
horseback,horseback,horseback
horseman,horseman,horseman
horsemanship,horsemanship,horsemanship
horsemen,horsemen,horseman
horses,hors,horse
horsing,hors,horsing
hortensio,hortensio,hortensio
hortensiu,hortensiu,hortensiu
hortensius,hortensiu,hortensius
horum,horum,horum
hose,hose,hose
hospitable,hospit,hospitable
hospital,hospit,hospital
hospitality,hospit,hospitality
host,host,host
hostage,hostag,hostage
hostages,hostag,hostage
hostess,hostess,hostess
hostile,hostil,hostile
hostility,hostil,hostility
hostilius,hostiliu,hostilius
hot,hot,hot
hotly,hotli,hotly
hotspur,hotspur,hotspur
hotter,hotter,hotter
hound,hound,hound
hounds,hound,hound
hour,hour,hour
hourly,hourli,hourly
hours,hour,hour
house,hous,house
household,household,household
householder,household,householder
housekeeper,housekeep,housekeeper
housekeeping,housekeep,housekeeping
houseless,houseless,houseless
houses,hous,house
housewife,housewif,housewife
housewifery,housewiferi,housewifery
hovel,hovel,hovel
hover,hover,hover
howbeit,howbeit,howbeit
howe,howe,howe
however,howev,however
howl,howl,howl
howling,howl,howl
howls,howl,howl
howso,howso,howso
howsoe,howso,howsoe
howsoever,howsoev,howsoever
howsome,howsom,howsome
hoxes,hox,hoxe
hoy,hoy,hoy
hoyday,hoyday,hoyday
hubert,hubert,hubert
huddle,huddl,huddle
hue,hue,hue
hug,hug,hug
huge,huge,huge
hugely,huge,hugely
hugeness,huge,hugeness
hugg,hugg,hugg
hugger,hugger,hugger
hugh,hugh,hugh
hugs,hug,hug
huju,huju,huju
hulk,hulk,hulk
hull,hull,hull
hum,hum,hum
human,human,human
humane,human,humane
humanely,human,humanely
humanity,human,humanity
humble,humbl,humble
humbleness,humbl,humbleness
humbler,humbler,humbler
humblest,humblest,humblest
humbly,humbl,humbly
hume,hume,hume
humidity,humid,humidity
humility,humil,humility
humorous,humor,humorous
humour,humour,humour
humourous,humour,humourous
humours,humour,humour
humphrey,humphrey,humphrey
humphry,humphri,humphry
hundred,hundr,hundred
hundredth,hundredth,hundredth
hung,hung,hung
hungarian,hungarian,hungarian
hungary,hungari,hungary
hunger,hunger,hunger
hungerford,hungerford,hungerford
hungerly,hungerli,hungerly
hungry,hungri,hungry
hunt,hunt,hunt
hunter,hunter,hunter
hunteth,hunteth,hunteth
hunting,hunt,hunt
huntingdon,huntingdon,huntingdon
huntress,huntress,huntress
huntsman,huntsman,huntsman
hurdle,hurdl,hurdle
hurl,hurl,hurl
hurly,hurli,hurly
hurlyburly,hurlyburli,hurlyburly
hurricano,hurricano,hurricano
hurricanoes,hurricano,hurricanoe
hurry,hurri,hurry
hurt,hurt,hurt
hurtle,hurtl,hurtle
hurtless,hurtless,hurtless
husband,husband,husband
husbanded,husband,husband
husbandless,husbandless,husbandless
husbandry,husbandri,husbandry
husewife,husewif,husewife
hush,hush,hush
husk,husk,husk
huswife,huswif,huswife
hutch,hutch,hutch
hybla,hybla,hybla
hydra,hydra,hydra
hyen,hyen,hyen
hyman,hyman,hyman
hymen,hymen,hyman
hymenaeus,hymenaeu,hymenaeus
hymn,hymn,hymn
hyperbole,hyperbol,hyperbole
hyperbolical,hyperbol,hyperbolical
hyperion,hyperion,hyperion
hypocrisy,hypocrisi,hypocrisy
hypocrite,hypocrit,hypocrite
hyrcan,hyrcan,hyrcan
hyrcania,hyrcania,hyrcania
hyrcanian,hyrcanian,hyrcanian
hyssop,hyssop,hyssop
hysterica,hysterica,hysterica
iachimo,iachimo,iachimo
iago,iago,iago
ibat,ibat,ibat
icarus,icaru,icarus
ice,ice,ice
iceland,iceland,iceland
ici,ici,ici
icicle,icicl,icicle
icy,ici,icy
ide,ide,ide
idea,idea,idea
iden,iden,iden
ides,ide,ide
idiot,idiot,idiot
idle,idl,idle
idleness,idl,idleness
idly,idli,idly
idol,idol,idol
idolatrous,idolatr,idolatrous
idolatry,idolatri,idolatry
ignis,igni,ignis
ignoble,ignobl,ignoble
ignobly,ignobl,ignobly
ignominious,ignomini,ignominious
ignominy,ignomini,ignominy
ignomy,ignomi,ignomy
ignorance,ignor,ignorance
ignorant,ignor,ignorant
iii,iii,iii
ilbow,ilbow,ilbow
ild,ild,ild
ilion,ilion,ilion
ilium,ilium,ilium
ill,ill,ill
illegitimate,illegitim,illegitimate
illiterate,illiter,illiterate
illness,ill,illness
ills,ill,ill
illume,illum,illume
illuminate,illumin,illuminate
illumine,illumin,illumine
illusion,illus,illusion
illustrate,illustr,illustrate
illustrious,illustri,illustrious
illyria,illyria,illyria
illyrian,illyrian,illyrian
ils,il,il
image,imag,image
imagery,imageri,imagery
imaginary,imaginari,imaginary
imagination,imagin,imagination
imagine,imagin,imagine
imagined,imagin,imagine
imagining,imagin,imagine
imbar,imbar,imbar
imbecility,imbecil,imbecility
imbrue,imbru,imbrue
imitari,imitari,imitari
imitate,imit,imitate
imitation,imit,imitation
immaculate,immacul,immaculate
immanity,imman,immanity
immask,immask,immask
immaterial,immateri,immaterial
immediacy,immediaci,immediacy
immediate,immedi,immediate
immediately,immedi,immediately
imminence,immin,imminence
imminent,immin,imminent
immod,immod,immod
immoderate,immoder,immoderate
immoderately,immoder,immoderately
immodest,immodest,immod
immoment,immoment,immoment
immortal,immort,immortal
immortality,immort,immortality
immortalize,immort,immortalize
immure,immur,immure
imogen,imogen,imogen
imp,imp,imp
impaint,impaint,impaint
impair,impair,impair
impale,impal,impale
impart,impart,impart
impartial,imparti,impartial
impartment,impart,impartment
impasted,impast,impaste
impatience,impati,impatience
impatient,impati,impatient
impatiently,impati,impatiently
impawn,impawn,impawn
impeach,impeach,impeach
impeachment,impeach,impeachment
impede,imped,impede
impediment,impedi,impediment
impenetrable,impenetr,impenetrable
imperator,imper,imperator
imperceiverant,imperceiver,imperceiverant
imperfect,imperfect,imperfect
imperfection,imperfect,imperfection
imperfectly,imperfectli,imperfectly
imperial,imperi,imperial
imperious,imperi,imperious
imperiously,imperi,imperiously
impertinency,impertin,impertinency
impertinent,impertin,impertinent
impeticos,impetico,impetico
impetuosity,impetuos,impetuosity
impetuous,impetu,impetuous
impiety,impieti,impiety
impious,impiou,impious
implacable,implac,implacable
implement,implement,implement
implorator,implor,implorator
implore,implor,implore
imply,impli,imply
impone,impon,impone
import,import,import
importance,import,importance
importancy,import,importancy
important,import,important
importantly,importantli,importantly
importeth,importeth,importeth
importless,importless,importless
importunacy,importunaci,importunacy
importunate,importun,importunate
importune,importun,importune
importuned,importun,importune
importunity,importun,importunity
impose,impos,impose
imposition,imposit,imposition
impossibility,imposs,impossibility
impossible,imposs,impossible
imposter,impost,imposter
imposthume,imposthum,imposthume
impostor,impostor,impostor
impotence,impot,impotence
impotent,impot,impotent
impound,impound,impound
impregnable,impregn,impregnable
imprese,impres,imprese
impress,impress,impress
impression,impress,impression
impressure,impressur,impressure
imprimendum,imprimendum,imprimendum
imprimis,imprimi,imprimis
imprint,imprint,imprint
imprison,imprison,imprison
imprisonment,imprison,imprisonment
improbable,improb,improbable
improper,improp,improper
improve,improv,improve
improvident,improvid,improvident
impudence,impud,impudence
impudency,impud,impudency
impudent,impud,impudent
impudently,impud,impudently
impudique,impudiqu,impudique
impugn,impugn,impugn
impure,impur,impure
imputation,imput,imputation
impute,imput,impute
inaccessible,inaccess,inaccessible
inaidible,inaid,inaidible
inaudible,inaud,inaudible
inauspicious,inauspici,inauspicious
incage,incag,incage
incantation,incant,incantation
incapable,incap,incapable
incardinate,incardin,incardinate
incarnadine,incarnadin,incarnadine
incarnal,incarn,incarnal
incarnate,incarn,incarnate
incense,incens,incense
incensement,incens,incensement
incensing,incens,incense
incertain,incertain,incertain
incessant,incess,incessant
incessantly,incessantli,incessantly
incest,incest,incest
incestuous,incestu,incestuous
inch,inch,inch
incharitable,incharit,incharitable
inched,inch,inch
incidency,incid,incidency
incident,incid,incident
incision,incis,incision
incite,incit,incite
incivil,incivil,incivil
incivility,incivil,incivility
inclin,inclin,inclin
inclinable,inclin,inclinable
inclination,inclin,inclination
incline,inclin,incline
inclined,inclin,incline
inclining,inclin,incline
inclip,inclip,inclip
include,includ,include
inclusive,inclus,inclusive
incomparable,incompar,incomparable
incomprehensible,incomprehens,incomprehensible
inconsiderate,inconsider,inconsiderate
inconstancy,inconst,inconstancy
inconstant,inconst,inconstant
incontinency,incontin,incontinency
incontinent,incontin,incontinent
incontinently,incontin,incontinently
inconvenience,inconveni,inconvenience
inconvenient,inconveni,inconvenient
incony,inconi,incony
incorporal,incorpor,incorporal
incorporate,incorpor,incorporate
incorpse,incorps,incorpse
incorrect,incorrect,incorrect
increase,increas,increase
increaseth,increaseth,increaseth
incredible,incred,incredible
incredulous,incredul,incredulous
incur,incur,incur
incurable,incur,incurable
incurr,incurr,incurr
incursion,incurs,incursion
ind,ind,ind
inde,ind,inde
indebted,indebt,indebte
indeed,inde,indeed
indent,indent,indent
indenture,indentur,indenture
index,index,index
india,india,india
indian,indian,indian
indict,indict,indict
indictment,indict,indictment
indie,indi,indie
indifferency,indiffer,indifferency
indifferent,indiffer,indifferent
indifferently,indiffer,indifferently
indigent,indig,indigent
indigest,indigest,indigest
indigeste,indigest,indigeste
indigested,indigest,indigeste
indign,indign,indign
indignation,indign,indignation
indigne,indign,indigne
indignity,indign,indignity
indirect,indirect,indirect
indirection,indirect,indirection
indirectly,indirectli,indirectly
indiscreet,indiscreet,indiscreet
indiscretion,indiscret,indiscretion
indispos,indispo,indispos
indisposed,indispos,indispose
indissoluble,indissolubl,indissoluble
indistinct,indistinct,indistinct
indistinguishable,indistinguish,indistinguishable
indite,indit,indite
individable,individ,individable
indrench,indrench,indrench
indubitate,indubit,indubitate
induce,induc,induce
induced,induc,induce
inducement,induc,inducement
induction,induct,induction
indue,indu,indue
indulgence,indulg,indulgence
indulgent,indulg,indulgent
indurance,indur,indurance
industrious,industri,industrious
industriously,industri,industriously
industry,industri,industry
inequality,inequ,inequality
inestimable,inestim,inestimable
inevitable,inevit,inevitable
inexecrable,inexecr,inexecrable
inexorable,inexor,inexorable
inexplicable,inexplic,inexplicable
inf,inf,inf
infallible,infal,infallible
infallibly,infal,infallibly
infamonize,infamon,infamonize
infamous,infam,infamous
infamy,infami,infamy
infancy,infanc,infancy
infant,infant,infant
infect,infect,infect
infected,infect,infect
infection,infect,infection
infections,infect,infection
infectious,infecti,infectious
infectiously,infecti,infectiously
infer,infer,infer
inference,infer,inference
inferior,inferior,inferior
infernal,infern,infernal
inferr,inferr,inferr
inferreth,inferreth,inferreth
infidel,infidel,infidel
infinite,infinit,infinite
infinitely,infinit,infinitely
infirm,infirm,infirm
infirmitie,infirmiti,infirmitie
infirmities,infirm,infirmitie
infirmity,infirm,infirmity
infixed,infix,infixed
infixing,infix,infix
inflame,inflam,inflame
inflict,inflict,inflict
infliction,inflict,infliction
influence,influenc,influence
infold,infold,infold
inforce,inforc,inforce
inforced,inforc,inforce
inform,inform,inform
informal,inform,informal
information,inform,information
infortunate,infortun,infortunate
infringe,infring,infringe
infuse,infus,infuse
infusion,infus,infusion
ingener,ingen,ingener
ingenious,ingeni,ingenious
ingeniously,ingeni,ingeniously
ingenuous,ingenu,ingenuous
inglorious,inglori,inglorious
ingot,ingot,ingot
ingraft,ingraft,ingraft
ingrate,ingrat,ingrate
ingrateful,ingrat,ingrateful
ingratitude,ingratitud,ingratitude
ingredient,ingredi,ingredient
ingredients,ingredi,ingredient
ingross,ingross,ingross
inhabit,inhabit,inhabit
inhabitable,inhabit,inhabitable
inhabitant,inhabit,inhabitant
inhearse,inhears,inhearse
inherent,inher,inherent
inherit,inherit,inherit
inheritance,inherit,inheritance
inheriting,inherit,inherit
inheritor,inheritor,inheritor
inheritrix,inheritrix,inheritrix
inherits,inherit,inherit
inhibit,inhibit,inhibit
inhibition,inhibit,inhibition
inhoop,inhoop,inhoop
inhospitable,inhospit,inhospitable
inhuman,inhuman,inhuman
iniquity,iniqu,iniquity
initiate,initi,initiate
injointe,injoint,injointe
injunction,injunct,injunction
injure,injur,injure
injurer,injur,injurer
injurious,injuri,injurious
injury,injuri,injury
injustice,injustic,injustice
ink,ink,ink
inkhorn,inkhorn,inkhorn
inkle,inkl,inkle
inkling,inkl,inkling
inky,inki,inky
inland,inland,inland
inlay,inlay,inlay
inly,inli,inly
inmost,inmost,inmost
inn,inn,inn
innkeeper,innkeep,innkeeper
innocence,innoc,innocence
innocency,innoc,innocency
innocent,innoc,innocent
innovation,innov,innovation
innovator,innov,innovator
inns,inn,inn
innumerable,innumer,innumerable
inoculate,inocul,inoculate
inordinate,inordin,inordinate
inquire,inquir,inquire
inquiry,inquiri,inquiry
inquisition,inquisit,inquisition
inquisitive,inquisit,inquisitive
inroad,inroad,inroad
insane,insan,insane
insanie,insani,insanie
insatiate,insati,insatiate
inscribed,inscrib,inscribe
inscription,inscript,inscription
inscroll,inscrol,inscroll
inscrutable,inscrut,inscrutable
insculp,insculp,insculp
insculpture,insculptur,insculpture
insensible,insens,insensible
inseparable,insepar,inseparable
inseparate,insepar,inseparate
insert,insert,insert
inshell,inshel,inshell
inshipp,inshipp,inshipp
inside,insid,inside
insinuate,insinu,insinuate
insinuateth,insinuateth,insinuateth
insinuation,insinu,insinuation
insist,insist,insist
insisture,insistur,insisture
insociable,insoci,insociable
insolence,insol,insolence
insolent,insol,insolent
insomuch,insomuch,insomuch
inspiration,inspir,inspiration
inspire,inspir,inspire
instal,instal,instal
install,instal,install
instalment,instal,instalment
instance,instanc,instance
instances,instanc,instance
instant,instant,instant
instantly,instantli,instantly
instate,instat,instate
instead,instead,instead
insteep,insteep,insteep
instigate,instig,instigate
instigation,instig,instigation
instinct,instinct,instinct
instinctively,instinct,instinctively
institute,institut,institute
institution,institut,institution
instruct,instruct,instruct
instructed,instruct,instruct
instruction,instruct,instruction
instrument,instrument,instrument
instrumental,instrument,instrumental
insubstantial,insubstanti,insubstantial
insufficience,insuffici,insufficience
insufficiency,insuffici,insufficiency
insult,insult,insult
insultment,insult,insultment
insupportable,insupport,insupportable
insuppressive,insuppress,insuppressive
insurrection,insurrect,insurrection
integer,integ,integer
integrita,integrita,integrita
integrity,integr,integrity
intellect,intellect,intellect
intellectual,intellectu,intellectual
intelligence,intellig,intelligence
intelligencer,intelligenc,intelligencer
intelligent,intellig,intelligent
intelligis,intelligi,intelligis
intelligo,intelligo,intelligo
intemperance,intemper,intemperance
intemperate,intemper,intemperate
intend,intend,intend
intended,intend,intend
intendeth,intendeth,intendeth
intendment,intend,intendment
intends,intend,intend
intenible,inten,intenible
intent,intent,intent
intention,intent,intention
intentively,intent,intentively
inter,inter,inter
intercept,intercept,intercept
intercepter,intercept,intercepter
interception,intercept,interception
intercession,intercess,intercession
intercessor,intercessor,intercessor
interchaine,interchain,interchaine
interchange,interchang,interchange
interchangeably,interchang,interchangeably
interchanged,interchang,interchange
interchangement,interchang,interchangement
interdiction,interdict,interdiction
interess,interess,interess
interest,interest,interest
interim,interim,interim
interior,interior,interior
interjection,interject,interjection
interjoin,interjoin,interjoin
interlude,interlud,interlude
intermingle,intermingl,intermingle
intermission,intermiss,intermission
intermissive,intermiss,intermissive
intermit,intermit,intermit
intermix,intermix,intermix
interpeter,interpet,interpeter
interpose,interpos,interpose
interposer,interpos,interposer
interpret,interpret,interpret
interpretation,interpret,interpretation
interpreter,interpret,interpreter
interr,interr,interr
interred,inter,inter
interrogatory,interrogatori,interrogatory
interrupt,interrupt,interrupt
interrupted,interrupt,interrupt
interrupter,interrupt,interrupter
interruption,interrupt,interruption
intertissue,intertissu,intertissue
interview,interview,interview
intestate,intest,intestate
intestine,intestin,intestine
intil,intil,intil
intimate,intim,intimate
intimation,intim,intimation
intitle,intitl,intitle
intitule,intitul,intitule
intolerable,intoler,intolerable
intoxicate,intox,intoxicate
intrench,intrench,intrench
intrenchant,intrench,intrenchant
intricate,intric,intricate
intrinse,intrins,intrinse
intrinsicate,intrins,intrinsicate
intrude,intrud,intrude
intruder,intrud,intruder
intrusion,intrus,intrusion
inundation,inund,inundation
inure,inur,inure
inurn,inurn,inurn
invade,invad,invade
invasion,invas,invasion
invasive,invas,invasive
invective,invect,invective
invectively,invect,invectively
inveigle,inveigl,inveigle
invent,invent,invent
invention,invent,invention
inventor,inventor,inventor
inventorially,inventori,inventorially
inventorie,inventori,inventorie
inventory,inventori,inventory
inverness,inver,inverness
invert,invert,invert
invest,invest,invest
investment,invest,investment
inveterate,inveter,inveterate
invincible,invinc,invincible
inviolable,inviol,inviolable
invisible,invis,invisible
invitation,invit,invitation
invite,invit,invite
invitis,inviti,invitis
invocate,invoc,invocate
invocation,invoc,invocation
invoke,invok,invoke
invulnerable,invulner,invulnerable
inward,inward,inward
inwardly,inwardli,inwardly
inwardness,inward,inwardness
ionia,ionia,ionia
ionian,ionian,ionian
ipse,ips,ipse
ipswich,ipswich,ipswich
ira,ira,ira
irae,ira,irae
iras,ira,ira
ire,ire,ire
ireful,ire,ireful
ireland,ireland,ireland
iris,iri,iris
irish,irish,irish
irishman,irishman,irishman
irk,irk,irk
irksome,irksom,irksome
iron,iron,iron
irreconciled,irreconcil,irreconcile
irregular,irregular,irregular
irregulous,irregul,irregulous
irreligious,irreligi,irreligious
irremoveable,irremov,irremoveable
irreparable,irrepar,irreparable
irresolute,irresolut,irresolute
irrevocable,irrevoc,irrevocable
isabel,isabel,isabel
isabella,isabella,isabella
isbel,isbel,isbel
iscariot,iscariot,iscariot
ise,ise,ise
ish,ish,ish
isidore,isidor,isidore
isis,isi,isis
island,island,island
islander,island,islander
isle,isl,isle
israel,israel,israel
issue,issu,issue
issueless,issueless,issueless
issuing,issu,issue
ista,ista,ista
italian,italian,italian
italy,itali,italy
itch,itch,itch
item,item,item
iteration,iter,iteration
ithaca,ithaca,ithaca
ition,ition,ition
ivory,ivori,ivory
ivy,ivi,ivy
jacet,jacet,jacet
jack,jack,jack
jackanape,jackanap,jackanape
jacksauce,jacksauc,jacksauce
jacob,jacob,jacob
jaculis,jaculi,jaculi
jade,jade,jade
jades,jade,jade
jake,jake,jake
jamany,jamani,jamany
james,jame,james
jamy,jami,jamy
jane,jane,jane
jangle,jangl,jangle
janu,janu,janu
january,januari,january
jaque,jaqu,jaque
jaquenetta,jaquenetta,jaquenetta
jaques,jaqu,jaque
jar,jar,jar
jarring,jar,jarring
jarteer,jarteer,jarteer
jason,jason,jason
jaundice,jaundic,jaundice
jaunt,jaunt,jaunt
jaunting,jaunt,jaunt
jaw,jaw,jaw
jaws,jaw,jaw
jay,jay,jay
jealosy,jealosi,jealosy
jealous,jealou,jealous
jealousies,jealousi,jealousy
jealousy,jealousi,jealousy
jeer,jeer,jeer
jelly,jelli,jelly
jenny,jenni,jenny
jeopardy,jeopardi,jeopardy
jephthah,jephthah,jephthah
jer,jer,jer
jerk,jerk,jerk
jerkin,jerkin,jerkin
jeronimy,jeronimi,jeronimy
jerusalem,jerusalem,jerusalem
jeshu,jeshu,jeshu
jesse,jess,jesse
jessica,jessica,jessica
jest,jest,jest
jester,jester,jester
jesting,jest,jest
jesu,jesu,jesu
jesus,jesu,jesus
jet,jet,jet
jetted,jet,jet
jew,jew,jew
jewel,jewel,jewel
jeweller,jewel,jeweller
jewels,jewel,jewel
jewess,jewess,jewess
jewish,jewish,jewish
jewry,jewri,jewry
jews,jew,jews
jezebel,jezebel,jezebel
jig,jig,jig
jill,jill,jill
jingling,jingl,jingle
joan,joan,joan
job,job,job
jockey,jockey,jockey
jocund,jocund,jocund
jog,jog,jog
john,john,john
join,join,join
joinder,joinder,joinder
joiner,joiner,joiner
joineth,joineth,joineth
joint,joint,joint
jointed,joint,joint
jointly,jointli,jointly
jointress,jointress,jointress
jointure,jointur,jointure
jole,jole,jole
jollity,jolliti,jollity
jolly,jolli,jolly
jolt,jolt,jolt
jolthead,jolthead,jolthead
jordan,jordan,jordan
joseph,joseph,joseph
joshua,joshua,joshua
jot,jot,jot
jouncing,jounc,jounce
jour,jour,jour
jourdain,jourdain,jourdain
journal,journal,journal
journey,journey,journey
journeyman,journeyman,journeyman
jove,jove,jove
jovem,jovem,jovem
jovial,jovial,jovial
jowl,jowl,jowl
joy,joy,joy
joyful,joy,joyful
joyfully,joy,joyfully
joyless,joyless,joyless
joyous,joyou,joyous
jud,jud,jud
juda,juda,juda
judas,juda,judas
jude,jude,jude
judge,judg,judge
judgement,judgement,judgement
judges,judg,judge
judgest,judgest,judgest
judging,judg,judge
judgment,judgment,judgment
judicious,judici,judicious
jug,jug,jug
juggle,juggl,juggle
juggler,juggler,juggler
juggling,juggl,juggle
juice,juic,juice
juiced,juic,juice
jule,jule,jule
julia,julia,julia
juliet,juliet,juliet
julietta,julietta,julietta
julio,julio,julio
julius,juliu,julius
julla,julla,julla
july,juli,july
jump,jump,jump
jumpeth,jumpeth,jumpeth
jumping,jump,jump
june,june,june
junior,junior,junior
junius,juniu,junius
junket,junket,junket
juno,juno,juno
jupiter,jupit,jupiter
jure,jure,jure
jurement,jurement,jurement
jurisdiction,jurisdict,jurisdiction
juror,juror,juror
jury,juri,jury
just,just,just
justeius,justeiu,justeius
justest,justest,justest
justice,justic,justice
justicer,justic,justicer
justicers,justic,justicer
justification,justif,justification
justify,justifi,justify
justle,justl,justle
justly,justli,justly
justness,just,justness
jut,jut,jut
jutty,jutti,jutty
juvenal,juven,juvenal
kam,kam,kam
katarina,katarina,katarina
kate,kate,kate
katharina,katharina,katharina
katharine,katharin,katharine
kecksie,kecksi,kecksie
keech,keech,keech
keel,keel,keel
keen,keen,keen
keenness,keen,keenness
keep,keep,keep
keepdown,keepdown,keepdown
keeper,keeper,keeper
keepest,keepest,keepest
keeping,keep,keep
keeps,keep,keep
keisar,keisar,keisar
ken,ken,ken
kendal,kendal,kendal
kenilworth,kenilworth,kenilworth
kennel,kennel,kennel
kent,kent,kent
kentish,kentish,kentish
kentishman,kentishman,kentishman
kentishmen,kentishmen,kentishman
kept,kept,keep
kerchief,kerchief,kerchief
kerely,kere,kerely
kern,kern,kern
kernel,kernel,kernel
kersey,kersey,kersey
ketly,ketli,ketly
kettle,kettl,kettle
key,key,key
keys,key,key
kibe,kibe,kibe
kick,kick,kick
kickshawse,kickshaws,kickshawse
kicky,kicki,kicky
kid,kid,kid
kidney,kidney,kidney
kidneye,kidney,kidneye
kildare,kildar,kildare
kill,kill,kill
killen,killen,killen
killer,killer,killer
killeth,killeth,killeth
killing,kill,kill
killingworth,killingworth,killingworth
kills,kill,kill
kiln,kiln,kiln
kimbolton,kimbolton,kimbolton
kin,kin,kin
kind,kind,kind
kinder,kinder,kind
kindle,kindl,kindle
kindless,kindless,kindless
kindlier,kindlier,kindly
kindling,kindl,kindle
kindly,kindli,kindly
kindness,kind,kindness
kindre,kindr,kindre
kindred,kindr,kindre
kinds,kind,kind
kine,kine,kine
king,king,king
kingdom,kingdom,kingdom
kingdoms,kingdom,kingdom
kingly,kingli,kingly
kings,king,king
kinsman,kinsman,kinsman
kinsmen,kinsmen,kinsman
kinswoman,kinswoman,kinswoman
kiss,kiss,kiss
kissed,kiss,kiss
kissing,kiss,kiss
kitchen,kitchen,kitchen
kite,kite,kite
kites,kite,kite
kitten,kitten,kitten
knack,knack,knack
knap,knap,knap
knave,knave,knave
knavery,knaveri,knavery
knaves,knave,knave
knavish,knavish,knavish
knead,knead,knead
knee,knee,knee
kneel,kneel,kneel
kneeling,kneel,kneel
knees,knee,knee
knell,knell,knell
knew,knew,know
knewest,knewest,knew
knife,knife,knife
knight,knight,knight
knighthood,knighthood,knighthood
knightly,knightli,knightly
knights,knight,knights
knit,knit,knit
knits,knit,knit
knitters,knitter,knitter
knitteth,knitteth,knitteth
kno,kno,kno
knob,knob,knob
knock,knock,knock
knocking,knock,knock
knog,knog,knog
knoll,knoll,knoll
knot,knot,knot
knots,knot,knot
knotty,knotti,knotty
know,know,know
knower,knower,knower
knowest,knowest,know
knowing,know,know
knowingly,knowingli,knowingly
knowist,knowist,knowist
knowledge,knowledg,knowledge
known,known,know
laban,laban,laban
label,label,label
labeo,labeo,labeo
labienus,labienu,labienus
labour,labour,labour
labourer,labour,labourer
laboursome,laboursom,laboursome
labra,labra,labra
labyrinth,labyrinth,labyrinth
lace,lace,lace
laced,lace,lace
lacedaemon,lacedaemon,lacedaemon
lacie,laci,lacie
lack,lack,lack
lackbeard,lackbeard,lackbeard
lacked,lack,lack
lackey,lackey,lackey
lackeye,lackey,lackeye
lacking,lack,lack
lad,lad,lad
ladder,ladder,ladder
lade,lade,lade
laden,laden,laden
ladie,ladi,ladie
ladies,ladi,lady
lading,lade,lading
lads,lad,lad
lady,ladi,lady
ladybird,ladybird,ladybird
ladyship,ladyship,ladyship
laerte,laert,laerte
lafeu,lafeu,lafeu
lag,lag,lag
lagging,lag,lag
laid,laid,lay
lain,lain,lain
laissez,laissez,laissez
lake,lake,lake
lakin,lakin,lakin
lamb,lamb,lamb
lambert,lambert,lambert
lambkin,lambkin,lambkin
lambs,lamb,lamb
lame,lame,lame
lamed,lame,lamed
lamely,lame,lamely
lameness,lame,lameness
lament,lament,lament
lamentable,lament,lamentable
lamentably,lament,lamentably
lamentation,lament,lamentation
lamented,lament,lament
lamenting,lament,lament
laming,lame,lame
lammas,lamma,lammas
lamond,lamond,lamond
lamp,lamp,lamp
lampass,lampass,lampass
lancaster,lancast,lancaster
lance,lanc,lance
lanceth,lanceth,lanceth
land,land,land
landed,land,land
landing,land,land
landless,landless,landless
landlord,landlord,landlord
landman,landman,landman
lands,land,land
lane,lane,lane
langage,langag,langage
langley,langley,langley
langton,langton,langton
language,languag,language
langues,langu,langue
languish,languish,languish
languishe,languish,languishe
languishing,languish,languish
languishment,languish,languishment
languor,languor,languor
lank,lank,lank
lantern,lantern,lantern
lanthorn,lanthorn,lanthorn
lap,lap,lap
lapis,lapi,lapis
lapland,lapland,lapland
lapp,lapp,lapp
lapse,laps,lapse
lapwe,lapw,lapwe
lapwing,lapw,lapwe
laquais,laquai,laquais
lard,lard,lard
larded,lard,lard
larder,larder,larder
large,larg,large
largely,larg,largely
largeness,larg,largeness
largess,largess,largess
lark,lark,lark
larron,larron,larron
lartius,lartiu,lartius
larum,larum,larum
las,la,las
lascivious,lascivi,lascivious
lash,lash,lash
lass,lass,lass
last,last,last
lasting,last,last
lastly,lastli,lastly
latch,latch,latch
late,late,late
lately,late,lately
later,later,later
lath,lath,lath
latin,latin,latin
latten,latten,latten
latter,latter,latter
lattice,lattic,lattice
laud,laud,laud
laudable,laudabl,laudable
laudis,laudi,laudis
laugh,laugh,laugh
laughable,laughabl,laughable
laugher,laugher,laugher
laughing,laugh,laugh
laughter,laughter,laughter
launce,launc,launce
launcelot,launcelot,launcelot
launch,launch,launch
laund,laund,laund
laundress,laundress,laundress
laundry,laundri,laundry
laura,laura,laura
laurel,laurel,laurel
laurence,laurenc,laurence
laus,lau,laus
lavache,lavach,lavache
lave,lave,lave
lavee,lave,lavee
lavender,lavend,lavender
lavinia,lavinia,lavinia
lavish,lavish,lavish
lavolt,lavolt,lavolt
lavolta,lavolta,lavolta
law,law,law
lawful,law,lawful
lawfully,law,lawfully
lawless,lawless,lawless
lawlessly,lawlessli,lawlessly
lawn,lawn,lawn
lawrence,lawrenc,lawrence
lawyer,lawyer,lawyer
lay,lay,lie
layer,layer,layer
laying,lay,lay
lays,lay,lay
lazar,lazar,lazar
lazarus,lazaru,lazarus
lazy,lazi,lazy
ldst,ldst,ldst
lea,lea,lea
lead,lead,lead
leaden,leaden,leaden
leader,leader,leader
leading,lead,lead
leads,lead,lead
leaf,leaf,leaf
leafy,leafi,leafy
league,leagu,league
leaguer,leaguer,leaguer
leah,leah,leah
leak,leak,leak
leaky,leaki,leaky
lean,lean,lean
leander,leander,leander
leanness,lean,leanness
leap,leap,leap
leaps,leap,leap
lear,lear,lear
learn,learn,learn
learnedly,learnedli,learnedly
learning,learn,learn
lease,leas,lease
leash,leash,leash
leasing,leas,leasing
least,least,least
leather,leather,leather
leathern,leathern,leathern
leave,leav,leave
leaven,leaven,leaven
leavening,leaven,leaven
leaver,leaver,leaver
leavetaking,leavetak,leavetake
leaving,leav,leave
lecher,lecher,lecher
lecherous,lecher,lecherous
lechery,lecheri,lechery
lecon,lecon,lecon
lecture,lectur,lecture
leda,leda,leda
lee,lee,lee
leech,leech,leech
leek,leek,leek
leeks,leek,leeks
leer,leer,leer
lees,lee,lee
leet,leet,leet
left,left,leave
leg,leg,leg
legacy,legaci,legacy
legate,legat,legate
legatine,legatin,legatine
lege,lege,lege
legerity,leger,legerity
leges,lege,lex
legg,legg,legg
legged,leg,legged
legion,legion,legion
legions,legion,legion
legitimate,legitim,legitimate
legitimation,legitim,legitimation
legs,leg,leg
leicester,leicest,leicester
leicestershire,leicestershir,leicestershire
leiger,leiger,leiger
leisure,leisur,leisure
leisurely,leisur,leisurely
leman,leman,leman
lemon,lemon,lemon
lena,lena,lena
lend,lend,lend
lender,lender,lender
lending,lend,lend
lends,lend,lend
length,length,length
lengthen,lengthen,lengthen
lenity,leniti,lenity
lennox,lennox,lennox
lent,lent,lent
lenten,lenten,lenten
lentus,lentu,lentus
leonardo,leonardo,leonardo
leonati,leonati,leonati
leonato,leonato,leonato
leonatus,leonatu,leonatus
leonine,leonin,leonine
leonitus,leonitu,leonitus
leonte,leont,leonte
leopard,leopard,leopard
leper,leper,leper
leperous,leper,leperous
lepidus,lepidu,lepidus
leprosy,leprosi,leprosy
lequel,lequel,lequel
les,le,les
less,less,less
lessen,lessen,lessen
lessens,lessen,lessen
lesser,lesser,less
lesson,lesson,lesson
lest,lest,lest
lestrale,lestral,lestrale
let,let,let
lethargie,lethargi,lethargie
lethargy,lethargi,lethargy
lethe,leth,lethe
lets,let,let
letter,letter,letter
lettered,letter,letter
letters,letter,letter
letting,let,let
lettuce,lettuc,lettuce
leur,leur,leur
leve,leve,leve
level,level,level
levell,level,levell
leven,leven,leven
lever,lever,lever
leviathan,leviathan,leviathan
levity,leviti,levity
levy,levi,levy
lewd,lewd,lewd
lewdly,lewdli,lewdly
lewdness,lewd,lewdness
lewdster,lewdster,lewdster
lewis,lewi,lewis
liable,liabl,liable
liar,liar,liar
liars,liar,liar
libbard,libbard,libbard
libel,libel,libel
liberal,liber,liberal
liberality,liber,liberality
liberte,libert,liberte
libertie,liberti,libertie
liberties,liberti,liberty
libertine,libertin,libertine
liberty,liberti,liberty
library,librari,library
libya,libya,libya
licence,licenc,licence
license,licens,license
licentious,licenti,licentious
licha,licha,licha
lichas,licha,licha
licio,licio,licio
lick,lick,lick
licker,licker,licker
lictor,lictor,lictor
lid,lid,lid
lie,lie,lie
lied,lie,lie
lief,lief,lief
liege,lieg,liege
liegeman,liegeman,liegeman
lieger,lieger,lieger
lien,lien,lien
lies,lie,lie
liest,liest,liest
lieth,lieth,lieth
lieu,lieu,lieu
lieutenant,lieuten,lieutenant
lieutenantry,lieutenantri,lieutenantry
lieve,liev,lieve
life,life,life
lifeless,lifeless,lifeless
lifeling,lifel,lifele
lift,lift,lift
lifter,lifter,lifter
lifteth,lifteth,lifteth
lig,lig,lig
ligarius,ligariu,ligarius
light,light,light
lighten,lighten,lighten
lightly,lightli,lightly
lightness,light,lightness
lightning,lightn,lightning
like,like,like
likedst,likedst,likedst
likelihood,likelihood,likelihood
likely,like,likely
liken,liken,liken
likeness,like,likeness
liker,liker,liker
likes,like,like
likest,likest,like
likewise,likewis,likewise
liking,like,like
lily,lili,lily
limander,limand,limander
limb,limb,limb
limbeck,limbeck,limbeck
limber,limber,limber
limbo,limbo,limbo
limbs,limb,limb
lime,lime,lime
limed,lime,lime
limehouse,limehous,limehouse
limekilns,limekiln,limekiln
limit,limit,limit
limitation,limit,limitation
limited,limit,limit
limn,limn,limn
limp,limp,limp
limping,limp,limp
limps,limp,limp
lincoln,lincoln,lincoln
lincolnshire,lincolnshir,lincolnshire
line,line,line
lineal,lineal,lineal
lineally,lineal,lineally
lineament,lineament,lineament
linen,linen,linen
ling,ling,le
lingare,lingar,lingare
linger,linger,linger
linguist,linguist,linguist
lining,line,line
link,link,link
linsey,linsey,linsey
linstock,linstock,linstock
lint,lint,lint
linta,linta,linta
lion,lion,lion
lionel,lionel,lionel
lioness,lioness,lioness
lip,lip,lip
lipp,lipp,lipp
lips,lip,lip
lipsbury,lipsburi,lipsbury
liquid,liquid,liquid
liquor,liquor,liquor
liquore,liquor,liquore
liquorish,liquorish,liquorish
lisbon,lisbon,lisbon
lisp,lisp,lisp
lisping,lisp,lisping
list,list,list
listen,listen,listen
listening,listen,listen
lists,list,list
literature,literatur,literature
lither,lither,lither
litigious,litigi,litigious
litter,litter,litter
little,littl,little
liv,liv,liv
live,live,live
lived,live,live
livedst,livedst,livedst
livelihood,livelihood,livelihood
livelong,livelong,livelong
lively,live,lively
liver,liver,liver
livere,liver,livere
livered,liver,livere
livery,liveri,livery
liveth,liveth,liveth
livia,livia,livia
living,live,live
lizard,lizard,lizard
loa,loa,loa
loach,loach,loach
load,load,load
loaden,loaden,loaden
loading,load,load
loads,load,load
loaf,loaf,loaf
loam,loam,loam
loan,loan,loan
loath,loath,loath
loathe,loath,loathe
loather,loather,loather
loathing,loath,loathe
loathly,loathli,loathly
loathness,loath,loathness
loathsome,loathsom,loathsome
loathsomeness,loathsom,loathsomeness
lob,lob,lob
lobby,lobbi,lobby
local,local,local
lock,lock,lock
locked,lock,lock
lockram,lockram,lockram
locust,locust,locust
lode,lode,lode
lodge,lodg,lodge
lodger,lodger,lodger
lodging,lodg,lodge
lodovico,lodovico,lodovico
lodowick,lodowick,lodowick
lofty,lofti,lofty
log,log,log
loggat,loggat,loggat
logger,logger,logger
loggerhead,loggerhead,loggerhead
logic,logic,logic
loin,loin,loin
loins,loin,loin
loiterer,loiter,loiterer
loitering,loiter,loitering
loll,loll,loll
lombardy,lombardi,lombardy
london,london,london
londoner,london,londoner
loneliness,loneli,loneliness
lonely,lone,lonely
long,long,long
longaville,longavil,longaville
longboat,longboat,longboat
longeth,longeth,longeth
longing,long,longing
longly,longli,longly
loo,loo,loo
loof,loof,loof
look,look,look
looked,look,look
looker,looker,looker
lookest,lookest,look
looks,look,look
loon,loon,loon
loop,loop,loop
loose,loos,loose
loosed,loos,loose
loosen,loosen,loosen
lop,lop,lop
lopp,lopp,lopp
loquitur,loquitur,loquitur
lord,lord,lord
lording,lord,lord
lordliness,lordli,lordliness
lordly,lordli,lordly
lords,lord,lord
lordship,lordship,lordship
lorenzo,lorenzo,lorenzo
lorn,lorn,lorn
lorraine,lorrain,lorraine
lorum,lorum,lorum
los,lo,los
lose,lose,lose
loser,loser,loser
losest,losest,los
loseth,loseth,loseth
losing,lose,lose
loss,loss,loss
lost,lost,lose
lot,lot,lot
lottery,lotteri,lottery
loud,loud,loud
louder,louder,louder
loudest,loudest,loud
loudly,loudli,loudly
lour,lour,lour
loureth,loureth,loureth
louring,lour,lour
louse,lous,louse
lousy,lousi,lousy
lout,lout,lout
louvre,louvr,louvre
lov,lov,lov
love,love,love
loved,love,love
lovedst,lovedst,lovedst
lovel,lovel,lovel
lovelier,loveli,lovely
loveliness,loveli,loveliness
lovell,lovel,lovell
lovely,love,lovely
lover,lover,lover
loves,love,love
lovest,lovest,lov
loveth,loveth,loveth
loving,love,love
lovingly,lovingli,lovingly
low,low,low
lower,lower,lower
lowering,lower,lower
lowliness,lowli,lowliness
lowly,lowli,lowly
lown,lown,lown
lowness,low,lowness
lowte,lowt,lowte
loyal,loyal,loyal
loyally,loyal,loyally
loyalty,loyalti,loyalty
lozel,lozel,lozel
lubber,lubber,lubber
lubberly,lubberli,lubberly
luccicos,luccico,luccicos
luce,luce,luce
lucentio,lucentio,lucentio
lucetta,lucetta,lucetta
luciana,luciana,luciana
lucianus,lucianu,lucianus
lucifer,lucif,lucifer
lucilius,luciliu,lucilius
lucina,lucina,lucina
lucio,lucio,lucio
lucius,luciu,lucius
luck,luck,luck
luckily,luckili,luckily
luckless,luckless,luckless
lucky,lucki,lucky
lucre,lucr,lucre
lucrece,lucrec,lucrece
lucretia,lucretia,lucretia
lucullus,lucullu,lucullus
lucy,luci,lucy
lud,lud,lud
ludlow,ludlow,ludlow
lug,lug,lug
lugg,lugg,lugg
luggage,luggag,luggage
luke,luke,luke
lukewarm,lukewarm,lukewarm
lull,lull,lull
lulla,lulla,lulla
lullaby,lullabi,lullaby
lump,lump,lump
lumpish,lumpish,lumpish
luna,luna,luna
lunacy,lunaci,lunacy
lunatic,lunat,lunatic
lunatics,lunat,lunatic
lune,lune,lune
lunes,lune,lune
lung,lung,lung
lupercal,luperc,lupercal
lurch,lurch,lurch
lure,lure,lure
lurk,lurk,lurk
lurketh,lurketh,lurketh
lurking,lurk,lurk
luscious,lusciou,luscious
lush,lush,lush
lust,lust,lust
lustful,lust,lustful
lustier,lustier,lustier
lustig,lustig,lustig
lustihood,lustihood,lustihood
lustily,lustili,lustily
lustre,lustr,lustre
lustrous,lustrou,lustrous
lusty,lusti,lusty
lute,lute,lute
lutheran,lutheran,lutheran
lux,lux,lux
luxurious,luxuri,luxurious
luxuriously,luxuri,luxuriously
luxury,luxuri,luxury
lycaonia,lycaonia,lycaonia
lychorida,lychorida,lychorida
lycurguse,lycurgus,lycurguse
lydia,lydia,lydia
lying,lie,lie
lyingest,lyingest,lyingest
lym,lym,lym
lymoge,lymog,lymoge
lynn,lynn,lynn
lyra,lyra,lyra
lysander,lysand,lysander
lysimachu,lysimachu,lysimachu
lysimachus,lysimachu,lysimachu
mab,mab,mab
macbeth,macbeth,macbeth
maccabaeus,maccabaeu,maccabaeus
macdonwald,macdonwald,macdonwald
macduff,macduff,macduff
mace,mace,mace
macedon,macedon,macedon
machiavel,machiavel,machiavel
machination,machin,machination
machine,machin,machine
mackerel,mackerel,mackerel
macmorris,macmorri,macmorris
maculate,macul,maculate
maculation,macul,maculation
mad,mad,mad
madam,madam,madam
madame,madam,madame
madams,madam,madams
madcap,madcap,madcap
madding,mad,mad
made,made,make
madeira,madeira,madeira
madest,madest,mad
madly,madli,madly
madman,madman,madman
madmen,madmen,madman
madness,mad,madness
madonna,madonna,madonna
madrigal,madrig,madrigal
madst,madst,madst
maggot,maggot,maggot
magic,magic,magic
magical,magic,magical
magician,magician,magician
magistrate,magistr,magistrate
magnanimity,magnanim,magnanimity
magnanimous,magnanim,magnanimous
magni,magni,magni
magnifi,magnifi,magnifi
magnificence,magnific,magnificence
magnificent,magnific,magnificent
magnifico,magnifico,magnifico
magnificoe,magnifico,magnificoe
magnus,magnu,magnus
magot,magot,magot
mahomet,mahomet,mahomet
mahu,mahu,mahu
maid,maid,maid
maiden,maiden,maiden
maidenhead,maidenhead,maidenhead
maidenhood,maidenhood,maidenhood
maidenliest,maidenliest,maidenliest
maidenly,maidenli,maidenly
maidens,maiden,maidens
maidhood,maidhood,maidhood
maids,maid,maid
mail,mail,mail
maim,maim,maim
main,main,main
maine,main,maine
mainly,mainli,mainly
maintain,maintain,maintain
maintenance,mainten,maintenance
mais,mai,mais
maison,maison,maison
majesta,majesta,majesta
majestee,majeste,majestee
majestic,majest,majestic
majestical,majest,majestical
majestically,majest,majestically
majesty,majesti,majesty
major,major,major
majority,major,majority
mak,mak,mak
make,make,make
maker,maker,maker
makes,make,make
makest,makest,mak
maketh,maketh,maketh
making,make,make
mal,mal,mal
mala,mala,mala
malady,maladi,malady
malapert,malapert,malapert
malchus,malchu,malchus
malcolm,malcolm,malcolm
malcontent,malcont,malcontent
male,male,male
malecontent,malecont,malecontent
malediction,maledict,malediction
malefaction,malefact,malefaction
malefactor,malefactor,malefactor
malevolence,malevol,malevolence
malevolent,malevol,malevolent
malice,malic,malice
malicious,malici,malicious
maliciously,malici,maliciously
malign,malign,malign
malignancy,malign,malignancy
malignant,malign,malignant
malignantly,malignantli,malignantly
malkin,malkin,malkin
mall,mall,mall
mallard,mallard,mallard
malleable,malleabl,malleable
mallecho,mallecho,mallecho
mallow,mallow,mallow
malmsey,malmsey,malmsey
malt,malt,malt
malvolio,malvolio,malvolio
mamillius,mamilliu,mamillius
mammere,mammer,mammere
mammet,mammet,mammet
mammocke,mammock,mammocke
man,man,man
manacle,manacl,manacle
manage,manag,manage
manager,manag,manager
mandate,mandat,mandate
mandragora,mandragora,mandragora
mandrake,mandrak,mandrake
mane,mane,mane
manfully,man,manfully
manger,manger,manger
mangle,mangl,mangle
mangy,mangi,mangy
manhood,manhood,manhood
manif,manif,manif
manifest,manifest,manif
manifold,manifold,manifold
manifoldly,manifoldli,manifoldly
manikin,manikin,manikin
manka,manka,manka
mankind,mankind,mankind
manly,manli,manly
mann,mann,mann
manna,manna,manna
manner,manner,manner
mannerly,mannerli,mannerly
manners,manner,manner
manningtree,manningtre,manningtree
mannish,mannish,mannish
manor,manor,manor
manors,manor,manor
mans,man,mans
mansion,mansion,mansion
mansionry,mansionri,mansionry
manslaughter,manslaught,manslaughter
mantle,mantl,mantle
mantled,mantl,mantle
mantua,mantua,mantua
mantuan,mantuan,mantuan
manual,manual,manual
manure,manur,manure
manured,manur,manure
manus,manu,manus
many,mani,many
map,map,map
mappery,mapperi,mappery
mar,mar,mar
marble,marbl,marble
marbled,marbl,marble
marcellus,marcellu,marcellus
march,march,march
marche,march,marche
marcheth,marcheth,marcheth
marching,march,marching
marchioness,marchio,marchioness
marchpane,marchpan,marchpane
marcians,marcian,marcian
marcius,marciu,marcius
marcu,marcu,marcu
marcus,marcu,marcus
mardian,mardian,mardian
mare,mare,mare
margarelon,margarelon,margarelon
margaret,margaret,margaret
marge,marg,marge
margent,margent,margent
margery,margeri,margery
maria,maria,maria
marian,marian,marian
mariana,mariana,mariana
marigold,marigold,marigold
marina,marina,marina
mariner,marin,mariner
mariners,marin,mariner
maritime,maritim,maritime
marjoram,marjoram,marjoram
mark,mark,mark
marked,mark,mark
market,market,market
marketable,market,marketable
marketplace,marketplac,marketplace
marks,mark,mark
marl,marl,marl
marle,marl,marle
marmoset,marmoset,marmoset
marquess,marquess,marquess
marquis,marqui,marquis
marr,marr,marr
marred,mar,mar
marriage,marriag,marriage
marrie,marri,marrie
married,marri,marry
marrow,marrow,marrow
marrowless,marrowless,marrowless
marry,marri,marry
marrying,marri,marry
mars,mar,mar
marseille,marseil,marseille
marsh,marsh,marsh
marshal,marshal,marshal
marshall,marshal,marshall
marshalsea,marshalsea,marshalsea
marshalship,marshalship,marshalship
mart,mart,mart
marte,mart,marte
martem,martem,martem
martext,martext,martext
martial,martial,martial
martin,martin,martin
martino,martino,martino
martius,martiu,martius
martlet,martlet,martlet
martyr,martyr,martyr
martyrs,martyr,martyrs
marullus,marullu,marullus
marvel,marvel,marvel
marvell,marvel,marvell
marvellous,marvel,marvellous
marvellously,marvel,marvellously
marvels,marvel,marvel
mary,mari,mary
mas,ma,mas
masculine,masculin,masculine
masham,masham,masham
mask,mask,mask
masker,masker,masker
mason,mason,mason
masonry,masonri,masonry
masque,masqu,masque
masquer,masquer,masquer
masquing,masqu,masque
mass,mass,mass
massacre,massacr,massacre
massy,massi,massy
mast,mast,mast
master,master,master
masterdom,masterdom,masterdom
masterless,masterless,masterless
masterly,masterli,masterly
masterpiece,masterpiec,masterpiece
masters,master,master
mastership,mastership,mastership
mastic,mastic,mastic
mastiff,mastiff,mastiff
match,match,match
matching,match,match
matchless,matchless,matchless
mate,mate,mate
mated,mate,mate
mater,mater,mater
material,materi,material
mates,mate,mates
mathematic,mathemat,mathematic
mathematics,mathemat,mathematics
matin,matin,matin
matron,matron,matron
matter,matter,matter
mattering,matter,matter
matthew,matthew,matthew
mattock,mattock,mattock
mattress,mattress,mattress
mature,matur,mature
maturity,matur,maturity
maud,maud,maud
maudlin,maudlin,maudlin
maugre,maugr,maugre
maul,maul,maul
mauri,mauri,mauri
mauritania,mauritania,mauritania
mauvais,mauvai,mauvais
maw,maw,maw
maws,maw,maw
maxim,maxim,maxim
may,may,may
mayest,mayest,mayest
mayor,mayor,mayor
maypole,maypol,maypole
mayst,mayst,mayst
maze,maze,maze
mazed,maze,mazed
mazes,maze,maze
mazzard,mazzard,mazzard
meacock,meacock,meacock
mead,mead,mead
meadow,meadow,meadow
meagre,meagr,meagre
meal,meal,meal
mealy,meali,mealy
mean,mean,mean
meander,meander,meander
meaner,meaner,meaner
meanest,meanest,mean
meaneth,meaneth,meaneth
meaning,mean,mean
meanly,meanli,meanly
means,mean,mean
meant,meant,mean
meantime,meantim,meantime
meanwhile,meanwhil,meanwhile
measle,measl,measle
measurable,measur,measurable
measure,measur,measure
measureless,measureless,measureless
meat,meat,meat
mecaena,mecaena,mecaena
mecaenas,mecaena,mecaenas
mechanic,mechan,mechanic
mechanical,mechan,mechanical
medal,medal,medal
meddle,meddl,meddle
meddler,meddler,meddler
meddling,meddl,meddle
mede,mede,mede
medea,medea,medea
mediation,mediat,mediation
mediator,mediat,mediator
medice,medic,medice
medicinable,medicin,medicinable
medicinal,medicin,medicinal
medicine,medicin,medicine
meditate,medit,meditate
meditating,medit,meditate
meditation,medit,meditation
mediterranean,mediterranean,mediterranean
mediterraneum,mediterraneum,mediterraneum
medium,medium,medium
medlar,medlar,medlar
medler,medler,medler
meed,meed,meed
meek,meek,meek
meekly,meekli,meekly
meekness,meek,meekness
meere,meer,meere
meet,meet,meet
meeter,meeter,meeter
meeting,meet,meeting
meetly,meetli,meetly
meg,meg,meg
mehercle,mehercl,mehercle
meilleur,meilleur,meilleur
meiny,meini,meiny
meisen,meisen,meisen
melancholy,melancholi,melancholy
melford,melford,melford
melius,meliu,melius
mell,mell,mell
mellifluous,melliflu,mellifluous
mellow,mellow,mellow
melodious,melodi,melodious
melody,melodi,melody
melt,melt,melt
melteth,melteth,melteth
melting,melt,melt
melun,melun,melun
member,member,member
memento,memento,memento
memorable,memor,memorable
memorandums,memorandum,memorandums
memorial,memori,memorial
memorise,memoris,memorise
memory,memori,memory
memphis,memphi,memphis
men,men,man
menace,menac,menace
menaphon,menaphon,menaphon
menas,mena,menas
mend,mend,mend
mender,mender,mender
mending,mend,mend
menecrate,menecr,menecrate
menecrates,menecr,menecrate
menelaus,menelau,menelaus
meneniu,meneniu,meneniu
menenius,meneniu,menenius
menon,menon,menon
mental,mental,mental
menteith,menteith,menteith
mention,mention,mention
mentis,menti,menti
menton,menton,menton
mephostophilus,mephostophilu,mephostophilus
mercade,mercad,mercade
mercatante,mercatant,mercatante
mercatio,mercatio,mercatio
mercenary,mercenari,mercenary
mercer,mercer,mercer
merchandise,merchandis,merchandise
merchant,merchant,merchant
merchante,merchant,merchante
merciful,merci,merciful
mercifully,merci,mercifully
merciless,merciless,merciless
mercurial,mercuri,mercurial
mercury,mercuri,mercury
mercutio,mercutio,mercutio
mercy,merci,mercy
mere,mere,mere
merely,mere,merely
meridian,meridian,meridian
merit,merit,merit
meritorious,meritori,meritorious
merlin,merlin,merlin
mermaid,mermaid,mermaid
merop,merop,merop
merrier,merrier,merrier
merriest,merriest,merriest
merrily,merrili,merrily
merriman,merriman,merriman
merriment,merriment,merriment
merriness,merri,merriness
merry,merri,merry
mervailous,mervail,mervailous
mes,me,me
mesh,mesh,mesh
mesopotamia,mesopotamia,mesopotamia
mess,mess,mess
message,messag,message
messala,messala,messala
messaline,messalin,messaline
messenger,messeng,messenger
messengers,messeng,messenger
messina,messina,messina
met,met,meet
metal,metal,metal
metamorphose,metamorphos,metamorphose
metamorphosis,metamorphosi,metamorphosis
metaphor,metaphor,metaphor
metaphysical,metaphys,metaphysical
metaphysics,metaphys,metaphysics
mete,mete,mete
metellus,metellu,metellus
meteor,meteor,meteor
meteors,meteor,meteor
metheglin,metheglin,metheglin
methink,methink,methink
methinks,methink,methink
method,method,method
methought,methought,methought
metre,metr,metre
metropolis,metropoli,metropolis
mett,mett,mett
mette,mett,mette
mettle,mettl,mettle
meus,meu,meus
mew,mew,mew
mewl,mewl,mewl
mexico,mexico,mexico
mice,mice,mouse
michael,michael,michael
michaelma,michaelma,michaelma
miche,mich,miche
micher,micher,micher
mickle,mickl,mickle
microcosm,microcosm,microcosm
mid,mid,mid
mida,mida,mida
midd,midd,midd
middle,middl,middle
middleham,middleham,middleham
midnight,midnight,midnight
midriff,midriff,midriff
midst,midst,midst
midsummer,midsumm,midsummer
midway,midway,midway
midwife,midwif,midwife
mienne,mienn,mienne
might,might,might
mightest,mightest,mightest
mightful,might,mightful
mightier,mightier,mightier
mightily,mightili,mightily
mightiness,mighti,mightiness
mightst,mightst,mightst
mighty,mighti,mighty
mihi,mihi,mihi
milan,milan,milan
milch,milch,milch
mild,mild,mild
milder,milder,milder
mildew,mildew,mildew
mildews,mildew,mildews
mildly,mildli,mildly
mildness,mild,mildness
mile,mile,mile
milford,milford,milford
militarist,militarist,militarist
military,militari,military
milk,milk,milk
milked,milk,milk
milkmaid,milkmaid,milkmaid
milksop,milksop,milksop
milky,milki,milky
mill,mill,mill
mille,mill,mille
miller,miller,miller
milliner,millin,milliner
million,million,million
millstone,millston,millstone
millstones,millston,millstone
milo,milo,milo
mimic,mimic,mimic
mince,minc,mince
minces,minc,mince
mincing,minc,mince
mind,mind,mind
minded,mind,mind
mindless,mindless,mindless
minds,mind,mind
mine,mine,mine
mineral,miner,mineral
minerva,minerva,minerva
mines,mine,mine
mingle,mingl,mingle
mingled,mingl,mingle
minikin,minikin,minikin
minim,minim,minim
minime,minim,minime
minimo,minimo,minimo
minimus,minimu,minimus
mining,mine,mining
minion,minion,minion
minister,minist,minister
ministration,ministr,ministration
minnow,minnow,minnow
minnows,minnow,minnow
minola,minola,minola
minority,minor,minority
minos,mino,minos
minotaurs,minotaur,minotaur
minstrel,minstrel,minstrel
minstrelsy,minstrelsi,minstrelsy
mint,mint,mint
minute,minut,minute
minutely,minut,minutely
minutes,minut,minute
minx,minx,minx
mio,mio,mio
mirable,mirabl,mirable
miracle,miracl,miracle
miraculous,miracul,miraculous
miranda,miranda,miranda
mire,mire,mire
mirror,mirror,mirror
mirth,mirth,mirth
mirthful,mirth,mirthful
miry,miri,miry
mis,mi,mis
misadventure,misadventur,misadventure
misadventured,misadventur,misadventure
misanthropos,misanthropo,misanthropos
misapply,misappli,misapply
misbecome,misbecom,misbecome
misbegot,misbegot,misbegot
misbegotten,misbegotten,misbegotten
misbehave,misbehav,misbehave
misbelieve,misbeliev,misbelieve
misbeliever,misbeliev,misbeliever
miscall,miscal,miscall
miscarrie,miscarri,miscarrie
miscarried,miscarri,miscarry
miscarry,miscarri,miscarry
mischance,mischanc,mischance
mischief,mischief,mischief
mischiefs,mischief,mischief
mischievous,mischiev,mischievous
misconceive,misconc,misconceive
misconstruction,misconstruct,misconstruction
misconstrue,misconstru,misconstrue
miscreant,miscreant,miscreant
miscreate,miscreat,miscreate
misdeed,misde,misdeed
misdemean,misdemean,misdemean
misdemeanor,misdemeanor,misdemeanor
misdoubt,misdoubt,misdoubt
misdoubteth,misdoubteth,misdoubteth
misenum,misenum,misenum
miser,miser,miser
miserable,miser,miserable
miserably,miser,miserably
misericorde,misericord,misericorde
misery,miseri,misery
misfortune,misfortun,misfortune
misgive,misgiv,misgive
misgovern,misgovern,misgovern
misgovernment,misgovern,misgovernment
misgraffe,misgraff,misgraffe
misguide,misguid,misguide
mishap,mishap,mishap
misheard,misheard,misheard
misinterpret,misinterpret,misinterpret
misinterpreting,misinterpret,misinterpret
mislead,mislead,mislead
misleader,mislead,misleader
misleading,mislead,mislead
mislike,mislik,mislike
misplace,misplac,misplace
misprise,mispris,misprise
misprision,mispris,misprision
misprison,misprison,misprison
misprizing,mispriz,misprize
misproud,misproud,misproud
misquote,misquot,misquote
misreport,misreport,misreport
miss,miss,miss
misshapen,misshapen,misshapen
missingly,missingli,missingly
mission,mission,mission
missive,missiv,missive
misspoke,misspok,misspoke
mist,mist,mist
mista,mista,mista
mistak,mistak,mistak
mistake,mistak,mistake
mistaken,mistaken,mistaken
mistakest,mistakest,mistak
mistaketh,mistaketh,mistaketh
mistaking,mistak,mistake
mistemper,mistemp,mistemper
mistership,mistership,mistership
mistful,mist,mistful
misthink,misthink,misthink
misthought,misthought,misthought
mistletoe,mistleto,mistletoe
mistook,mistook,mistook
mistre,mistr,mistre
mistreading,mistread,mistreade
mistress,mistress,mistress
mistresse,mistress,mistresse
mistrust,mistrust,mistrust
mistrusted,mistrust,mistrust
mistrustful,mistrust,mistrustful
misty,misti,misty
misuse,misus,misuse
misusest,misusest,misusest
mite,mite,mite
mithridate,mithrid,mithridate
mitigate,mitig,mitigate
mitigation,mitig,mitigation
mix,mix,mix
mixture,mixtur,mixture
mixtures,mixtur,mixture
moan,moan,moan
moat,moat,moat
moate,moat,moate
moble,mobl,moble
mock,mock,mock
mockable,mockabl,mockable
mocker,mocker,mocker
mockery,mockeri,mockery
mocking,mock,mock
mocks,mock,mock
mockwater,mockwat,mockwater
model,model,model
modena,modena,modena
moderate,moder,moderate
moderately,moder,moderately
moderation,moder,moderation
modern,modern,modern
modest,modest,modest
modestly,modestli,modestly
modesty,modesti,modesty
modicums,modicum,modicum
modo,modo,modo
module,modul,module
moe,moe,moe
moi,moi,moi
moiety,moieti,moiety
moist,moist,moist
moisten,moisten,moisten
moisture,moistur,moisture
mol,mol,mol
mole,mole,mole
molehill,molehil,molehill
molest,molest,mol
molestation,molest,molestation
mollification,mollif,mollification
mollis,molli,molli
molto,molto,molto
mome,mome,mome
moment,moment,moment
momentany,momentani,momentany
momentary,momentari,momentary
mon,mon,mon
monachum,monachum,monachum
monarch,monarch,monarch
monarchize,monarch,monarchize
monarcho,monarcho,monarcho
monarchs,monarch,monarchs
monarchy,monarchi,monarchy
monastery,monasteri,monastery
monastic,monast,monastic
monday,monday,monday
monde,mond,monde
money,money,money
mong,mong,mong
monge,mong,monge
monger,monger,monger
mongrel,mongrel,mongrel
mongst,mongst,mongst
monk,monk,monk
monkey,monkey,monkey
monmouth,monmouth,monmouth
monopoly,monopoli,monopoly
mons,mon,mon
monsieur,monsieur,monsieur
monst,monst,monst
monster,monster,monster
monstrous,monstrou,monstrous
monstrously,monstrous,monstrously
monstrousness,monstrous,monstrousness
monstruosity,monstruos,monstruosity
montacute,montacut,montacute
montague,montagu,montague
montano,montano,montano
montant,montant,montant
montez,montez,montez
montferrat,montferrat,montferrat
montgomery,montgomeri,montgomery
month,month,month
monthly,monthli,monthly
montjoy,montjoy,montjoy
monument,monument,monument
monumental,monument,monumental
mood,mood,mood
moody,moodi,moody
moon,moon,moon
moonbeam,moonbeam,moonbeam
moonish,moonish,moonish
moonlight,moonlight,moonlight
moonshine,moonshin,moonshine
moor,moor,moor
moorfields,moorfield,moorfields
moorship,moorship,moorship
mop,mop,mop
mope,mope,mope
mopsa,mopsa,mopsa
moral,moral,moral
moraler,moral,moraler
morality,moral,morality
moralize,moral,moralize
mordake,mordak,mordake
moreo,moreo,moreo
moreover,moreov,moreover
mores,more,more
morgan,morgan,morgan
mori,mori,mori
morisco,morisco,morisco
morn,morn,morn
morning,morn,morning
morocco,morocco,morocco
morr,morr,morr
morris,morri,morris
morrow,morrow,morrow
morsel,morsel,morsel
mort,mort,mort
mortal,mortal,mortal
mortality,mortal,mortality
mortally,mortal,mortally
mortar,mortar,mortar
mortified,mortifi,mortify
mortify,mortifi,mortify
mortifying,mortifi,mortify
mortimer,mortim,mortimer
mortise,mortis,mortise
mose,mose,mose
moss,moss,moss
mot,mot,mot
mote,mote,mote
moth,moth,moth
mother,mother,mother
mothy,mothi,mothy
motion,motion,motion
motionless,motionless,motionless
motions,motion,motion
motive,motiv,motive
motives,motiv,motive
motley,motley,motley
mots,mot,mots
motto,motto,motto
mought,mought,mought
mould,mould,mould
moulded,mould,mould
mouldeth,mouldeth,mouldeth
mouldwarp,mouldwarp,mouldwarp
mouldy,mouldi,mouldy
moult,moult,moult
moulten,moulten,moulten
mounseur,mounseur,mounseur
mounsieur,mounsieur,mounsieur
mount,mount,mount
mountain,mountain,mountain
mountaineer,mountain,mountaineer
mountainous,mountain,mountainous
mountains,mountain,mountain
mountant,mountant,mountant
mountanto,mountanto,mountanto
mountebank,mountebank,mountebank
mounted,mount,mount
mounteth,mounteth,mounteth
mounts,mount,mount
mourn,mourn,mourn
mourner,mourner,mourner
mournful,mourn,mournful
mournfully,mourn,mournfully
mourning,mourn,mourn
mourningly,mourningli,mourningly
mouse,mous,mouse
mouth,mouth,mouth
mouthed,mouth,mouth
mouthful,mouth,mouthful
mouths,mouth,mouth
movable,movabl,movable
move,move,move
moveable,moveabl,moveable
moved,move,move
mover,mover,mover
movers,mover,mover
movest,movest,movest
moveth,moveth,moveth
moving,move,move
movingly,movingli,movingly
movousus,movousu,movousus
mow,mow,mow
mowbray,mowbray,mowbray
mower,mower,mower
mowing,mow,mow
moy,moy,moy
moyse,moys,moyse
much,much,much
muck,muck,muck
mud,mud,mud
muddied,muddi,muddy
muddy,muddi,muddy
muffle,muffl,muffle
muffled,muffl,muffle
muffler,muffler,muffler
mug,mug,mug
mugger,mugger,mugger
mulberry,mulberri,mulberry
mule,mule,mule
muleter,mulet,muleter
muli,muli,muli
mulier,mulier,mulier
muliere,mulier,muliere
mull,mull,mull
mulmutius,mulmutiu,mulmutius
multiply,multipli,multiply
multiplying,multipli,multiply
multipotent,multipot,multipotent
multitude,multitud,multitude
multitudinous,multitudin,multitudinous
mum,mum,mum
mumble,mumbl,mumble
mummer,mummer,mummer
mummy,mummi,mummy
mun,mun,mun
munch,munch,munch
mundane,mundan,mundane
muniment,muniment,muniment
munition,munit,munition
mural,mural,mural
murder,murder,murder
murderer,murder,murderer
murderous,murder,murderous
murk,murk,murk
murky,murki,murky
murmur,murmur,murmur
murmurer,murmur,murmurer
murmuring,murmur,murmur
murrain,murrain,murrain
murray,murray,murray
murrion,murrion,murrion
muscadel,muscadel,muscadel
muscle,muscl,muscle
muscovit,muscovit,muscovit
muscovite,muscovit,muscovite
muscovy,muscovi,muscovy
muse,muse,muse
mush,mush,mush
mushroom,mushroom,mushroom
music,music,music
musical,music,musical
musician,musician,musician
musing,muse,musing
musk,musk,musk
musket,musket,musket
muskos,musko,muskos
muss,muss,muss
mussel,mussel,mussel
must,must,must
mustachio,mustachio,mustachio
mustard,mustard,mustard
mustardseed,mustardse,mustardseed
muster,muster,muster
musty,musti,musty
mutability,mutabl,mutability
mutable,mutabl,mutable
mutation,mutat,mutation
mute,mute,mute
mutes,mute,mute
mutine,mutin,mutine
mutineer,mutin,mutineer
mutiner,mutin,mutiner
mutinous,mutin,mutinous
mutiny,mutini,mutiny
mutius,mutiu,mutius
mutter,mutter,mutter
mutton,mutton,mutton
mutual,mutual,mutual
mutuality,mutual,mutuality
mutually,mutual,mutually
muzzle,muzzl,muzzle
muzzled,muzzl,muzzle
myrmidon,myrmidon,myrmidon
myrtle,myrtl,myrtle
mystery,mysteri,mystery
mytilene,mytilen,mytilene
nag,nag,nag
naiad,naiad,naiad
nail,nail,nail
nails,nail,nail
naked,nake,naked
nakedness,naked,nakedness
nam,nam,nam
name,name,name
nameless,nameless,nameless
namely,name,namely
naming,name,name
nan,nan,nan
nap,nap,nap
nape,nape,nape
napkin,napkin,napkin
napkins,napkin,napkin
naple,napl,naple
naples,napl,naple
napless,napless,napless
napping,nap,nap
naps,nap,nap
narbon,narbon,narbon
narcissus,narcissu,narcissus
narines,narin,narine
narrow,narrow,narrow
narrowly,narrowli,narrowly
naso,naso,naso
nasty,nasti,nasty
nate,nate,nate
nathaniel,nathaniel,nathaniel
natifs,natif,natifs
nation,nation,nation
nations,nation,nation
native,nativ,native
nativity,nativ,nativity
natural,natur,natural
naturalize,natur,naturalize
naturally,natur,naturally
nature,natur,nature
natured,natur,nature
natures,natur,nature
naught,naught,naught
naughtily,naughtili,naughtily
naughty,naughti,naughty
navarre,navarr,navarre
nave,nave,nave
navel,navel,navel
navigation,navig,navigation
navy,navi,navy
nay,nay,nay
nayward,nayward,nayward
nayword,nayword,nayword
nazarite,nazarit,nazarite
neaf,neaf,neaf
neanmoin,neanmoin,neanmoin
neapolitan,neapolitan,neapolitan
near,near,near
nearer,nearer,nearer
nearly,nearli,nearly
nearness,near,nearness
neat,neat,neat
neatly,neatli,neatly
neb,neb,neb
nebor,nebor,nebor
nebuchadnezzar,nebuchadnezzar,nebuchadnezzar
nec,nec,nec
necessarily,necessarili,necessarily
necessary,necessari,necessary
necessitied,necess,necessitied
necessity,necess,necessity
neck,neck,neck
necklace,necklac,necklace
nectar,nectar,nectar
ned,ned,ne
nedar,nedar,nedar
need,need,need
needer,needer,needer
needful,need,needful
needle,needl,needle
needles,needl,needle
needless,needless,needless
needlework,needlework,needlework
needly,needli,needly
needs,need,need
needy,needi,needy
neeze,neez,neeze
nefas,nefa,nefas
negation,negat,negation
negative,neg,negative
neglect,neglect,neglect
neglecting,neglect,neglect
neglectingly,neglectingli,neglectingly
neglection,neglect,neglection
negligence,neglig,negligence
negligent,neglig,negligent
negotiate,negoti,negotiate
negotiation,negoti,negotiation
negro,negro,negro
neigh,neigh,neigh
neighbour,neighbour,neighbour
neighbourhood,neighbourhood,neighbourhood
neighbouring,neighbour,neighbour
neighbourly,neighbourli,neighbourly
neighing,neigh,neigh
neighs,neigh,neigh
neither,neither,neither
nell,nell,nell
nemean,nemean,nemean
nemesis,nemesi,nemesis
neoptolemus,neoptolemu,neoptolemus
nephew,nephew,nephew
nephews,nephew,nephews
neptune,neptun,neptune
nereid,nereid,nereid
nerissa,nerissa,nerissa
nero,nero,nero
neroe,nero,neroe
nerve,nerv,nerve
nervii,nervii,nervii
nervy,nervi,nervy
nessus,nessu,nessus
nest,nest,nest
nestor,nestor,nestor
net,net,net
nether,nether,nether
netherlands,netherland,netherland
nettle,nettl,nettle
nettled,nettl,nettle
neuter,neuter,neuter
neutral,neutral,neutral
never,never,never
nevil,nevil,nevil
new,new,new
newborn,newborn,newborn
newgate,newgat,newgate
newly,newli,newly
newness,new,newness
news,news,news
newt,newt,newt
newts,newt,newts
next,next,next
nibble,nibbl,nibble
nicander,nicand,nicander
nicanor,nicanor,nicanor
nice,nice,nice
nicely,nice,nicely
niceness,nice,niceness
nicety,niceti,nicety
nichola,nichola,nichola
nicholas,nichola,nichola
nick,nick,nick
nickname,nicknam,nickname
niece,niec,niece
nieces,niec,niece
niggard,niggard,niggard
niggardly,niggardli,niggardly
nigh,nigh,nigh
night,night,night
nighte,night,nighte
nightgown,nightgown,nightgown
nightingale,nightingal,nightingale
nightly,nightli,nightly
nile,nile,nile
nill,nill,nill
nilus,nilu,nilus
nimble,nimbl,nimble
nimbleness,nimbl,nimbleness
nimbler,nimbler,nimbler
nimbly,nimbl,nimbly
nine,nine,nine
ninescore,ninescor,ninescore
nineteen,nineteen,nineteen
nineth,nineth,nineth
ninny,ninni,ninny
ninth,ninth,ninth
ninus,ninu,ninus
niobe,niob,niobe
nip,nip,nip
nipp,nipp,nipp
nipping,nip,nip
nipple,nippl,nipple
nit,nit,nit
nnight,nnight,nnight
noah,noah,noah
nob,nob,nob
nobility,nobil,nobility
nobis,nobi,nobis
noble,nobl,noble
nobleman,nobleman,nobleman
nobleness,nobl,nobleness
nobler,nobler,nobler
nobles,nobl,noble
noblesse,nobless,noblesse
noblest,noblest,noble
nobly,nobli,nobly
nobody,nobodi,nobody
noce,noce,noce
nod,nod,nod
noddle,noddl,noddle
noddy,noddi,noddy
nointe,noint,nointe
nointed,noint,nointe
noise,nois,noise
noiseless,noiseless,noiseless
noisemaker,noisemak,noisemaker
noisome,noisom,noisome
nole,nole,nole
nomi,nomi,nomi
nominate,nomin,nominate
nomination,nomin,nomination
nominativo,nominativo,nominativo
non,non,non
nonage,nonag,nonage
nonce,nonc,nonce
none,none,none
nonino,nonino,nonino
nonny,nonni,nonny
nonpareil,nonpareil,nonpareil
nonsuit,nonsuit,nonsuit
nook,nook,nook
noon,noon,noon
noontide,noontid,noontide
norbery,norberi,norbery
norfolk,norfolk,norfolk
norman,norman,norman
normandy,normandi,normandy
normans,norman,normans
north,north,north
northampton,northampton,northampton
northamptonshire,northamptonshir,northamptonshire
northerly,northerli,northerly
northern,northern,northern
northumberland,northumberland,northumberland
northward,northward,northward
norway,norway,norway
norweyan,norweyan,norweyan
nose,nose,nose
nosegays,nosegay,nosegay
noseless,noseless,noseless
noster,noster,noster
nostra,nostra,nostra
nostril,nostril,nostril
nostrils,nostril,nostrils
not,not,not
notable,notabl,notable
notably,notabl,notably
notary,notari,notary
notch,notch,notch
note,note,note
noted,note,note
notedly,notedli,notedly
notes,note,note
nothing,noth,nothing
notice,notic,notice
notify,notifi,notify
noting,note,note
notion,notion,notion
notorious,notori,notorious
notoriously,notori,notoriously
notre,notr,notre
notwithstanding,notwithstand,notwithstanding
nought,nought,nought
noun,noun,noun
nourish,nourish,nourish
nourished,nourish,nourish
nourisher,nourish,nourisher
nourisheth,nourisheth,nourisheth
nourishment,nourish,nourishment
nous,nou,nous
nousle,nousl,nousle
novelty,novelti,novelty
novi,novi,novi
novice,novic,novice
novum,novum,novum
nowhere,nowher,nowhere
noyance,noyanc,noyance
nscience,nscienc,nscience
nubibus,nubibu,nubibus
numa,numa,numa
numb,numb,numb
number,number,number
numbering,number,number
numberless,numberless,numberless
numbness,numb,numbness
nun,nun,nun
nuncio,nuncio,nuncio
nuncle,nuncl,nuncle
nunnery,nunneri,nunnery
nuptial,nuptial,nuptial
nurse,nurs,nurse
nursed,nurs,nurse
nurser,nurser,nurser
nursery,nurseri,nursery
nursh,nursh,nursh
nursing,nurs,nursing
nurture,nurtur,nurture
nut,nut,nut
nuthook,nuthook,nuthook
nutmeg,nutmeg,nutmeg
nutriment,nutriment,nutriment
nuts,nut,nut
nutshell,nutshel,nutshell
nym,nym,nym
nymph,nymph,nymph
nymphs,nymph,nymph
oak,oak,oak
oaken,oaken,oaken
oar,oar,oar
oars,oar,oar
oat,oat,oat
oaten,oaten,oaten
oath,oath,oath
oathable,oathabl,oathable
oats,oat,oats
obdurate,obdur,obdurate
obedience,obedi,obedience
obedient,obedi,obedient
obeisance,obeis,obeisance
oberon,oberon,oberon
obey,obey,obey
obidicut,obidicut,obidicut
object,object,object
objection,object,objection
oblation,oblat,oblation
obligation,oblig,obligation
oblige,oblig,oblige
oblique,obliqu,oblique
oblivion,oblivion,oblivion
oblivious,oblivi,oblivious
obloquy,obloquy,obloquy
obscene,obscen,obscene
obscenely,obscen,obscenely
obscure,obscur,obscure
obscurely,obscur,obscurely
obscures,obscur,obscure
obscurity,obscur,obscurity
obsequie,obsequi,obsequie
obsequious,obsequi,obsequious
obsequiously,obsequi,obsequiously
observance,observ,observance
observant,observ,observant
observation,observ,observation
observe,observ,observe
observer,observ,observer
observingly,observingli,observingly
obstacle,obstacl,obstacle
obstinacy,obstinaci,obstinacy
obstinate,obstin,obstinate
obstinately,obstin,obstinately
obstruct,obstruct,obstruct
obstruction,obstruct,obstruction
obtain,obtain,obtain
obtaining,obtain,obtain
occasion,occas,occasion
occasions,occas,occasion
occident,occid,occident
occidental,occident,occidental
occult,occult,occult
occupat,occupat,occupat
occupation,occup,occupation
occupations,occup,occupation
occupy,occupi,occupy
occurrence,occurr,occurrence
occurrent,occurr,occurrent
ocean,ocean,ocean
octavia,octavia,octavia
octavius,octaviu,octavius
ocular,ocular,ocular
odd,odd,odd
oddest,oddest,oddest
oddly,oddli,oddly
ode,ode,ode
odious,odiou,odious
odor,odor,odor
odorous,odor,odorous
odour,odour,odour
odouriferous,odourifer,odouriferous
oeillade,oeillad,oeillade
oeuvre,oeuvr,oeuvre
offal,offal,offal
offence,offenc,offence
offenceful,offenc,offenceful
offenceless,offenceless,offenceless
offences,offenc,offence
offend,offend,offend
offended,offend,offend
offendendo,offendendo,offendendo
offender,offend,offender
offendeth,offendeth,offendeth
offending,offend,offend
offendress,offendress,offendress
offends,offend,offend
offensive,offens,offensive
offer,offer,offer
offering,offer,offering
office,offic,office
officed,offic,office
officer,offic,officer
official,offici,official
officious,offici,officious
offspre,offspr,offspre
offspring,offspr,offspring
oft,oft,oft
often,often,often
oftener,often,oftener
oftentime,oftentim,oftentime
oil,oil,oil
oily,oili,oily
old,old,old
olden,olden,olden
oldness,old,oldness
olive,oliv,olive
oliver,oliv,oliver
olivia,olivia,olivia
olympian,olympian,olympian
olympu,olympu,olympu
olympus,olympu,olympu
oman,oman,oman
omans,oman,oman
omen,omen,oman
ominous,omin,ominous
omission,omiss,omission
omit,omit,omit
omitt,omitt,omitt
omittance,omitt,omittance
omne,omn,omne
omnipotent,omnipot,omnipotent
one,one,one
ones,one,one
oneyer,oney,oneyer
ongle,ongl,ongle
onion,onion,onion
onset,onset,onset
onward,onward,onward
ooze,ooz,ooze
oozy,oozi,oozy
opal,opal,opal
ope,ope,ope
oped,ope,ope
open,open,open
opening,open,open
openly,openli,openly
openness,open,openness
operant,oper,operant
operate,oper,operate
operation,oper,operation
operative,oper,operative
ophelia,ophelia,ophelia
opinion,opinion,opinion
opinione,opinion,opinione
opportune,opportun,opportune
opportunity,opportun,opportunity
oppose,oppos,oppose
opposed,oppos,oppose
opposeless,opposeless,opposeless
opposer,oppos,opposer
opposite,opposit,opposite
opposition,opposit,opposition
oppr,oppr,oppr
oppress,oppress,oppress
oppresse,oppress,oppresse
oppresseth,oppresseth,oppresseth
oppression,oppress,oppression
oppressor,oppressor,oppressor
opprobriously,opprobri,opprobriously
oppugnancy,oppugn,oppugnancy
opulency,opul,opulency
opulent,opul,opulent
oracle,oracl,oracle
orange,orang,orange
oration,orat,oration
orator,orat,orator
oratory,oratori,oratory
orb,orb,orb
orbed,orb,orb
orchard,orchard,orchard
ordain,ordain,ordain
order,order,order
orderless,orderless,orderless
orderly,orderli,orderly
ordinance,ordin,ordinance
ordinant,ordin,ordinant
ordinary,ordinari,ordinary
ordnance,ordnanc,ordnance
ords,ord,ords
ordure,ordur,ordure
ore,ore,ore
organ,organ,organ
orgulous,orgul,orgulous
orient,orient,orient
orifex,orifex,orifex
origin,origin,origin
original,origin,original
orison,orison,orison
ork,ork,ork
orlando,orlando,orlando
orld,orld,orld
orleans,orlean,orleans
ornament,ornament,ornament
orode,orod,orode
orphan,orphan,orphan
orphans,orphan,orphan
orpheus,orpheu,orpheus
orsino,orsino,orsino
ort,ort,ort
orthography,orthographi,orthography
oscorbidulchos,oscorbidulcho,oscorbidulchos
osi,osi,osi
osier,osier,osier
osprey,osprey,osprey
osric,osric,osric
ossa,ossa,ossa
ostent,ostent,ostent
ostentare,ostentar,ostentare
ostentation,ostent,ostentation
ostl,ostl,ostl
ostler,ostler,ostler
ostrich,ostrich,ostrich
oswald,oswald,oswald
otecake,otecak,otecake
othello,othello,othello
other,other,other
othergate,otherg,othergate
others,other,other
otherwhere,otherwher,otherwhere
otherwhile,otherwhil,otherwhile
otherwise,otherwis,otherwise
otter,otter,otter
ottoman,ottoman,ottoman
ottomite,ottomit,ottomite
oublie,oubli,oublie
ought,ought,ought
oui,oui,oui
ounce,ounc,ounce
ouphe,ouph,ouphe
ourage,ourag,ourage
ourself,ourself,ourself
ousel,ousel,ousel
outbrave,outbrav,outbrave
outbreak,outbreak,outbreak
outcast,outcast,outcast
outcry,outcri,outcry
outdare,outdar,outdare
outdo,outdo,outdo
outface,outfac,outface
outfacing,outfac,outface
outfly,outfli,outfly
outgo,outgo,outgo
outgoes,outgo,outgoes
outgrow,outgrow,outgrow
outlaw,outlaw,outlaw
outlawry,outlawri,outlawry
outlaws,outlaw,outlaw
outlive,outliv,outlive
outlook,outlook,outlook
outlustre,outlustr,outlustre
outprize,outpriz,outprize
outrage,outrag,outrage
outrageous,outrag,outrageous
outran,outran,outran
outright,outright,outright
outroar,outroar,outroar
outrun,outrun,outrun
outrunnest,outrunnest,outrunnest
outrunning,outrun,outrun
outscold,outscold,outscold
outsell,outsel,outsell
outside,outsid,outside
outsport,outsport,outsport
outstare,outstar,outstare
outstay,outstay,outstay
outstood,outstood,outstood
outstretch,outstretch,outstretch
outstretche,outstretch,outstretche
outstrike,outstrik,outstrike
outstrip,outstrip,outstrip
outswear,outswear,outswear
outswell,outswel,outswell
outvenom,outvenom,outvenom
outward,outward,outward
outwardly,outwardli,outwardly
outwear,outwear,outwear
outweigh,outweigh,outweigh
outwent,outwent,outwent
outwork,outwork,outwork
outworth,outworth,outworth
oven,oven,oven
overbear,overbear,overbear
overblown,overblown,overblown
overboard,overboard,overboard
overbold,overbold,overbold
overborne,overborn,overborne
overbulk,overbulk,overbulk
overbuy,overbuy,overbuy
overcame,overcam,overcame
overcast,overcast,overcast
overcharge,overcharg,overcharge
overcharged,overcharg,overcharge
overcome,overcom,overcome
overdone,overdon,overdone
overfar,overfar,overfar
overflow,overflow,overflow
overflown,overflown,overflown
overfond,overfond,overfond
overglance,overgl,overglance
overgo,overgo,overgo
overgone,overgon,overgone
overgorge,overgorg,overgorge
overgrow,overgrow,overgrow
overhead,overhead,overhead
overhear,overhear,overhear
overheard,overheard,overhear
overhold,overhold,overhold
overjoy,overjoy,overjoy
overlook,overlook,overlook
overmaster,overmast,overmaster
overmuch,overmuch,overmuch
overpas,overpa,overpa
overpeer,overp,overpeer
overpeering,overp,overpeere
overplus,overplu,overplus
overrun,overrun,overrun
overset,overset,overset
overshade,overshad,overshade
overshine,overshin,overshine
overshot,overshot,overshot
overswear,overswear,overswear
overt,overt,overt
overta,overta,overta
overtake,overtak,overtake
overtaketh,overtaketh,overtaketh
overthrow,overthrow,overthrow
overthrown,overthrown,overthrow
overtopp,overtopp,overtopp
overture,overtur,overture
overwatch,overwatch,overwatch
overweene,overween,overweene
overweigh,overweigh,overweigh
overwhelm,overwhelm,overwhelm
overwhelming,overwhelm,overwhelm
ovid,ovid,ovid
ovidius,ovidiu,ovidius
owe,owe,owe
owedst,owedst,owedst
owen,owen,owen
oweth,oweth,oweth
owl,owl,owl
owlet,owlet,owlet
own,own,own
owner,owner,owner
owners,owner,owner
ownself,ownself,ownself
owy,owi,owy
oxen,oxen,oxen
oxford,oxford,oxford
oxfordshire,oxfordshir,oxfordshire
oxlip,oxlip,oxlip
oye,oye,oye
oyes,oye,oye
oyster,oyster,oyster
pabble,pabbl,pabble
pabylon,pabylon,pabylon
pace,pace,pace
pacify,pacifi,pacify
pacing,pace,pace
pack,pack,pack
packet,packet,packet
packing,pack,pack
packthread,packthread,packthread
pacorus,pacoru,pacorus
paction,paction,paction
pad,pad,pad
paddle,paddl,paddle
paddock,paddock,paddock
padua,padua,padua
pagan,pagan,pagan
pagans,pagan,pagan
page,page,page
pageant,pageant,pageant
pageantry,pageantri,pageantry
pageants,pageant,pageant
pah,pah,pah
pail,pail,pail
pailfuls,pail,pailfuls
pain,pain,pain
painful,pain,painful
painfully,pain,painfully
pains,pain,pain
paint,paint,paint
painter,painter,painter
painting,paint,paint
pair,pair,pair
pajock,pajock,pajock
palabras,palabra,palabra
palace,palac,palace
palamede,palamed,palamede
palate,palat,palate
palatine,palatin,palatine
pale,pale,pale
paleness,pale,paleness
paler,paler,paler
palestine,palestin,palestine
palfrey,palfrey,palfrey
palfreys,palfrey,palfrey
palisadoe,palisado,palisadoe
pall,pall,pall
pallabris,pallabri,pallabris
pallas,palla,pallas
palliament,palliament,palliament
palm,palm,palm
palmer,palmer,palmer
palmy,palmi,palmy
palpable,palpabl,palpable
palsied,palsi,palsy
palsy,palsi,palsy
palter,palter,palter
paltry,paltri,paltry
paly,pali,paly
pamp,pamp,pamp
pamper,pamper,pamper
pamphlet,pamphlet,pamphlet
pan,pan,pan
pancake,pancak,pancake
pandar,pandar,pandar
pandarus,pandaru,pandarus
pander,pander,pander
panderly,panderli,panderly
pandulph,pandulph,pandulph
panel,panel,panel
pang,pang,pang
pange,pang,pange
panni,panni,panni
pannonian,pannonian,pannonian
pannonians,pannonian,pannonian
pansa,pansa,pansa
pansy,pansi,pansy
pant,pant,pant
pantaloon,pantaloon,pantaloon
pantheon,pantheon,pantheon
panther,panther,panther
panthino,panthino,panthino
panting,pant,pant
pantingly,pantingli,pantingly
pantler,pantler,pantler
pantry,pantri,pantry
panyn,panyn,panyn
pap,pap,pap
paper,paper,paper
paphlagonia,paphlagonia,paphlagonia
paphos,papho,paphos
papist,papist,papist
par,par,par
parable,parabl,parable
paracelsus,paracelsu,paracelsus
paradise,paradis,paradise
paradox,paradox,paradox
paragon,paragon,paragon
parallel,parallel,parallel
paramour,paramour,paramour
paramoure,paramour,paramoure
parapet,parapet,parapet
paraquito,paraquito,paraquito
parasite,parasit,parasite
parca,parca,parca
parcel,parcel,parcel
parcell,parcel,parcell
parcels,parcel,parcel
parch,parch,parch
parchment,parchment,parchment
pard,pard,pard
pardon,pardon,pardon
pardoner,pardon,pardoner
pardonne,pardonn,pardonne
pardonner,pardonn,pardonner
pardonnez,pardonnez,pardonnez
pare,pare,pare
pareil,pareil,pareil
parel,parel,parel
parent,parent,parent
parentage,parentag,parentage
parfect,parfect,parfect
paring,pare,pare
paris,pari,paris
parish,parish,parish
parishioner,parishion,parishioner
parishioners,parishion,parishioner
parisians,parisian,parisian
paritor,paritor,paritor
park,park,park
parks,park,park
parle,parl,parle
parler,parler,parler
parley,parley,parley
parlez,parlez,parlez
parliament,parliament,parliament
parlor,parlor,parlor
parlous,parlou,parlous
parmaceti,parmaceti,parmaceti
parolle,parol,parolle
parolles,parol,parolle
parricide,parricid,parricide
parrot,parrot,parrot
parsley,parsley,parsley
parson,parson,parson
part,part,part
partake,partak,partake
partaker,partak,partaker
parthia,parthia,parthia
parthian,parthian,parthian
parti,parti,parti
partial,partial,partial
partialize,partial,partialize
partially,partial,partially
participate,particip,participate
participation,particip,participation
particle,particl,particle
particular,particular,particular
particularise,particularis,particularise
particularity,particular,particularity
particularly,particularli,particularly
particulars,particular,particular
parting,part,part
partisan,partisan,partisan
partition,partit,partition
partlet,partlet,partlet
partly,partli,partly
partner,partner,partner
partridge,partridg,partridge
party,parti,party
pas,pa,pas
pash,pash,pash
pashed,pash,pashe
pashful,pash,pashful
pass,pass,pass
passable,passabl,passable
passado,passado,passado
passage,passag,passage
passages,passag,passage
passant,passant,passant
passenger,passeng,passenger
passeth,passeth,passeth
passio,passio,passio
passion,passion,passion
passionate,passion,passionate
passioning,passion,passione
passive,passiv,passive
passport,passport,passport
passy,passi,passy
past,past,past
paste,past,paste
pastern,pastern,pastern
pastime,pastim,pastime
pastimes,pastim,pastime
pastor,pastor,pastor
pastoral,pastor,pastoral
pastry,pastri,pastry
pasture,pastur,pasture
pasty,pasti,pasty
pat,pat,pat
patay,patay,patay
patch,patch,patch
patchery,patcheri,patchery
pate,pate,pate
pated,pate,pat
patent,patent,patent
paternal,patern,paternal
path,path,path
pathetical,pathet,pathetical
pathway,pathway,pathway
patience,patienc,patience
patient,patient,patient
patiently,patient,patiently
patine,patin,patine
patrician,patrician,patrician
patricians,patrician,patrician
patrick,patrick,patrick
patrimony,patrimoni,patrimony
patroclus,patroclu,patroclus
patron,patron,patron
patronage,patronag,patronage
patroness,patro,patroness
patrum,patrum,patrum
pattern,pattern,pattern
pattle,pattl,pattle
pauca,pauca,pauca
paucas,pauca,paucas
paul,paul,paul
paulina,paulina,paulina
paunch,paunch,paunch
pause,paus,pause
pauser,pauser,pauser
pausing,paus,pausing
pausingly,pausingli,pausingly
pauvres,pauvr,pauvre
pave,pave,pave
pavement,pavement,pavement
pavilion,pavilion,pavilion
paw,paw,paw
pawn,pawn,pawn
pax,pax,pax
pay,pay,pay
payment,payment,payment
paysan,paysan,paysan
pea,pea,pea
peace,peac,peace
peaceable,peaceabl,peaceable
peaceably,peaceabl,peaceably
peaceful,peac,peaceful
peacemaker,peacemak,peacemaker
peach,peach,peach
peacock,peacock,peacock
peak,peak,peak
peaking,peak,peak
peal,peal,peal
pear,pear,pear
peard,peard,peard
pearl,pearl,pearl
pearls,pearl,pearl
peas,pea,pea
peasant,peasant,peasant
peasantry,peasantri,peasantry
peascod,peascod,peascod
pease,peas,pease
peaseblossom,peaseblossom,peaseblossom
peat,peat,peat
peaten,peaten,peaten
pebble,pebbl,pebble
peck,peck,peck
peculiar,peculiar,peculiar
pecus,pecu,pecus
ped,ped,pe
pedant,pedant,pedant
pedantical,pedant,pedantical
pedascule,pedascul,pedascule
pedigree,pedigre,pedigree
pedlar,pedlar,pedlar
pedler,pedler,pedler
pedro,pedro,pedro
peel,peel,peel
peep,peep,peep
peepeth,peepeth,peepeth
peer,peer,peer
peereth,peereth,peereth
peering,peer,peer
peerless,peerless,peerless
peevish,peevish,peevish
peevishly,peevishli,peevishly
peg,peg,peg
pegasus,pegasu,pegasus
peise,peis,peise
peize,peiz,peize
pelf,pelf,pelf
pelican,pelican,pelican
pelion,pelion,pelion
pell,pell,pell
pella,pella,pella
pelleted,pellet,pellete
pellmell,pellmel,pellmell
peloponnesus,peloponnesu,peloponnesus
pelt,pelt,pelt
pelter,pelter,pelter
pelting,pelt,pelt
pembroke,pembrok,pembroke
pen,pen,pen
penalty,penalti,penalty
penance,penanc,penance
pence,penc,pence
pencil,pencil,pencil
pencill,pencil,pencill
pendent,pendent,pendent
pendragon,pendragon,pendragon
pendulous,pendul,pendulous
penelope,penelop,penelope
penetrable,penetr,penetrable
penetrate,penetr,penetrate
penetrative,penetr,penetrative
penitence,penit,penitence
penitent,penit,penitent
penitential,penitenti,penitential
penitently,penit,penitently
penker,penker,penker
penn,penn,penn
pennon,pennon,pennon
penny,penni,penny
pennyworth,pennyworth,pennyworth
pense,pens,pense
pension,pension,pension
pensioner,pension,pensioner
pensive,pensiv,pensive
pensively,pensiv,pensively
pent,pent,pen
pentapoli,pentapoli,pentapoli
pentapolis,pentapoli,pentapoli
pentecost,pentecost,pentecost
penthesilea,penthesilea,penthesilea
penthouse,penthous,penthouse
penurious,penuri,penurious
penury,penuri,penury
people,peopl,people
pepin,pepin,pepin
pepper,pepper,pepper
peppercorn,peppercorn,peppercorn
per,per,per
peradventure,peradventur,peradventure
perceive,perceiv,perceive
perceiveth,perceiveth,perceiveth
perch,perch,perch
perchance,perchanc,perchance
percussion,percuss,percussion
percy,perci,percy
perdie,perdi,perdie
perdita,perdita,perdita
perdition,perdit,perdition
perdona,perdona,perdona
perdonato,perdonato,perdonato
perdu,perdu,perdu
perdurable,perdur,perdurable
perdurably,perdur,perdurably
perdy,perdi,perdy
pere,pere,pere
peregrinate,peregrin,peregrinate
peremptorily,peremptorili,peremptorily
peremptory,peremptori,peremptory
perfect,perfect,perfect
perfecter,perfect,perfecter
perfection,perfect,perfection
perfectly,perfectli,perfectly
perfectness,perfect,perfectness
perfidious,perfidi,perfidious
perfidiously,perfidi,perfidiously
perforce,perforc,perforce
perform,perform,perform
performance,perform,performance
performer,perform,performer
perfume,perfum,perfume
perfumer,perfum,perfumer
perfumes,perfum,perfume
perge,perg,perge
perhaps,perhap,perhaps
periapt,periapt,periapt
pericle,pericl,pericle
pericles,pericl,pericle
perigenia,perigenia,perigenia
perigort,perigort,perigort
peril,peril,peril
perilous,peril,perilous
period,period,period
periods,period,periods
perish,perish,perish
perishen,perishen,perishen
perisheth,perisheth,perisheth
perishing,perish,perish
periwig,periwig,periwig
perjure,perjur,perjure
perjured,perjur,perjure
perjury,perjuri,perjury
perk,perk,perk
permafoy,permafoy,permafoy
permanent,perman,permanent
permission,permiss,permission
permissive,permiss,permissive
permit,permit,permit
pernicious,pernici,pernicious
perniciously,pernici,perniciously
peroration,peror,peroration
perpend,perpend,perpend
perpendicular,perpendicular,perpendicular
perpendicularly,perpendicularli,perpendicularly
perpetual,perpetu,perpetual
perpetually,perpetu,perpetually
perpetuity,perpetu,perpetuity
perplex,perplex,perplex
perplexed,perplex,perplexed
perplexity,perplex,perplexity
persecute,persecut,persecute
persecution,persecut,persecution
persecutor,persecutor,persecutor
perseus,perseu,perseus
persever,persev,persever
perseverance,persever,perseverance
persevere,persever,persevere
persia,persia,persia
persian,persian,persian
persist,persist,persist
persistive,persist,persistive
person,person,person
personage,personag,personage
personal,person,personal
personally,person,personally
personate,person,personate
perspective,perspect,perspective
perspectively,perspect,perspectively
perspicuous,perspicu,perspicuous
persuade,persuad,persuade
persuading,persuad,persuade
persuasion,persuas,persuasion
pert,pert,pert
pertain,pertain,pertain
pertinent,pertin,pertinent
pertly,pertli,pertly
perttaunt,perttaunt,perttaunt
perturb,perturb,perturb
perturbation,perturb,perturbation
perusal,perus,perusal
peruse,perus,peruse
perused,perus,peruse
perverse,pervers,perverse
perversely,pervers,perversely
perverseness,pervers,perverseness
pervert,pervert,pervert
peseech,peseech,peseech
pester,pester,pester
pestiferous,pestifer,pestiferous
pestilence,pestil,pestilence
pestilent,pestil,pestilent
petard,petard,petard
peter,peter,peter
petit,petit,petit
petition,petit,petition
petitionary,petitionari,petitionary
petitioner,petition,petitioner
peto,peto,peto
petrarch,petrarch,petrarch
petre,petr,petre
petruchio,petruchio,petruchio
petrucio,petrucio,petrucio
petter,petter,petter
petticoat,petticoat,petticoat
pettiness,petti,pettiness
pettish,pettish,pettish
pettitoe,pettito,pettitoe
petty,petti,petty
peu,peu,peu
pew,pew,pew
pewter,pewter,pewter
phaethon,phaethon,phaethon
phaeton,phaeton,phaeton
phantasime,phantasim,phantasime
phantasma,phantasma,phantasma
pharamond,pharamond,pharamond
pharaoh,pharaoh,pharaoh
pharsalia,pharsalia,pharsalia
pheasant,pheasant,pheasant
phebe,phebe,phebe
phebes,phebe,phebe
pheezar,pheezar,pheezar
pheeze,pheez,pheeze
phibbus,phibbu,phibbus
philadelphos,philadelpho,philadelphos
philario,philario,philario
philarmonus,philarmonu,philarmonus
philemon,philemon,philemon
philip,philip,philip
philippan,philippan,philippan
philippe,philipp,philippe
philippi,philippi,philippi
phillida,phillida,phillida
phillip,phillip,phillip
philo,philo,philo
philomel,philomel,philomel
philomela,philomela,philomela
philosopher,philosoph,philosopher
philosophical,philosoph,philosophical
philosophy,philosophi,philosophy
philostrate,philostr,philostrate
philoten,philoten,philoten
philotus,philotu,philotus
phlegmatic,phlegmat,phlegmatic
phoebe,phoeb,phoebe
phoebus,phoebu,phoebus
phoenicia,phoenicia,phoenicia
phoenician,phoenician,phoenician
phoenix,phoenix,phoenix
photinus,photinu,photinu
phrase,phrase,phrase
phrygia,phrygia,phrygia
phrygian,phrygian,phrygian
phrynia,phrynia,phrynia
physic,physic,physic
physical,physic,physical
physician,physician,physician
physicians,physician,physician
physics,physic,physics
pia,pia,pia
pibble,pibbl,pibble
pible,pibl,pible
picardy,picardi,picardy
pick,pick,pick
pickaxe,pickax,pickaxe
picker,picker,picker
picking,pick,pick
pickle,pickl,pickle
picklock,picklock,picklock
pickt,pickt,pickt
picture,pictur,picture
pid,pid,pid
pie,pie,pie
piece,piec,piece
pied,pie,pie
piedness,pied,piedness
pier,pier,pier
pierce,pierc,pierce
pierceth,pierceth,pierceth
piety,pieti,piety
pig,pig,pig
pigeon,pigeon,pigeon
pight,pight,pight
pigmy,pigmi,pigmy
pignut,pignut,pignut
pigrogromitus,pigrogromitu,pigrogromitus
pike,pike,pike
pilate,pilat,pilate
pilch,pilch,pilch
pilchard,pilchard,pilchard
pile,pile,pile
pilfer,pilfer,pilfer
pilfering,pilfer,pilfer
pilgrim,pilgrim,pilgrim
pilgrimage,pilgrimag,pilgrimage
pill,pill,pill
pillage,pillag,pillage
pillar,pillar,pillar
pillicock,pillicock,pillicock
pillory,pillori,pillory
pillow,pillow,pillow
pilot,pilot,pilot
pimpernell,pimpernel,pimpernell
pin,pin,pin
pinch,pinch,pinch
pinche,pinch,pinche
pindarus,pindaru,pindarus
pine,pine,pine
pinfold,pinfold,pinfold
pinion,pinion,pinion
pink,pink,pink
pinn,pinn,pinn
pinnace,pinnac,pinnace
pinse,pins,pinse
pint,pint,pint
pione,pion,pione
pioneer,pioneer,pioneer
pioner,pioner,pioner
pious,piou,pious
pip,pip,pip
pipe,pipe,pipe
piper,piper,piper
piping,pipe,pipe
pippin,pippin,pippin
pirate,pirat,pirate
pisa,pisa,pisa
pisanio,pisanio,pisanio
pish,pish,pish
pismire,pismir,pismire
piss,piss,piss
pissing,piss,piss
pistol,pistol,pistol
pit,pit,pit
pitch,pitch,pitch
pitcher,pitcher,pitcher
pitchy,pitchi,pitchy
piteous,piteou,piteous
piteously,piteous,piteously
pitfall,pitfal,pitfall
pith,pith,pith
pithless,pithless,pithless
pithy,pithi,pithy
pitie,piti,pitie
pitied,piti,pity
pitiful,piti,pitiful
pitifully,piti,pitifully
pitiless,pitiless,pitiless
pittance,pittanc,pittance
pittie,pitti,pittie
pittikin,pittikin,pittikin
pity,piti,pity
pitying,piti,pity
piu,piu,piu
pius,piu,pius
pizzle,pizzl,pizzle
place,place,place
placentio,placentio,placentio
placeth,placeth,placeth
plack,plack,plack
placket,placket,placket
plague,plagu,plague
plagues,plagu,plague
plaguy,plaguy,plaguy
plain,plain,plain
plainer,plainer,plainer
plaining,plain,plain
plainly,plainli,plainly
plainness,plain,plainness
plainsong,plainsong,plainsong
plaint,plaint,plaint
plaintain,plaintain,plaintain
plaintiff,plaintiff,plaintiff
plait,plait,plait
planche,planch,planche
planet,planet,planet
planetary,planetari,planetary
plank,plank,plank
plant,plant,plant
plantage,plantag,plantage
plantagenet,plantagenet,plantagenet
plantagenets,plantagenet,plantagenet
plantain,plantain,plantain
plantation,plantat,plantation
planteth,planteth,planteth
plash,plash,plash
plashy,plashi,plashy
plaster,plaster,plaster
plasterer,plaster,plasterer
plate,plate,plate
platform,platform,platform
plats,plat,plat
plausible,plausibl,plausible
plausive,plausiv,plausive
plautus,plautu,plautus
play,play,play
player,player,player
playeth,playeth,playeth
playfellow,playfellow,playfellow
playhouse,playhous,playhouse
playing,play,play
plea,plea,plea
pleach,pleach,pleach
plead,plead,plead
pleader,pleader,pleader
pleading,plead,plead
pleas,plea,plea
pleasance,pleasanc,pleasance
pleasant,pleasant,pleasant
pleasantly,pleasantli,pleasantly
please,pleas,please
pleased,pleas,please
pleaser,pleaser,pleaser
pleaseth,pleaseth,pleaseth
pleasing,pleas,please
pleasure,pleasur,pleasure
pleasures,pleasur,pleasure
plebeian,plebeian,plebeian
plebeians,plebeian,plebeian
plebeii,plebeii,plebeii
plebs,pleb,pleb
pledge,pledg,pledge
pleine,plein,pleine
plenteous,plenteou,plenteous
plentiful,plenti,plentiful
plentifully,plenti,plentifully
plenty,plenti,plenty
pless,pless,pless
plesse,pless,plesse
plessed,pless,plesse
pliant,pliant,pliant
plies,pli,ply
plight,plight,plight
plighter,plighter,plighter
plod,plod,plod
plodded,plod,plod
plodder,plodder,plodder
plood,plood,plood
ploody,ploodi,ploody
plot,plot,plot
plots,plot,plot
plotter,plotter,plotter
plough,plough,plough
ploughman,ploughman,ploughman
plowman,plowman,plowman
pluck,pluck,pluck
plucker,plucker,plucker
plue,plue,plue
plum,plum,plum
plume,plume,plume
plumed,plume,plume
plummet,plummet,plummet
plump,plump,plump
plumpy,plumpi,plumpy
plunge,plung,plunge
plural,plural,plural
plurisy,plurisi,plurisy
plus,plu,plus
pluto,pluto,pluto
plutus,plutu,plutus
ply,pli,ply
pocket,pocket,pocket
pocky,pocki,pocky
pody,podi,pody
poem,poem,poem
poesy,poesi,poesy
poet,poet,poet
poetical,poetic,poetical
poetry,poetri,poetry
poictier,poictier,poictier
poin,poin,poin
poins,poin,poin
point,point,point
pointing,point,point
poise,pois,poise
poison,poison,poison
poisoner,poison,poisoner
poisoning,poison,poison
poisonous,poison,poisonous
poke,poke,poke
poking,poke,poke
polack,polack,polack
poland,poland,poland
pold,pold,pold
pole,pole,pole
polecat,polecat,polecat
polemon,polemon,polemon
poli,poli,poli
policy,polici,policy
polite,polit,polite
politic,polit,politic
politician,politician,politician
politicly,politicli,politicly
polixene,polixen,polixene
poll,poll,poll
pollusion,pollus,pollusion
polluted,pollut,polluted
pollution,pollut,pollution
polonius,poloniu,polonius
poltroon,poltroon,poltroon
polydama,polydama,polydama
polydore,polydor,polydore
polydote,polydot,polydote
polyxena,polyxena,polyxena
polyxene,polyxen,polyxene
pomander,pomand,pomander
pomegranate,pomegran,pomegranate
pomewater,pomewat,pomewater
pomfret,pomfret,pomfret
pomgarnet,pomgarnet,pomgarnet
pommel,pommel,pommel
pomp,pomp,pomp
pompae,pompa,pompae
pompeius,pompeiu,pompeius
pompey,pompey,pompey
pompion,pompion,pompion
pompous,pompou,pompous
pon,pon,pon
pond,pond,pond
ponder,ponder,ponder
ponderous,ponder,ponderous
poniard,poniard,poniard
pont,pont,pont
pontic,pontic,pontic
pontifical,pontif,pontifical
ponton,ponton,ponton
pooh,pooh,pooh
pool,pool,pool
poop,poop,poop
poope,poop,poope
poor,poor,poor
poorer,poorer,poorer
poorest,poorest,poor
poorly,poorli,poorly
pop,pop,pop
pope,pope,pope
popedom,popedom,popedom
poperin,poperin,poperin
popilius,popiliu,popilius
popinjay,popinjay,popinjay
popish,popish,popish
popp,popp,popp
poppy,poppi,poppy
popular,popular,popular
popularity,popular,popularity
populous,popul,populous
por,por,por
porch,porch,porch
pore,pore,pore
pork,pork,pork
porn,porn,porn
porpentine,porpentin,porpentine
porpus,porpu,porpus
porridge,porridg,porridge
porringer,porring,porringer
port,port,port
portable,portabl,portable
portage,portag,portage
portal,portal,portal
portance,portanc,portance
portcullis,portculli,portculli
portend,portend,portend
portent,portent,portent
portentous,portent,portentous
porter,porter,porter
portia,portia,portia
portion,portion,portion
portly,portli,portly
portotartarosa,portotartarosa,portotartarosa
portrait,portrait,portrait
portraiture,portraitur,portraiture
portugal,portug,portugal
pose,pose,pose
position,posit,position
positive,posit,positive
positively,posit,positively
posse,poss,posse
posses,poss,posse
possess,possess,posses
possesseth,possesseth,possesseth
possession,possess,possession
possessor,possessor,possessor
posset,posset,posset
possibility,possibl,possibility
possible,possibl,possible
possibly,possibl,possibly
possitable,possit,possitable
post,post,post
poster,poster,poster
posterior,posterior,posterior
posterity,poster,posterity
postern,postern,postern
posthumus,posthumu,posthumus
postmaster,postmast,postmaster
postscript,postscript,postscript
posture,postur,posture
posy,posi,posy
pot,pot,pot
potation,potat,potation
potato,potato,potato
potch,potch,potch
potency,potenc,potency
potent,potent,potent
potentate,potent,potentate
potential,potenti,potential
potently,potent,potently
pothecary,pothecari,pothecary
pother,pother,pother
potion,potion,potion
potpan,potpan,potpan
potter,potter,potter
pottle,pottl,pottle
pouch,pouch,pouch
poulter,poulter,poulter
poultice,poultic,poultice
poultney,poultney,poultney
pouncet,pouncet,pouncet
pound,pound,pound
pour,pour,pour
pourquoi,pourquoi,pourquoi
pout,pout,pout
poverty,poverti,poverty
pow,pow,pow
powder,powder,powder
powdered,powder,powder
powdering,powder,powdering
power,power,power
powerful,power,powerful
powerfully,power,powerfully
powerless,powerless,powerless
powers,power,power
powle,powl,powle
pox,pox,pox
poy,poy,poy
poysam,poysam,poysam
prabble,prabbl,prabble
practic,practic,practic
practisant,practis,practisant
practise,practis,practise
practised,practis,practise
practiser,practis,practiser
praeclarissimus,praeclarissimu,praeclarissimus
praemunire,praemunir,praemunire
praetor,praetor,praetor
pragge,pragg,pragge
prague,pragu,prague
prain,prain,prain
prains,prain,prain
praise,prais,praise
praisest,praisest,praisest
praiseworthy,praiseworthi,praiseworthy
prance,pranc,prance
prank,prank,prank
prat,prat,prat
prate,prate,prate
prater,prater,prater
pratest,pratest,prat
prating,prate,prating
prattle,prattl,prattle
prattler,prattler,prattler
prattling,prattl,prattle
prave,prave,prave
prawls,prawl,prawl
pray,pray,pray
prayer,prayer,prayer
prayerbook,prayerbook,prayerbook
prayers,prayer,prayer
prays,pray,pray
pre,pre,pre
preach,preach,preach
preacher,preacher,preacher
preachment,preachment,preachment
pread,pread,pread
preambulate,preambul,preambulate
precede,preced,precede
precedence,preced,precedence
precedent,preced,precedent
precept,precept,precept
preceptial,precepti,preceptial
precinct,precinct,precinct
precious,preciou,precious
preciously,precious,preciously
precipice,precipic,precipice
precipitating,precipit,precipitate
precipitation,precipit,precipitation
precise,precis,precise
precisely,precis,precisely
preciseness,precis,preciseness
preconsul,preconsul,preconsul
precor,precor,precor
precurse,precurs,precurse
precursor,precursor,precursor
predecease,predeceas,predecease
predecessor,predecessor,predecessor
predestinate,predestin,predestinate
predicament,predica,predicament
prediction,predict,prediction
predominance,predomin,predominance
predominant,predomin,predominant
predominate,predomin,predominate
preeche,preech,preeche
preeminence,preemin,preeminence
preface,prefac,preface
prefer,prefer,prefer
preferment,prefer,preferment
preferr,preferr,preferr
preferred,prefer,preferred
preferreth,preferreth,preferreth
prefix,prefix,prefix
preform,preform,preform
pregnant,pregnant,pregnant
pregnantly,pregnantli,pregnantly
prejudicates,prejud,prejudicate
prejudice,prejudic,prejudice
prejudicial,prejudici,prejudicial
prelate,prelat,prelate
premeditate,premedit,premeditate
premeditation,premedit,premeditation
premise,premis,premise
prenez,prenez,prenez
prenominate,prenomin,prenominate
prentice,prentic,prentice
prenzie,prenzi,prenzie
preoccupy,preoccupi,preoccupy
preparation,prepar,preparation
prepare,prepar,prepare
prepared,prepar,prepare
preparedly,preparedli,preparedly
preposterous,preposter,preposterous
preposterously,preposter,preposterously
prerogatife,prerogatif,prerogatife
prerogative,prerog,prerogative
presage,presag,presage
presages,presag,presage
presageth,presageth,presageth
prescience,prescienc,prescience
prescribe,prescrib,prescribe
prescript,prescript,prescript
prescription,prescript,prescription
presence,presenc,presence
present,present,present
presentation,present,presentation
presenter,present,presenter
presenteth,presenteth,presenteth
presently,present,presently
presentment,present,presentment
presents,present,present
preservation,preserv,preservation
preservative,preserv,preservative
preserve,preserv,preserve
preserver,preserv,preserver
president,presid,president
press,press,press
presser,presser,presser
pressure,pressur,pressure
prester,prester,prester
presume,presum,presume
presumption,presumpt,presumption
presumptuous,presumptu,presumptuous
presuppose,presuppos,presuppose
pret,pret,pret
pretence,pretenc,pretence
pretend,pretend,pretend
pretext,pretext,pretext
prethee,prethe,prethee
pretia,pretia,pretia
prettiest,prettiest,prettiest
prettily,prettili,prettily
prettiness,pretti,prettiness
pretty,pretti,pretty
prevail,prevail,prevail
prevaileth,prevaileth,prevaileth
prevailment,prevail,prevailment
prevent,prevent,prevent
prevented,prevent,prevent
prevention,prevent,prevention
prey,prey,prey
preyful,prey,preyful
priam,priam,priam
priami,priami,priami
priamus,priamu,priamus
priapus,priapu,priapus
pribble,pribbl,pribble
price,price,price
prick,prick,prick
prickest,prickest,prick
pricket,pricket,pricket
pride,pride,pride
prides,pride,pride
pridge,pridg,pridge
prie,prie,prie
prief,prief,prief
priest,priest,priest
priestess,priestess,priestess
priesthood,priesthood,priesthood
priestly,priestli,priestly
prig,prig,prig
prim,prim,prim
primal,primal,primal
prime,prime,prime
primer,primer,primer
primero,primero,primero
primitive,primit,primitive
primo,primo,primo
primogenitive,primogenit,primogenitive
primrose,primros,primrose
primy,primi,primy
prince,princ,prince
princely,princ,princely
princes,princ,prince
princess,princess,princess
principal,princip,principal
principality,princip,principality
principle,principl,principle
princox,princox,princox
pring,pring,pre
print,print,print
printing,print,print
printless,printless,printless
prioress,prioress,prioress
priority,prioriti,priority
priory,priori,priory
priscian,priscian,priscian
priser,priser,priser
prison,prison,prison
prisoner,prison,prisoner
prisoners,prison,prisoner
prisonment,prison,prisonment
prisonni,prisonni,prisonni
pristine,pristin,pristine
prithee,prithe,prithee
privacy,privaci,privacy
private,privat,private
privately,privat,privately
privilege,privileg,privilege
privileged,privileg,privilege
privilegio,privilegio,privilegio
privily,privili,privily
privity,priviti,privity
privy,privi,privy
prize,prize,prize
prized,prize,prize
prizer,prizer,prizer
prizes,prize,prize
prizest,prizest,prizest
probable,probabl,probable
probal,probal,probal
probation,probat,probation
procee,proce,procee
proceed,proceed,proceed
proceeder,proceed,proceeder
proceeding,proceed,proceed
process,process,process
procession,process,procession
proclaim,proclaim,proclaim
proclaimed,proclaim,proclaim
proclaimeth,proclaimeth,proclaimeth
proclamation,proclam,proclamation
procrastinate,procrastin,procrastinate
procreant,procreant,procreant
procreation,procreat,procreation
procrus,procru,procrus
proculeius,proculeiu,proculeius
procurator,procur,procurator
procure,procur,procure
prodigal,prodig,prodigal
prodigality,prodig,prodigality
prodigally,prodig,prodigally
prodigious,prodigi,prodigious
prodigiously,prodigi,prodigiously
prodigy,prodigi,prodigy
proditor,proditor,proditor
produce,produc,produce
profanation,profan,profanation
profane,profan,profane
profanely,profan,profanely
profaneness,profan,profaneness
profaners,profan,profaner
profess,profess,profess
professe,profess,professe
professest,professest,professest
profession,profess,profession
professor,professor,professor
proffer,proffer,proffer
profferer,proffer,profferer
proffers,proffer,proffer
proficient,profici,proficient
profit,profit,profit
profitable,profit,profitable
profitably,profit,profitably
profitless,profitless,profitless
profound,profound,profound
profoundly,profoundli,profoundly
progenitor,progenitor,progenitor
progeny,progeni,progeny
progne,progn,progne
prognostication,prognost,prognostication
progress,progress,progress
progression,progress,progression
prohibit,prohibit,prohibit
prohibition,prohibit,prohibition
project,project,project
projection,project,projection
prolixious,prolixi,prolixious
prolixity,prolix,prolixity
prologue,prologu,prologue
prologues,prologu,prologue
prolong,prolong,prolong
promethean,promethean,promethean
prometheus,prometheu,prometheus
promis,promi,promis
promise,promis,promise
promiseth,promiseth,promiseth
promising,promis,promise
promontory,promontori,promontory
promotion,promot,promotion
prompt,prompt,prompt
promptement,promptement,promptement
prompter,prompter,prompter
prompture,promptur,prompture
promulgate,promulg,promulgate
prone,prone,prone
prononcer,prononc,prononcer
prononcez,prononcez,prononcez
pronoun,pronoun,pronoun
pronounce,pronounc,pronounce
pronouncing,pronounc,pronounce
proof,proof,proof
proofs,proof,proof
prop,prop,prop
propagate,propag,propagate
propagation,propag,propagation
propend,propend,propend
propension,propens,propension
proper,proper,proper
properer,proper,properer
properest,properest,properest
properly,properli,properly
propertie,properti,propertie
property,properti,property
prophecy,propheci,prophecy
prophesier,prophesi,prophesier
prophesy,prophesi,prophesy
prophet,prophet,prophet
prophetess,prophetess,prophetess
prophetic,prophet,prophetic
prophetically,prophet,prophetically
propinquity,propinqu,propinquity
propontic,propont,propontic
proportion,proport,proportion
proportionable,proportion,proportionable
propose,propos,propose
proposer,propos,proposer
proposition,proposit,proposition
propounded,propound,propound
propp,propp,propp
propre,propr,propre
propriety,proprieti,propriety
propugnation,propugn,propugnation
prorogue,prorogu,prorogue
proscription,proscript,proscription
proscriptions,proscript,proscription
prose,prose,prose
prosecute,prosecut,prosecute
prosecution,prosecut,prosecution
proselyte,proselyt,proselyte
proserpina,proserpina,proserpina
proserpine,proserpin,proserpine
prospect,prospect,prospect
prosper,prosper,prosper
prosperity,prosper,prosperity
prospero,prospero,prospero
prosperous,prosper,prosperous
prosperously,prosper,prosperously
prostitute,prostitut,prostitute
prostrate,prostrat,prostrate
protect,protect,protect
protection,protect,protection
protector,protector,protector
protectorship,protectorship,protectorship
protectress,protectress,protectress
protest,protest,protest
protestation,protest,protestation
protester,protest,protester
proteus,proteu,proteus
protract,protract,protract
protractive,protract,protractive
proud,proud,proud
prouder,prouder,prouder
proudlier,proudlier,proudlier
proudly,proudli,proudly
provand,provand,provand
prove,prove,prove
provender,provend,provender
prover,prover,prover
proverb,proverb,proverb
proveth,proveth,proveth
provexit,provexit,provexit
provide,provid,provide
providence,provid,providence
provident,provid,provident
providently,provid,providently
provider,provid,provider
province,provinc,province
provinces,provinc,province
provincial,provinci,provincial
provision,provis,provision
proviso,proviso,proviso
provocation,provoc,provocation
provok,provok,provok
provoke,provok,provoke
provoker,provok,provoker
provoketh,provoketh,provoketh
provost,provost,provost
prowess,prowess,prowess
prudence,prudenc,prudence
prudent,prudent,prudent
prun,prun,prun
prune,prune,prune
pruning,prune,prune
pry,pri,pry
psalm,psalm,psalm
psaltery,psalteri,psaltery
ptolemy,ptolemi,ptolemy
public,public,public
publican,publican,publican
publication,public,publication
publicly,publicli,publicly
publicola,publicola,publicola
publish,publish,publish
publisher,publish,publisher
publius,publiu,publius
pucelle,pucel,pucelle
puck,puck,puck
pudde,pudd,pudde
pudding,pud,pudding
puddle,puddl,puddle
pudency,pudenc,pudency
pueritia,pueritia,pueritia
puff,puff,puff
pug,pug,pug
puis,pui,puis
puisny,puisni,puisny
puissance,puissanc,puissance
puissant,puissant,puissant
puke,puke,puke
puking,puke,puke
pulcher,pulcher,pulcher
pule,pule,pule
puling,pule,pule
pull,pull,pull
puller,puller,puller
pullet,pullet,pullet
pulls,pull,pull
pulpit,pulpit,pulpit
pulpiter,pulpit,pulpiter
pulse,puls,pulse
pump,pump,pump
pumpion,pumpion,pumpion
pun,pun,pun
punch,punch,punch
punish,punish,punish
punishment,punish,punishment
punk,punk,punk
punto,punto,punto
puny,puni,puny
pupil,pupil,pupil
puppet,puppet,puppet
puppy,puppi,puppy
pur,pur,pur
purblind,purblind,purblind
purchase,purchas,purchase
purchaseth,purchaseth,purchaseth
purchasing,purchas,purchase
pure,pure,pure
purely,pure,purely
purer,purer,purer
purest,purest,purest
purgation,purgat,purgation
purgative,purg,purgative
purgatory,purgatori,purgatory
purge,purg,purge
purger,purger,purger
purifie,purifi,purifie
purifying,purifi,purify
puritan,puritan,puritan
purity,puriti,purity
purlieus,purlieu,purlieus
purple,purpl,purple
purport,purport,purport
purpose,purpos,purpose
purposed,purpos,purpose
purposely,purpos,purposely
purposes,purpos,purpose
purposeth,purposeth,purposeth
purr,purr,purr
purse,purs,purse
pursent,pursent,pursent
pursu,pursu,pursu
pursue,pursu,pursue
pursuer,pursuer,pursuer
pursueth,pursueth,pursueth
pursuit,pursuit,pursuit
pursuivant,pursuiv,pursuivant
pursy,pursi,pursy
purus,puru,purus
purveyor,purveyor,purveyor
push,push,push
put,put,put
putrefy,putrefi,putrefy
putter,putter,putter
putting,put,put
puttock,puttock,puttock
puzzel,puzzel,puzzel
puzzle,puzzl,puzzle
pygmalion,pygmalion,pygmalion
pyramid,pyramid,pyramid
pyramide,pyramid,pyramide
pyramis,pyrami,pyramis
pyramise,pyramis,pyramise
pyramus,pyramu,pyramus
pyrenean,pyrenean,pyrenean
pyrrhu,pyrrhu,pyrrhu
pyrrhus,pyrrhu,pyrrhu
pythagora,pythagora,pythagora
pythagoras,pythagora,pythagoras
quadrangle,quadrangl,quadrangle
quae,quae,quae
quaes,quae,quaes
quaff,quaff,quaff
quagmire,quagmir,quagmire
quail,quail,quail
quaint,quaint,quaint
quaintly,quaintli,quaintly
quake,quak,quake
qualification,qualif,qualification
qualified,qualifi,qualify
qualify,qualifi,qualify
qualite,qualit,qualite
quality,qualiti,quality
qualm,qualm,qualm
qualmish,qualmish,qualmish
qualtitie,qualtiti,qualtitie
quam,quam,quam
quand,quand,quand
quando,quando,quando
quantity,quantiti,quantity
quare,quar,quare
quarrel,quarrel,quarrel
quarreling,quarrel,quarrel
quarreller,quarrel,quarreller
quarrelling,quarrel,quarrel
quarrelous,quarrel,quarrelous
quarrelsome,quarrelsom,quarrelsome
quarry,quarri,quarry
quart,quart,quart
quarter,quarter,quarter
quasi,quasi,quasi
quat,quat,quat
quatch,quatch,quatch
quay,quay,quay
que,que,que
quean,quean,quean
queas,quea,quea
queasy,queasi,queasy
queen,queen,queen
quell,quell,quell
queller,queller,queller
quench,quench,quench
quenchless,quenchless,quenchless
quern,quern,quern
quest,quest,quest
questant,questant,questant
question,question,question
questionable,question,questionable
questionless,questionless,questionless
questrist,questrist,questrist
queubus,queubu,queubus
qui,qui,qui
quick,quick,quick
quicken,quicken,quicken
quickens,quicken,quicken
quickli,quickli,quickli
quickly,quickli,quickly
quickness,quick,quickness
quicksand,quicksand,quicksand
quicksilver,quicksilv,quicksilver
quid,quid,quid
quiddity,quidditi,quiddity
quie,quie,quie
quiet,quiet,quiet
quieter,quieter,quieter
quietly,quietli,quietly
quietness,quiet,quietness
quietus,quietu,quietus
quill,quill,quill
quillet,quillet,quillet
quilt,quilt,quilt
quinapalus,quinapalu,quinapalus
quince,quinc,quince
quintain,quintain,quintain
quintessence,quintess,quintessence
quintus,quintu,quintus
quip,quip,quip
quire,quir,quire
quirk,quirk,quirk
quis,qui,quis
quit,quit,quit
quite,quit,quite
quittance,quittanc,quittance
quiver,quiver,quiver
quivering,quiver,quiver
quo,quo,quo
quod,quod,quod
quoif,quoif,quoif
quoint,quoint,quoint
quondam,quondam,quondam
quoniam,quoniam,quoniam
quote,quot,quote
quoth,quoth,quoth
quotidian,quotidian,quotidian
rabato,rabato,rabato
rabbit,rabbit,rabbit
rabble,rabbl,rabble
rabblement,rabblement,rabblement
race,race,race
rack,rack,rack
racker,racker,racker
racket,racket,racket
radiance,radianc,radiance
radiant,radiant,radiant
radish,radish,radish
raft,raft,raft
rag,rag,rag
ragamuffin,ragamuffin,ragamuffin
rage,rage,rage
rageth,rageth,rageth
ragg,ragg,ragg
ragged,rag,rag
raggedness,ragged,raggedness
ragozine,ragozin,ragozine
rail,rail,rail
railer,railer,railer
railest,railest,rail
raileth,raileth,raileth
railing,rail,rail
raiment,raiment,raiment
rain,rain,rain
rainbow,rainbow,rainbow
raineth,raineth,raineth
rainold,rainold,rainold
rainy,raini,rainy
raise,rais,raise
raisin,raisin,raisin
rake,rake,rake
raker,raker,raker
ralph,ralph,ralph
ram,ram,ram
rambure,rambur,rambure
ramm,ramm,ramm
ramp,ramp,ramp
rampant,rampant,rampant
rampire,rampir,rampire
ramsey,ramsey,ramsey
ramston,ramston,ramston
ran,ran,run
rancorous,rancor,rancorous
rancour,rancour,rancour
random,random,random
range,rang,range
ranger,ranger,ranger
rank,rank,rank
ranker,ranker,ranker
rankest,rankest,rank
rankle,rankl,rankle
rankly,rankli,rankly
rankness,rank,rankness
rann,rann,rann
ransack,ransack,ransack
ransom,ransom,ransom
ransomed,ransom,ransom
ransomless,ransomless,ransomless
rant,rant,rant
rap,rap,rap
rape,rape,rape
rapi,rapi,rapi
rapier,rapier,rapier
rapine,rapin,rapine
rapt,rapt,rapt
rapture,raptur,rapture
rare,rare,rare
rarely,rare,rarely
rareness,rare,rareness
rarer,rarer,rarer
rarest,rarest,rare
rarity,rariti,rarity
rascal,rascal,rascal
rascalli,rascal,rascalli
rascally,rascal,rascally
rash,rash,rash
rasher,rasher,rasher
rashly,rashli,rashly
rashness,rash,rashness
rat,rat,rat
ratcliff,ratcliff,ratcliff
rate,rate,rate
rather,rather,rather
ratifier,ratifi,ratifier
ratify,ratifi,ratify
rational,ration,rational
rato,rato,rato
ratsbane,ratsban,ratsbane
rattle,rattl,rattle
raught,raught,raught
ravage,ravag,ravage
rave,rave,rave
ravel,ravel,ravel
ravell,ravel,ravell
raven,raven,raven
ravening,raven,ravening
ravenous,raven,ravenous
ravenspurgh,ravenspurgh,ravenspurgh
ravin,ravin,ravin
raving,rave,rave
ravish,ravish,ravish
ravisher,ravish,ravisher
ravishment,ravish,ravishment
raw,raw,raw
rawer,rawer,rawer
rawly,rawli,rawly
rawness,raw,rawness
ray,ray,ray
rays,ray,ray
raze,raze,raze
razeth,razeth,razeth
razor,razor,razor
razorable,razor,razorable
razure,razur,razure
reach,reach,reach
reacheth,reacheth,reacheth
read,read,read
reader,reader,reader
readiest,readiest,readiest
readily,readili,readily
readin,readin,readin
readiness,readi,readiness
reading,read,read
ready,readi,ready
real,real,real
really,realli,really
realm,realm,realm
realms,realm,realm
reap,reap,reap
reaper,reaper,reaper
rear,rear,rear
rearward,rearward,rearward
reason,reason,reason
reasonable,reason,reasonable
reasonably,reason,reasonably
reasoning,reason,reasoning
reasonless,reasonless,reasonless
reasons,reason,reason
reave,reav,reave
rebate,rebat,rebate
rebeck,rebeck,rebeck
rebel,rebel,rebel
rebell,rebel,rebell
rebellion,rebellion,rebellion
rebellious,rebelli,rebellious
rebels,rebel,rebel
rebound,rebound,rebound
rebuke,rebuk,rebuke
rebukeable,rebuk,rebukeable
rebuse,rebus,rebuse
recall,recal,recall
recant,recant,recant
recantation,recant,recantation
recanter,recant,recanter
receipt,receipt,receipt
receive,receiv,receive
receiver,receiv,receiver
receivest,receivest,receivest
receiveth,receiveth,receiveth
receptacle,receptacl,receptacle
reception,recept,reception
recheat,recheat,recheat
reciprocal,reciproc,reciprocal
reciprocally,reciproc,reciprocally
recite,recit,recite
recited,recit,recite
reciterai,reciterai,reciterai
reck,reck,reck
recke,reck,recke
reckless,reckless,reckless
reckon,reckon,reckon
reckoning,reckon,reckon
reclaim,reclaim,reclaim
reclined,reclin,recline
reclusive,reclus,reclusive
recognizance,recogniz,recognizance
recoil,recoil,recoil
recollect,recollect,recollect
recomforte,recomfort,recomforte
recomforture,recomfortur,recomforture
recommend,recommend,recommend
recompense,recompens,recompense
reconcile,reconcil,reconcile
reconcilement,reconcil,reconcilement
reconciler,reconcil,reconciler
reconciliation,reconcili,reconciliation
record,record,record
recordation,record,recordation
recorder,record,recorder
recount,recount,recount
recountment,recount,recountment
recounts,recount,recount
recourse,recours,recourse
recover,recov,recover
recoverable,recover,recoverable
recovery,recoveri,recovery
recreant,recreant,recreant
recreate,recreat,recreate
recreation,recreat,recreation
rectify,rectifi,rectify
rector,rector,rector
rectorship,rectorship,rectorship
recure,recur,recure
red,red,red
redbreast,redbreast,redbreast
redder,redder,redder
reddest,reddest,reddest
rede,rede,rede
redeem,redeem,redeem
redeemer,redeem,redeemer
redeliver,redeliv,redeliver
redemption,redempt,redemption
redime,redim,redime
redness,red,redness
redouble,redoubl,redouble
redoubte,redoubt,redoubte
redound,redound,redound
redress,redress,redress
reduce,reduc,reduce
reechy,reechi,reechy
reed,reed,reed
reek,reek,reek
reeking,reek,reek
reeky,reeki,reeky
reel,reel,reel
reenter,reenter,reenter
refell,refel,refell
refer,refer,refer
reference,refer,reference
referr,referr,referr
refine,refin,refine
refined,refin,refine
reflect,reflect,reflect
reflection,reflect,reflection
reflex,reflex,reflex
reform,reform,reform
reformation,reform,reformation
refractory,refractori,refractory
refrain,refrain,refrain
refresh,refresh,refresh
refreshing,refresh,refresh
reft,reft,reft
refuge,refug,refuge
refusal,refus,refusal
refuse,refus,refuse
regal,regal,regal
regalia,regalia,regalia
regan,regan,regan
regard,regard,regard
regardance,regard,regardance
regardfully,regard,regardfully
regenerate,regener,regenerate
regent,regent,regent
regentship,regentship,regentship
regia,regia,regia
regiment,regiment,regiment
regina,regina,regina
region,region,region
register,regist,register
regreet,regreet,regreet
regress,regress,regress
reguerdon,reguerdon,reguerdon
regular,regular,regular
rehearsal,rehears,rehearsal
rehearse,rehears,rehearse
reign,reign,reign
reigni,reigni,reigni
reignier,reignier,reignier
reigning,reign,reign
rein,rein,rein
reinforce,reinforc,reinforce
reinforcement,reinforc,reinforcement
reiterate,reiter,reiterate
reject,reject,reject
rejoice,rejoic,rejoice
rejoiceth,rejoiceth,rejoiceth
rejoicingly,rejoicingli,rejoicingly
rejoindure,rejoindur,rejoindure
rejourn,rejourn,rejourn
relapse,relaps,relapse
relate,relat,relate
relation,relat,relation
relative,rel,relative
release,releas,release
relent,relent,relent
reliance,relianc,reliance
relic,relic,relic
relief,relief,relief
relieve,reliev,relieve
relieved,reliev,relieve
religion,religion,religion
religious,religi,religious
religiously,religi,religiously
relinquish,relinquish,relinquish
relique,reliqu,relique
reliquit,reliquit,reliquit
relish,relish,relish
relume,relum,relume
rely,reli,rely
remain,remain,remain
remainder,remaind,remainder
remaineth,remaineth,remaineth
remains,remain,remain
remark,remark,remark
remarkable,remark,remarkable
remediate,remedi,remediate
remedie,remedi,remedie
remedy,remedi,remedy
remember,rememb,remember
rememberest,rememberest,rememberest
remembers,rememb,remember
remembrance,remembr,remembrance
remembrancer,remembranc,remembrancer
remercimens,remercimen,remercimen
remiss,remiss,remiss
remission,remiss,remission
remissness,remiss,remissness
remit,remit,remit
remnant,remnant,remnant
remonstrance,remonstr,remonstrance
remorse,remors,remorse
remorseful,remors,remorseful
remorseless,remorseless,remorseless
remote,remot,remote
remotion,remot,remotion
remove,remov,remove
removed,remov,remove
removedness,removed,removedness
remunerate,remuner,remunerate
remuneration,remuner,remuneration
rend,rend,rend
render,render,render
rendezvous,rendezv,rendezvous
renegado,renegado,renegado
renege,reneg,renege
renew,renew,renew
renounce,renounc,renounce
renouncement,renounc,renouncement
renown,renown,renown
renowne,renown,renowne
renowned,renown,renowne
rent,rent,rent
repair,repair,repair
repass,repass,repass
repast,repast,repast
repasture,repastur,repasture
repay,repay,repay
repays,repay,repays
repeal,repeal,repeal
repeat,repeat,repeat
repel,repel,repel
repent,repent,repent
repentance,repent,repentance
repentant,repent,repentant
repentent,repent,repentent
repetition,repetit,repetition
repine,repin,repine
replant,replant,replant
replenish,replenish,replenish
replete,replet,replete
replication,replic,replication
repliest,repliest,repliest
reply,repli,reply
replying,repli,reply
report,report,report
reporter,report,reporter
reportingly,reportingli,reportingly
reposal,repos,reposal
repose,repos,repose
reposeth,reposeth,reposeth
repossess,repossess,repossess
reprehend,reprehend,reprehend
reprehending,reprehend,reprehend
represent,repres,represent
reprieve,repriev,reprieve
reprisal,repris,reprisal
reproach,reproach,reproach
reproachful,reproach,reproachful
reproachfully,reproach,reproachfully
reprobate,reprob,reprobate
reprobation,reprob,reprobation
reproof,reproof,reproof
reprovable,reprov,reprovable
reprove,reprov,reprove
reproves,reprov,reproves
reprovest,reprovest,reprovest
repugn,repugn,repugn
repugnancy,repugn,repugnancy
repugnant,repugn,repugnant
repulse,repuls,repulse
repure,repur,repure
reputation,reput,reputation
repute,reput,repute
reputed,reput,repute
reputeless,reputeless,reputeless
request,request,request
requiem,requiem,requiem
require,requir,require
requires,requir,require
requireth,requireth,requireth
requisite,requisit,requisite
requit,requit,requit
requital,requit,requital
requite,requit,requite
rere,rere,rere
rescue,rescu,rescue
rescuing,rescu,rescue
resemblance,resembl,resemblance
resemble,resembl,resemble
resembleth,resembleth,resembleth
reservation,reserv,reservation
reserve,reserv,reserve
reserved,reserv,reserve
reside,resid,reside
residence,resid,residence
resident,resid,resident
residing,resid,reside
residue,residu,residue
resign,resign,resign
resignation,resign,resignation
resist,resist,resist
resistance,resist,resistance
resolute,resolut,resolute
resolutely,resolut,resolutely
resolution,resolut,resolution
resolve,resolv,resolve
resolvedly,resolvedli,resolvedly
resolveth,resolveth,resolveth
resort,resort,resort
resorter,resort,resorter
resound,resound,resound
respect,respect,respect
respected,respect,respect
respecting,respect,respect
respective,respect,respective
respectively,respect,respectively
respects,respect,respect
respice,respic,respice
respite,respit,respite
responsive,respons,responsive
rest,rest,rest
restem,restem,restem
resteth,resteth,resteth
restful,rest,restful
restitution,restitut,restitution
restless,restless,restless
restoration,restor,restoration
restorative,restor,restorative
restore,restor,restore
restrain,restrain,restrain
restrained,restrain,restrain
restraint,restraint,restraint
resty,resti,resty
resume,resum,resume
resurrection,resurrect,resurrection
retail,retail,retail
retain,retain,retain
retainer,retain,retainer
retention,retent,retention
retentive,retent,retentive
retinue,retinu,retinue
retire,retir,retire
retirement,retir,retirement
retold,retold,retold
retort,retort,retort
retourne,retourn,retourne
retract,retract,retract
retreat,retreat,retreat
retrograde,retrograd,retrograde
return,return,return
returneth,returneth,returneth
revania,revania,revania
reveal,reveal,reveal
revel,revel,revel
revell,revel,revell
reveller,revel,reveller
revelling,revel,revel
revelry,revelri,revelry
revenge,reveng,revenge
revenged,reveng,revenge
revengeful,reveng,revengeful
revengement,reveng,revengement
revenger,reveng,revenger
revengingly,revengingli,revengingly
revenue,revenu,revenue
revenues,revenu,revenue
reverb,reverb,reverb
reverberate,reverber,reverberate
reverence,rever,reverence
reverend,reverend,reverend
reverent,rever,reverent
reverently,rever,reverently
reverse,revers,reverse
reversion,revers,reversion
reverso,reverso,reverso
revert,revert,revert
review,review,review
revile,revil,revile
revisit,revisit,revisit
revive,reviv,revive
revoke,revok,revoke
revokement,revok,revokement
revolt,revolt,revolt
revolting,revolt,revolt
revolution,revolut,revolution
revolutions,revolut,revolution
revolve,revolv,revolve
revolving,revolv,revolve
reward,reward,reward
rewarder,reward,rewarder
rewell,rewel,rewell
rex,rex,rex
reynaldo,reynaldo,reynaldo
rhapsody,rhapsodi,rhapsody
rheim,rheim,rheim
rheims,rheim,rheim
rhenish,rhenish,rhenish
rhesus,rhesu,rhesus
rhetoric,rhetor,rhetoric
rheum,rheum,rheum
rheumatic,rheumat,rheumatic
rheumy,rheumi,rheumy
rhinoceros,rhinocero,rhinoceros
rhode,rhode,rhode
rhodope,rhodop,rhodope
rhubarb,rhubarb,rhubarb
rhyme,rhyme,rhyme
rhymer,rhymer,rhymer
rialto,rialto,rialto
rib,rib,rib
ribald,ribald,ribald
riband,riband,riband
ribaudre,ribaudr,ribaudre
ribb,ribb,ribb
ribbon,ribbon,ribbon
ribs,rib,rib
rice,rice,rice
rich,rich,rich
richard,richard,richard
riche,rich,riche
riches,rich,rich
richly,richli,richly
richmond,richmond,richmond
rid,rid,rid
riddance,riddanc,riddance
riddle,riddl,riddle
riddles,riddl,riddle
ride,ride,ride
rider,rider,rider
rideth,rideth,rideth
ridge,ridg,ridge
ridiculous,ridicul,ridiculous
rien,rien,rien
rifle,rifl,rifle
rift,rift,rift
rifte,rift,rifte
rig,rig,rig
rigg,rigg,rigg
riggish,riggish,riggish
right,right,right
righteous,righteou,righteous
righteously,righteous,righteously
rightful,right,rightful
rightly,rightli,rightly
rights,right,right
rigor,rigor,rigor
rigorous,rigor,rigorous
rigorously,rigor,rigorously
rigour,rigour,rigour
rim,rim,rim
rinaldo,rinaldo,rinaldo
rind,rind,rind
ring,ring,ring
ringleader,ringlead,ringleader
ringlet,ringlet,ringlet
rings,ring,ring
ringwood,ringwood,ringwood
rinsing,rins,rinse
riot,riot,riot
rioter,rioter,rioter
riotous,riotou,riotous
rip,rip,rip
ripe,ripe,ripe
ripely,ripe,ripely
ripen,ripen,ripen
ripeness,ripe,ripeness
riper,riper,riper
riping,ripe,rip
ripp,ripp,ripp
ript,ript,ript
rise,rise,rise
risen,risen,risen
riseth,riseth,riseth
rising,rise,rise
rite,rite,rite
rites,rite,rite
rival,rival,rival
rivality,rival,rivality
rivall,rival,rivall
rive,rive,rive
rivelle,rivel,rivelle
river,river,river
rivers,river,river
rivet,rivet,rivet
rivo,rivo,rivo
road,road,road
roam,roam,roam
roan,roan,roan
roar,roar,roar
roarer,roarer,roarer
roaring,roar,roar
roast,roast,roast
roasted,roast,roast
rob,rob,rob
robb,robb,robb
robber,robber,robber
robbery,robberi,robbery
robe,robe,robe
robert,robert,robert
robin,robin,robin
robs,rob,rob
robustious,robusti,robustious
rochester,rochest,rochester
rochford,rochford,rochford
rock,rock,rock
rocks,rock,rock
rocky,rocki,rocky
rod,rod,rod
rode,rode,ride
roderigo,roderigo,roderigo
roe,roe,roe
roger,roger,roger
rogero,rogero,rogero
rogue,rogu,rogue
roguery,rogueri,roguery
rogues,rogu,rogue
roguish,roguish,roguish
roi,roi,roi
roisting,roist,roiste
roll,roll,roll
rolling,roll,roll
romage,romag,romage
roman,roman,roman
romano,romano,romano
romans,roman,romans
rome,rome,rome
romeo,romeo,romeo
romish,romish,romish
ronyon,ronyon,ronyon
rood,rood,rood
roof,roof,roof
rook,rook,rook
rooks,rook,rook
rooky,rooki,rooky
room,room,room
root,root,root
rooted,root,root
rootedly,rootedli,rootedly
rooteth,rooteth,rooteth
rooting,root,root
rope,rope,rope
ropery,roperi,ropery
roping,rope,roping
rosalind,rosalind,rosalind
rosalinda,rosalinda,rosalinda
rosaline,rosalin,rosaline
roscius,rosciu,roscius
rose,rose,rise
rosed,rose,rose
rosemary,rosemari,rosemary
rosencrantz,rosencrantz,rosencrantz
ross,ross,ross
rosy,rosi,rosy
rot,rot,rot
rote,rote,rote
rother,rother,rother
rotten,rotten,rotten
rottenness,rotten,rottenness
rotting,rot,rot
rotundity,rotund,rotundity
rouen,rouen,rouen
rougemont,rougemont,rougemont
rough,rough,rough
rougher,rougher,rougher
roughest,roughest,roughest
roughly,roughli,roughly
roughness,rough,roughness
round,round,round
rounded,round,rounded
roundel,roundel,roundel
rounder,rounder,rounder
roundest,roundest,roundest
rounding,round,round
roundly,roundli,roundly
roundure,roundur,roundure
rouse,rous,rouse
rousillon,rousillon,rousillon
roussi,roussi,roussi
rout,rout,rout
route,rout,route
rove,rove,rove
rover,rover,rover
row,row,row
rowel,rowel,rowel
rowland,rowland,rowland
roy,roy,roy
royal,royal,royal
royalize,royal,royalize
royally,royal,royally
royalties,royalti,royalty
royalty,royalti,royalty
roynish,roynish,roynish
rub,rub,rub
rubb,rubb,rubb
rubbish,rubbish,rubbish
rubie,rubi,rubie
rubious,rubiou,rubious
ruby,rubi,ruby
rudder,rudder,rudder
ruddines,ruddin,ruddine
ruddock,ruddock,ruddock
ruddy,ruddi,ruddy
rude,rude,rude
rudeli,rude,rudeli
rudely,rude,rudely
rudeness,rude,rudeness
ruder,ruder,ruder
rudesby,rudesbi,rudesby
rudiment,rudiment,rudiment
rue,rue,rue
ruff,ruff,ruff
ruffian,ruffian,ruffian
ruffians,ruffian,ruffian
ruffle,ruffl,ruffle
ruffs,ruff,ruff
rug,rug,rug
rugby,rugbi,rugby
rugged,rug,rugge
ruin,ruin,ruin
ruinate,ruinat,ruinate
ruinous,ruinou,ruinous
rule,rule,rule
ruler,ruler,ruler
rules,rule,rule
rumble,rumbl,rumble
ruminat,ruminat,ruminat
ruminate,rumin,ruminate
rumination,rumin,rumination
rumor,rumor,rumor
rumour,rumour,rumour
rumourer,rumour,rumourer
rump,rump,rump
run,run,run
runagate,runag,runagate
runaway,runaway,runaway
rung,rung,rung
runn,runn,runn
runner,runner,runner
running,run,run
runyon,runyon,runyon
rupture,ruptur,rupture
rural,rural,rural
rush,rush,rush
rushle,rushl,rushle
rushy,rushi,rushy
russet,russet,russet
russia,russia,russia
russian,russian,russian
russians,russian,russians
rust,rust,rust
rustic,rustic,rustic
rustically,rustic,rustically
rustle,rustl,rustle
rusty,rusti,rusty
rut,rut,rut
ruth,ruth,ruth
ruthful,ruth,ruthful
ruthless,ruthless,ruthless
rutland,rutland,rutland
ruttish,ruttish,ruttish
rye,rye,rye
rystal,rystal,rystal
saba,saba,saba
sabbath,sabbath,sabbath
sable,sabl,sable
sack,sack,sack
sackbut,sackbut,sackbut
sackcloth,sackcloth,sackcloth
sackerson,sackerson,sackerson
sacrament,sacrament,sacrament
sacre,sacr,sacre
sacred,sacr,sacred
sacrifice,sacrific,sacrifice
sacrificer,sacrific,sacrificer
sacrificial,sacrifici,sacrificial
sacrilegious,sacrilegi,sacrilegious
sad,sad,sad
sadder,sadder,sadder
saddest,saddest,sad
saddle,saddl,saddle
saddler,saddler,saddler
sadly,sadli,sadly
sadness,sad,sadness
safe,safe,safe
safed,safe,safe
safeguard,safeguard,safeguard
safely,safe,safely
safer,safer,safe
safety,safeti,safety
saffron,saffron,saffron
sag,sag,sag
sage,sage,sage
sagittary,sagittari,sagittary
said,said,say
saidst,saidst,saidst
sail,sail,sail
sailing,sail,sailing
sailmaker,sailmak,sailmaker
sailor,sailor,sailor
sailors,sailor,sailor
sain,sain,sain
saint,saint,saint
sainted,saint,saint
saints,saint,saint
saith,saith,saith
sake,sake,sake
sala,sala,sala
salad,salad,salad
salamander,salamand,salamander
salanio,salanio,salanio
salarino,salarino,salarino
salary,salari,salary
sale,sale,sale
salerio,salerio,salerio
salicam,salicam,salicam
salique,saliqu,salique
salisbury,salisburi,salisbury
sall,sall,sall
sallet,sallet,sallet
sallow,sallow,sallow
sally,salli,sally
salmon,salmon,salmon
salt,salt,salt
salter,salter,salter
saltier,saltier,saltier
salutation,salut,salutation
salute,salut,salute
saluteth,saluteth,saluteth
salvation,salvat,salvation
salve,salv,salve
samphire,samphir,samphire
sample,sampl,sample
sampler,sampler,sampler
sampson,sampson,sampson
samson,samson,samson
san,san,san
sancta,sancta,sancta
sanctifie,sanctifi,sanctifie
sanctify,sanctifi,sanctify
sanctimonious,sanctimoni,sanctimonious
sanctimony,sanctimoni,sanctimony
sanctity,sanctiti,sanctity
sanctuarize,sanctuar,sanctuarize
sanctuary,sanctuari,sanctuary
sand,sand,sand
sandal,sandal,sandal
sands,sand,sand
sandy,sandi,sandy
sanguine,sanguin,sanguine
sanguis,sangui,sanguis
sanity,saniti,sanity
sans,san,san
santraille,santrail,santraille
sap,sap,sap
sapient,sapient,sapient
sapit,sapit,sapit
saple,sapl,saple
sapless,sapless,sapless
sapling,sapl,saple
sapphire,sapphir,sapphire
saracen,saracen,saracen
sarcenet,sarcenet,sarcenet
sardian,sardian,sardian
sardinia,sardinia,sardinia
sardis,sardi,sardis
sarum,sarum,sarum
sat,sat,sit
satan,satan,satan
satchel,satchel,satchel
sate,sate,sate
sated,sate,sate
satiate,satiat,satiate
satiety,satieti,satiety
satin,satin,satin
satire,satir,satire
satirical,satir,satirical
satis,sati,satis
satisfaction,satisfact,satisfaction
satisfie,satisfi,satisfie
satisfied,satisfi,satisfy
satisfy,satisfi,satisfy
saturday,saturday,saturday
saturn,saturn,saturn
saturnine,saturnin,saturnine
saturninus,saturninu,saturninus
satyr,satyr,satyr
sauce,sauc,sauce
saucer,saucer,saucer
saucily,saucili,saucily
sauciness,sauci,sauciness
saucy,sauci,saucy
sauf,sauf,sauf
saunder,saunder,saunder
savage,savag,savage
savagely,savag,savagely
savageness,savag,savageness
savagery,savageri,savagery
save,save,save
saviour,saviour,saviour
savor,savor,savor
savour,savour,savour
savoury,savouri,savoury
savoy,savoy,savoy
saw,saw,see
sawpit,sawpit,sawpit
saws,saw,saw
sawyer,sawyer,sawyer
saxon,saxon,saxon
saxony,saxoni,saxony
saxton,saxton,saxton
say,say,say
sayest,sayest,sayest
saying,say,say
says,say,say
sayst,sayst,sayst
sblood,sblood,sblood
scab,scab,scab
scabbard,scabbard,scabbard
scaffold,scaffold,scaffold
scaffoldage,scaffoldag,scaffoldage
scald,scald,scald
scale,scale,scale
scales,scale,scale
scall,scall,scall
scalp,scalp,scalp
scamble,scambl,scamble
scamel,scamel,scamel
scan,scan,scan
scandal,scandal,scandal
scandalize,scandal,scandalize
scandalous,scandal,scandalous
scann,scann,scann
scant,scant,scant
scanter,scanter,scanter
scantling,scantl,scantle
scantly,scantli,scantly
scape,scape,scape
scapes,scape,scape
scar,scar,scar
scarce,scarc,scarce
scarcely,scarc,scarcely
scarcity,scarciti,scarcity
scare,scare,scare
scarecrow,scarecrow,scarecrow
scared,scare,scare
scarf,scarf,scarf
scarfs,scarf,scarfs
scarlet,scarlet,scarlet
scarr,scarr,scarr
scarre,scarr,scarre
scarus,scaru,scarus
scath,scath,scath
scathe,scath,scathe
scathful,scath,scathful
scatter,scatter,scatter
scauld,scauld,scauld
scelera,scelera,scelera
scelerisque,scelerisqu,scelerisque
scene,scene,scene
scent,scent,scent
scepter,scepter,scepter
sceptre,sceptr,sceptre
schedule,schedul,schedule
scholar,scholar,scholar
scholarly,scholarli,scholarly
school,school,school
schoolboy,schoolboy,schoolboy
schoolfellow,schoolfellow,schoolfellow
schooling,school,school
schoolmaster,schoolmast,schoolmaster
sciatica,sciatica,sciatica
science,scienc,science
sciences,scienc,science
scimitar,scimitar,scimitar
scion,scion,scion
scissor,scissor,scissor
scoff,scoff,scoff
scoffer,scoffer,scoffer
scold,scold,scold
scolding,scold,scold
sconce,sconc,sconce
scone,scone,scone
scope,scope,scope
scorch,scorch,scorch
score,score,score
scoring,score,score
scorn,scorn,scorn
scornful,scorn,scornful
scornfully,scorn,scornfully
scorpion,scorpion,scorpion
scot,scot,scot
scotch,scotch,scotch
scotland,scotland,scotland
scots,scot,scot
scottish,scottish,scottish
scoundrel,scoundrel,scoundrel
scour,scour,scour
scourge,scourg,scourge
scouring,scour,scour
scout,scout,scout
scouts,scout,scout
scowl,scowl,scowl
scramble,scrambl,scramble
scrap,scrap,scrap
scrape,scrape,scrape
scraps,scrap,scrap
scratch,scratch,scratch
scream,scream,scream
screech,screech,screech
screen,screen,screen
screw,screw,screw
scribble,scribbl,scribble
scribe,scribe,scribe
scrimer,scrimer,scrimer
scrip,scrip,scrip
scrippage,scrippag,scrippage
scripture,scriptur,scripture
scrivener,scriven,scrivener
scroll,scroll,scroll
scroop,scroop,scroop
scrowl,scrowl,scrowl
scroyle,scroyl,scroyle
scrub,scrub,scrub
scruple,scrupl,scruple
scrupulous,scrupul,scrupulous
scuffle,scuffl,scuffle
scull,scull,scull
scullion,scullion,scullion
scum,scum,scum
scurril,scurril,scurril
scurrility,scurril,scurrility
scurrilous,scurril,scurrilous
scurvy,scurvi,scurvy
scuse,scuse,scuse
scut,scut,scut
scutcheon,scutcheon,scutcheon
scylla,scylla,scylla
scythe,scyth,scythe
scythia,scythia,scythia
scythian,scythian,scythian
sdeath,sdeath,sdeath
sea,sea,sea
seacole,seacol,seacole
seafare,seafar,seafare
seal,seal,seal
seals,seal,seal
seam,seam,seam
seaman,seaman,seaman
seamy,seami,seamy
sear,sear,sear
search,search,search
searcher,searcher,searcher
searcheth,searcheth,searcheth
searching,search,search
seas,sea,sea
seashore,seashor,seashore
seaside,seasid,seaside
season,season,season
seat,seat,seat
seated,seat,seat
sebastian,sebastian,sebastian
second,second,second
secondarily,secondarili,secondarily
secondary,secondari,secondary
seconded,second,seconded
secrecy,secreci,secrecy
secret,secret,secret
secretary,secretari,secretary
secretly,secretli,secretly
secrets,secret,secret
sect,sect,sect
sectary,sectari,sectary
secundo,secundo,secundo
secure,secur,secure
securely,secur,securely
security,secur,security
sedge,sedg,sedge
sedgy,sedgi,sedgy
sedition,sedit,sedition
seditious,sediti,seditious
seduce,seduc,seduce
seduced,seduc,seduce
seducer,seduc,seducer
seducing,seduc,seducing
see,see,see
seed,seed,seed
seedness,seed,seedness
seedsman,seedsman,seedsman
seeing,see,see
seek,seek,seek
seeking,seek,seek
seeks,seek,seek
seel,seel,seel
seely,seeli,seely
seem,seem,seem
seemer,seemer,seemer
seemest,seemest,seem
seemeth,seemeth,seemeth
seeming,seem,seem
seemingly,seemingli,seemingly
seemly,seemli,seemly
seems,seem,seem
seen,seen,see
seer,seer,seer
seese,sees,seese
seest,seest,seest
seeth,seeth,seeth
seethe,seeth,seethe
segregation,segreg,segregation
seigeurie,seigeuri,seigeurie
seigneur,seigneur,seigneur
seize,seiz,seize
seizeth,seizeth,seizeth
seizing,seiz,seize
seizure,seizur,seizure
seld,seld,seld
seldom,seldom,seldom
select,select,select
seleucus,seleucu,seleucus
self,self,self
selfsame,selfsam,selfsame
sell,sell,sell
seller,seller,seller
semblable,semblabl,semblable
semblably,semblabl,semblably
semblance,semblanc,semblance
semblative,sembl,semblative
semi,semi,semi
semicircle,semicircl,semicircle
semiramis,semirami,semiramis
semproniu,semproniu,semproniu
sempronius,semproniu,semproniu
senate,senat,senate
senator,senat,senator
senators,senat,senator
send,send,send
sender,sender,sender
sendeth,sendeth,sendeth
seneca,seneca,seneca
seni,seni,seni
senior,senior,senior
seniory,seniori,seniory
senis,seni,senis
sennet,sennet,sennet
senoy,senoy,senoy
sense,sens,sense
senseles,sensel,sensele
senseless,senseless,senseless
sensible,sensibl,sensible
sensibly,sensibl,sensibly
sensual,sensual,sensual
sensuality,sensual,sensuality
sent,sent,send
sentence,sentenc,sentence
sentences,sentenc,sentence
sententious,sententi,sententious
sentinel,sentinel,sentinel
separate,separ,separate
separated,separ,separate
separation,separ,separation
septentrion,septentrion,septentrion
sepulchre,sepulchr,sepulchre
sequel,sequel,sequel
sequence,sequenc,sequence
sequent,sequent,sequent
sequester,sequest,sequester
sequestration,sequestr,sequestration
sere,sere,sere
serenissima,serenissima,serenissima
serge,serg,serge
sergeant,sergeant,sergeant
serious,seriou,serious
seriously,serious,seriously
sermon,sermon,sermon
serpent,serpent,serpent
serpentine,serpentin,serpentine
serpigo,serpigo,serpigo
serv,serv,serv
servant,servant,servant
servante,servant,servante
servants,servant,servant
serve,serv,serve
served,serv,serve
server,server,server
serveth,serveth,serveth
service,servic,service
serviceable,servic,serviceable
services,servic,service
servile,servil,servile
servility,servil,servility
servilius,serviliu,servilius
servingman,servingman,servingman
serviteur,serviteur,serviteur
servitor,servitor,servitor
servitude,servitud,servitude
sessa,sessa,sessa
session,session,session
sesto,sesto,sesto
set,set,set
setebo,setebo,setebo
setter,setter,setter
setting,set,set
settl,settl,settl
settle,settl,settle
seven,seven,seven
sevenfold,sevenfold,sevenfold
seventeen,seventeen,seventeen
seventh,seventh,seventh
seventy,seventi,seventy
sever,sever,sever
several,sever,several
severally,sever,severally
severe,sever,severe
severely,sever,severely
severest,severest,severest
severity,sever,severity
severn,severn,severn
sew,sew,sew
sewer,sewer,sewer
sewing,sew,sew
sex,sex,sex
sexton,sexton,sexton
sextus,sextu,sextus
seymour,seymour,seymour
seyton,seyton,seyton
sfoot,sfoot,sfoot
sha,sha,sha
shackle,shackl,shackle
shackles,shackl,shackle
shade,shade,shade
shadow,shadow,shadow
shadows,shadow,shadow
shadowy,shadowi,shadowy
shady,shadi,shady
shafalus,shafalu,shafalus
shaft,shaft,shaft
shafts,shaft,shafts
shag,shag,shag
shak,shak,shak
shake,shake,shake
shaked,shake,shake
shakes,shake,shake
shaking,shake,shake
shal,shal,shal
shale,shale,shale
shall,shall,shall
shallenge,shalleng,shallenge
shallow,shallow,shallow
shalt,shalt,shalt
sham,sham,sham
shamble,shambl,shamble
shambles,shambl,shamble
shame,shame,shame
shamefast,shamefast,shamefast
shameful,shame,shameful
shamefully,shame,shamefully
shameless,shameless,shameless
shamest,shamest,shamest
shank,shank,shank
shape,shape,shape
shaped,shape,shape
shapeless,shapeless,shapeless
shapen,shapen,shapen
shapes,shape,shape
shard,shard,shard
sharde,shard,sharde
shards,shard,shard
share,share,share
sharer,sharer,sharer
shark,shark,shark
sharp,sharp,sharp
sharpen,sharpen,sharpen
sharpens,sharpen,sharpen
sharper,sharper,sharper
sharpest,sharpest,sharpest
sharply,sharpli,sharply
sharpness,sharp,sharpness
sharps,sharp,sharp
shatter,shatter,shatter
shave,shave,shave
shaven,shaven,shaven
shaw,shaw,shaw
she,she,she
sheaf,sheaf,sheaf
sheale,sheal,sheale
shear,shear,shear
shearer,shearer,shearer
shearing,shear,shear
shearman,shearman,shearman
sheath,sheath,sheath
sheathe,sheath,sheathe
sheathed,sheath,sheathe
shed,shed,shed
sheen,sheen,sheen
sheep,sheep,sheep
sheepcote,sheepcot,sheepcote
sheepskin,sheepskin,sheepskin
sheer,sheer,sheer
sheet,sheet,sheet
sheffield,sheffield,sheffield
shekel,shekel,shekel
shelf,shelf,shelf
shell,shell,shell
shelter,shelter,shelter
shelve,shelv,shelve
shelves,shelv,shelf
shelvy,shelvi,shelvy
shent,shent,shent
shepherd,shepherd,shepherd
shepherdess,shepherdess,shepherdess
shepherdesse,shepherdess,shepherdesse
shepherds,shepherd,shepherd
sheriff,sheriff,sheriff
shew,shew,shew
sheweth,sheweth,sheweth
shews,shew,shew
shield,shield,shield
shift,shift,shift
shill,shill,shill
shilling,shill,shill
shin,shin,shin
shine,shine,shine
shines,shine,shine
shineth,shineth,shineth
shining,shine,shine
shiny,shini,shiny
ship,ship,ship
shipboard,shipboard,shipboard
shipman,shipman,shipman
shipmen,shipmen,shipman
shipp,shipp,shipp
shipping,ship,shipping
shipwreck,shipwreck,shipwreck
shipwright,shipwright,shipwright
shire,shire,shire
shirley,shirley,shirley
shirt,shirt,shirt
shive,shive,shive
shiver,shiver,shiver
shoal,shoal,shoal
shock,shock,shock
shod,shod,shod
shoe,shoe,shoe
shoemaker,shoemak,shoemaker
shog,shog,shog
shone,shone,shine
shoon,shoon,shoon
shoot,shoot,shoot
shooter,shooter,shooter
shooting,shoot,shoot
shooty,shooti,shooty
shop,shop,shop
shore,shore,shore
shorn,shorn,shorn
short,short,short
shortcake,shortcak,shortcake
shorten,shorten,shorten
shortening,shorten,shortening
shorter,shorter,short
shortly,shortli,shortly
shortness,short,shortness
shot,shot,shoot
shotten,shotten,shotten
shoughs,shough,shough
shoulder,shoulder,shoulder
shouldest,shouldest,shouldest
shouldst,shouldst,shouldst
shout,shout,shout
shove,shove,shove
shovel,shovel,shovel
show,show,show
shower,shower,shower
showing,show,show
shown,shown,show
shred,shred,shre
shrew,shrew,shrew
shrewd,shrewd,shrewd
shrewdly,shrewdli,shrewdly
shrewdness,shrewd,shrewdness
shrewish,shrewish,shrewish
shrewishly,shrewishli,shrewishly
shrewishness,shrewish,shrewishness
shrewsbury,shrewsburi,shrewsbury
shriek,shriek,shriek
shrieking,shriek,shriek
shrieve,shriev,shrieve
shrift,shrift,shrift
shrill,shrill,shrill
shrilly,shrilli,shrilly
shrimp,shrimp,shrimp
shrine,shrine,shrine
shrink,shrink,shrink
shrive,shrive,shrive
shrivell,shrivel,shrivell
shriver,shriver,shriver
shriving,shrive,shrive
shroud,shroud,shroud
shrove,shrove,shrove
shrow,shrow,shrow
shrowd,shrowd,shrowd
shrub,shrub,shrub
shrug,shrug,shrug
shrunk,shrunk,shrunk
shudder,shudder,shudder
shuffle,shuffl,shuffle
shuffling,shuffl,shuffle
shun,shun,shun
shunless,shunless,shunless
shunn,shunn,shunn
shuns,shun,shun
shut,shut,shut
shuttle,shuttl,shuttle
shy,shi,shy
shylock,shylock,shylock
sibyl,sibyl,sibyl
sibylla,sibylla,sibylla
sibyls,sibyl,sibyls
sic,sic,sic
sicil,sicil,sicil
sicilia,sicilia,sicilia
sicilian,sicilian,sicilian
sicilius,siciliu,sicilius
sicily,sicili,sicily
sicinius,siciniu,sicinius
sick,sick,sick
sicken,sicken,sicken
sicker,sicker,sicker
sickleman,sickleman,sickleman
sicklied,sickli,sicklie
sickliness,sickli,sickliness
sickly,sickli,sickly
sickness,sick,sickness
sicyon,sicyon,sicyon
side,side,side
sides,side,side
sie,sie,sie
siege,sieg,siege
sieve,siev,sieve
sift,sift,sift
sigeia,sigeia,sigeia
sigh,sigh,sigh
sighing,sigh,sigh
sighs,sigh,sigh
sight,sight,sight
sighted,sight,sight
sightless,sightless,sightless
sightly,sightli,sightly
sights,sight,sight
sign,sign,sign
signal,signal,signal
signet,signet,signet
signieur,signieur,signieur
significant,signific,significant
signify,signifi,signify
signior,signior,signior
signiory,signiori,signiory
signor,signor,signor
signory,signori,signory
signum,signum,signum
silence,silenc,silence
silent,silent,silent
silently,silent,silently
silius,siliu,silius
silk,silk,silk
silken,silken,silken
silliest,silliest,silly
silliness,silli,silliness
silling,sill,sille
silly,silli,silly
silver,silver,silver
silverly,silverli,silverly
silvia,silvia,silvia
silvius,silviu,silvius
simile,simil,simile
simois,simoi,simois
simon,simon,simon
simonide,simonid,simonide
simony,simoni,simony
simpcox,simpcox,simpcox
simper,simper,simper
simpering,simper,simper
simple,simpl,simple
simpleness,simpl,simpleness
simplicity,simplic,simplicity
simply,simpli,simply
simular,simular,simular
simulation,simul,simulation
sin,sin,sin
since,sinc,since
sincere,sincer,sincere
sincerely,sincer,sincerely
sincerity,sincer,sincerity
sinel,sinel,sinel
sinew,sinew,sinew
sinewe,sinew,sinewe
sinews,sinew,sinew
sinewy,sinewi,sinewy
sinful,sin,sinful
sinfully,sin,sinfully
sing,sing,sing
singe,sing,singe
singeing,sing,singe
singer,singer,singer
singest,singest,sing
singeth,singeth,singeth
singing,sing,singe
single,singl,single
singleness,singl,singleness
singly,singli,singly
sings,sing,sing
singular,singular,singular
singulariter,singularit,singulariter
singularity,singular,singularity
sinister,sinist,sinister
sink,sink,sink
sinking,sink,sink
sinks,sink,sink
sinn,sinn,sinn
sinner,sinner,sinner
sinon,sinon,sinon
sins,sin,sin
sip,sip,sip
sir,sir,sir
sire,sire,sire
siren,siren,siren
sirrah,sirrah,sirrah
sister,sister,sister
sisterhood,sisterhood,sisterhood
sisterly,sisterli,sisterly
sit,sit,sit
sith,sith,sith
sithence,sithenc,sithence
sits,sit,sit
sitting,sit,sit
situate,situat,situate
situation,situat,situation
siward,siward,siward
six,six,six
sixpence,sixpenc,sixpence
sixpenny,sixpenni,sixpenny
sixscore,sixscor,sixscore
sixteen,sixteen,sixteen
sixth,sixth,sixth
sixty,sixti,sixty
size,size,size
sized,size,size
skain,skain,skain
skamble,skambl,skamble
skein,skein,skein
skilful,skil,skilful
skilfully,skil,skilfully
skill,skill,skill
skilless,skilless,skilless
skillet,skillet,skillet
skim,skim,skim
skimble,skimbl,skimble
skin,skin,skin
skinker,skinker,skinker
skinny,skinni,skinny
skins,skin,skin
skip,skip,skip
skipp,skipp,skipp
skipper,skipper,skipper
skirmish,skirmish,skirmish
skirr,skirr,skirr
skirt,skirt,skirt
skirts,skirt,skirt
skitless,skitless,skitless
skittish,skittish,skittish
skulk,skulk,skulk
skull,skull,skull
sky,sky,sky
skyey,skyey,skyey
skyish,skyish,skyish
slab,slab,slab
slack,slack,slack
slackly,slackli,slackly
slackness,slack,slackness
slain,slain,slain
slake,slake,slake
slander,slander,slander
slanderer,slander,slanderer
slanderous,slander,slanderous
slash,slash,slash
slaught,slaught,slaught
slaughter,slaughter,slaughter
slaughterer,slaughter,slaughterer
slaughterman,slaughterman,slaughterman
slaughterous,slaughter,slaughterous
slave,slave,slave
slaver,slaver,slaver
slavery,slaveri,slavery
slavish,slavish,slavish
slay,slay,slay
slayer,slayer,slayer
slayeth,slayeth,slayeth
sleave,sleav,sleave
sledde,sledd,sledde
sleek,sleek,sleek
sleekly,sleekli,sleekly
sleep,sleep,sleep
sleeper,sleeper,sleeper
sleepers,sleeper,sleeper
sleepest,sleepest,sleep
sleeping,sleep,sleep
sleepy,sleepi,sleepy
sleeve,sleev,sleeve
sleeveless,sleeveless,sleeveless
sleided,sleid,sleide
sleight,sleight,sleight
slender,slender,slender
slenderly,slenderli,slenderly
slept,slept,sleep
slew,slew,slew
slewest,slewest,slewest
slice,slice,slice
slide,slide,slide
slight,slight,slight
slightly,slightli,slightly
slightness,slight,slightness
slily,slili,slily
slime,slime,slime
slimy,slimi,slimy
sling,sling,sling
slink,slink,slink
slip,slip,slip
slipp,slipp,slipp
slipped,slip,slip
slipper,slipper,slipper
slippery,slipperi,slippery
slipt,slipt,slipt
slish,slish,slish
slit,slit,slit
sliver,sliver,sliver
slobbery,slobberi,slobbery
slomber,slomber,slomber
slop,slop,slop
slope,slope,slope
sloth,sloth,sloth
slothful,sloth,slothful
slough,slough,slough
slovenly,slovenli,slovenly
slovenry,slovenri,slovenry
slow,slow,slow
slowly,slowli,slowly
slowness,slow,slowness
slubber,slubber,slubber
slug,slug,slug
sluggard,sluggard,sluggard
sluggardize,sluggard,sluggardize
sluggish,sluggish,sluggish
sluice,sluic,sluice
slumber,slumber,slumber
slumbery,slumberi,slumbery
slunk,slunk,slunk
slut,slut,slut
sluttery,slutteri,sluttery
sluttish,sluttish,sluttish
sluttishness,sluttish,sluttishness
sly,sli,sly
smack,smack,smack
smacking,smack,smacking
small,small,small
smallness,small,smallness
smalus,smalu,smalus
smart,smart,smart
smartly,smartli,smartly
smatch,smatch,smatch
smatter,smatter,smatter
smear,smear,smear
smell,smell,smell
smil,smil,smil
smile,smile,smile
smiledst,smiledst,smiledst
smilet,smilet,smilet
smiling,smile,smile
smilingly,smilingli,smilingly
smirch,smirch,smirch
smit,smit,smit
smite,smite,smite
smith,smith,smith
smithfield,smithfield,smithfield
smock,smock,smock
smoke,smoke,smoke
smoking,smoke,smoke
smoky,smoki,smoky
smooth,smooth,smooth
smoothed,smooth,smooth
smoothing,smooth,smooth
smoothly,smoothli,smoothly
smoothness,smooth,smoothness
smote,smote,smote
smother,smother,smother
smothering,smother,smother
smug,smug,smug
smulkin,smulkin,smulkin
smutch,smutch,smutch
snaffle,snaffl,snaffle
snail,snail,snail
snake,snake,snake
snaky,snaki,snaky
snap,snap,snap
snapper,snapper,snapper
snare,snare,snare
snarl,snarl,snarl
snarleth,snarleth,snarleth
snatch,snatch,snatch
snatcher,snatcher,snatcher
sneak,sneak,sneak
sneape,sneap,sneape
sneck,sneck,sneck
snip,snip,snip
snipe,snipe,snipe
snipt,snipt,snipt
snore,snore,snore
snores,snore,snore
snort,snort,snort
snout,snout,snout
snow,snow,snow
snowball,snowbal,snowball
snowy,snowi,snowy
snuff,snuff,snuff
snuffed,snuf,snuff
snug,snug,snug
soak,soak,soak
soaking,soak,soak
soar,soar,soar
sob,sob,sob
sober,sober,sober
soberly,soberli,soberly
sobriety,sobrieti,sobriety
sociable,sociabl,sociable
society,societi,society
sock,sock,sock
socrates,socrat,socrate
sod,sod,sod
sodden,sodden,sodden
soe,soe,soe
soever,soever,soever
soft,soft,soft
soften,soften,soften
softly,softli,softly
softness,soft,softness
soho,soho,soho
soil,soil,soil
soilure,soilur,soilure
soit,soit,soit
sojourn,sojourn,sojourn
sojourner,sojourn,sojourner
sol,sol,sol
sola,sola,sola
solace,solac,solace
sold,sold,sell
soldat,soldat,soldat
solder,solder,solder
soldest,soldest,soldest
soldier,soldier,soldier
soldiers,soldier,soldier
soldiership,soldiership,soldiership
sole,sole,sole
solely,sole,solely
solemn,solemn,solemn
solemness,solem,solemness
solemnity,solemn,solemnity
solemnize,solemn,solemnize
solemnly,solemnli,solemnly
solicit,solicit,solicit
solicitation,solicit,solicitation
soliciting,solicit,solicit
solicitor,solicitor,solicitor
solid,solid,solid
solidares,solidar,solidare
solidity,solid,solidity
solinus,solinu,solinus
solitary,solitari,solitary
solomon,solomon,solomon
solon,solon,solon
solum,solum,solum
solus,solu,solus
solyman,solyman,solyman
somebody,somebodi,somebody
somerset,somerset,somerset
somerville,somervil,somerville
something,someth,something
sometime,sometim,sometime
sometimes,sometim,sometimes
somewhat,somewhat,somewhat
somewhere,somewher,somewhere
somewhither,somewhith,somewhither
somme,somm,somme
son,son,son
sonance,sonanc,sonance
song,song,song
songs,song,song
sonnet,sonnet,sonnet
sons,son,son
sont,sont,sont
sontie,sonti,sontie
soon,soon,soon
sooth,sooth,sooth
soothe,sooth,soothe
soothers,soother,soothers
soothsay,soothsay,soothsay
soothsayer,soothsay,soothsayer
sooty,sooti,sooty
sop,sop,sop
sophister,sophist,sophister
sophisticated,sophist,sophisticated
sophy,sophi,sophy
sops,sop,sop
sorcerer,sorcer,sorcerer
sorceress,sorceress,sorceress
sorcery,sorceri,sorcery
sore,sore,sore
sorel,sorel,sorel
sorely,sore,sorely
sorer,sorer,sorer
sorriest,sorriest,sorriest
sorrow,sorrow,sorrow
sorrowed,sorrow,sorrow
sorrowful,sorrow,sorrowful
sorry,sorri,sorry
sort,sort,sort
sossius,sossiu,sossius
sot,sot,sot
soto,soto,soto
sought,sought,seek
soul,soul,soul
sould,sould,sould
soulless,soulless,soulless
sound,sound,sound
sounder,sounder,sounder
soundless,soundless,soundless
soundly,soundli,soundly
soundness,sound,soundness
soundpost,soundpost,soundpost
sour,sour,sour
source,sourc,source
sourest,sourest,sour
sourly,sourli,sourly
souse,sous,souse
south,south,south
southam,southam,southam
southampton,southampton,southampton
southerly,southerli,southerly
southern,southern,southern
southward,southward,southward
southwark,southwark,southwark
southwell,southwel,southwell
souviendrai,souviendrai,souviendrai
sovereign,sovereign,sovereign
sovereignly,sovereignli,sovereignly
sovereignty,sovereignti,sovereignty
sow,sow,sow
sowl,sowl,sowl
sowter,sowter,sowter
space,space,space
spacious,spaciou,spacious
spade,spade,spade
spain,spain,spain
spak,spak,spak
spake,spake,spake
spakest,spakest,spak
span,span,span
spangle,spangl,spangle
spangled,spangl,spangle
spaniard,spaniard,spaniard
spaniel,spaniel,spaniel
spanish,spanish,spanish
spann,spann,spann
spare,spare,spare
sparing,spare,spare
sparingly,sparingli,sparingly
spark,spark,spark
sparkle,sparkl,sparkle
sparrow,sparrow,sparrow
sparrows,sparrow,sparrow
sparta,sparta,sparta
spartan,spartan,spartan
spavin,spavin,spavin
spawn,spawn,spawn
spe,spe,spe
speak,speak,speak
speaker,speaker,speaker
speakest,speakest,speak
speaketh,speaketh,speaketh
speaking,speak,speak
spear,spear,spear
special,special,special
specially,special,specially
specialty,specialti,specialty
specify,specifi,specify
speciously,specious,speciously
spectacle,spectacl,spectacle
spectacles,spectacl,spectacle
spectanda,spectanda,spectanda
spectator,spectat,spectator
spectatorship,spectatorship,spectatorship
speculation,specul,speculation
speculative,specul,speculative
speech,speech,speech
speechless,speechless,speechless
speed,speed,speed
speediest,speediest,speediest
speedily,speedili,speedily
speediness,speedi,speediness
speedy,speedi,speedy
speken,speken,speken
spell,spell,spell
spelt,spelt,spelt
spend,spend,spend
spendest,spendest,spendest
spendthrift,spendthrift,spendthrift
sperm,sperm,sperm
sperr,sperr,sperr
sphere,sphere,sphere
sphered,sphere,sphere
spherical,spheric,spherical
sphery,spheri,sphery
sphinx,sphinx,sphinx
spice,spice,spice
spicery,spiceri,spicery
spider,spider,spider
spied,spi,spy
spieth,spieth,spieth
spigot,spigot,spigot
spill,spill,spill
spilt,spilt,spilt
spilth,spilth,spilth
spin,spin,spin
spinii,spinii,spinii
spinner,spinner,spinner
spinster,spinster,spinster
spire,spire,spire
spirit,spirit,spirit
spirited,spirit,spirit
spiritual,spiritu,spiritual
spiritualty,spiritualti,spiritualty
spirt,spirt,spirt
spit,spit,spit
spital,spital,spital
spite,spite,spite
spiteful,spite,spiteful
spitteth,spitteth,spitteth
spitting,spit,spit
splay,splay,splay
spleen,spleen,spleen
spleenful,spleen,spleenful
spleeny,spleeni,spleeny
splendor,splendor,splendor
splenitive,splenit,splenitive
splinter,splinter,splinter
split,split,split
splitte,splitt,splitte
splitting,split,split
spoil,spoil,spoil
spoiled,spoil,spoil
spoils,spoil,spoil
spok,spok,spok
spoke,spoke,speak
spoken,spoken,speak
spokesman,spokesman,spokesman
spokest,spokest,spokest
sponge,spong,sponge
spongy,spongi,spongy
spoon,spoon,spoon
sport,sport,sport
sportful,sport,sportful
sportive,sportiv,sportive
spot,spot,spot
spotless,spotless,spotless
spousal,spousal,spousal
spouse,spous,spouse
spout,spout,spout
sprag,sprag,sprag
sprang,sprang,sprang
sprat,sprat,sprat
sprawl,sprawl,sprawl
spray,spray,spray
spre,spre,spre
spread,spread,spread
sprig,sprig,sprig
sprighte,spright,sprighte
sprightful,spright,sprightful
sprightfully,spright,sprightfully
sprightly,sprightli,sprightly
spring,spring,spring
springe,spring,springe
springeth,springeth,springeth
springhalt,springhalt,springhalt
springs,spring,spring
sprinkle,sprinkl,sprinkle
sprite,sprite,sprite
spritely,sprite,spritely
sprites,sprite,sprite
spruce,spruce,spruce
sprung,sprung,sprung
spun,spun,spin
spur,spur,spur
spurio,spurio,spurio
spurn,spurn,spurn
spurr,spurr,spurr
spurrer,spurrer,spurrer
spy,spi,spy
squabble,squabbl,squabble
squadron,squadron,squadron
squander,squander,squander
square,squar,square
squarer,squarer,squarer
squares,squar,square
squarest,squarest,square
squash,squash,squash
squeak,squeak,squeak
squeal,squeal,squeal
squealing,squeal,squeal
squeeze,squeez,squeeze
squi,squi,squi
squier,squier,squier
squint,squint,squint
squiny,squini,squiny
squire,squir,squire
squirrel,squirrel,squirrel
stab,stab,stab
stabb,stabb,stabb
stabbing,stab,stab
stable,stabl,stable
stableness,stabl,stableness
stablish,stablish,stablish
stablishment,stablish,stablishment
stabs,stab,stab
stack,stack,stack
staff,staff,staff
stafford,stafford,stafford
stag,stag,stag
stage,stage,stage
stagger,stagger,stagger
staggering,stagger,staggering
staider,staider,staider
stain,stain,stain
staine,stain,staine
stainless,stainless,stainless
stains,stain,stains
stair,stair,stair
stairs,stair,stair
stake,stake,stake
stakes,stake,stake
stale,stale,stale
staleness,stale,staleness
stalk,stalk,stalk
stall,stall,stall
stammer,stammer,stammer
stamp,stamp,stamp
stanch,stanch,stanch
stanchless,stanchless,stanchless
stand,stand,stand
standard,standard,standard
stander,stander,stander
standest,standest,stand
standeth,standeth,standeth
standing,stand,stand
stands,stand,stand
staniel,staniel,staniel
stanley,stanley,stanley
stanze,stanz,stanze
stanzo,stanzo,stanzo
stanzos,stanzo,stanzos
staple,stapl,staple
star,star,star
stare,stare,stare
staring,stare,stare
stark,stark,stark
starkly,starkli,starkly
starle,starl,starle
starlight,starlight,starlight
starr,starr,starr
starry,starri,starry
stars,star,star
start,start,start
starting,start,start
startingly,startingli,startingly
startle,startl,startle
starve,starv,starve
starvele,starvel,starvele
starveling,starvel,starvele
starveth,starveth,starveth
state,state,state
statelier,stateli,stately
stately,state,stately
statesman,statesman,statesman
statilius,statiliu,statilius
station,station,station
statist,statist,statist
statua,statua,statua
statue,statu,statue
stature,statur,stature
statures,statur,stature
statute,statut,statute
stave,stave,stave
stay,stay,stay
staying,stay,stay
ste,ste,ste
stead,stead,stead
steade,stead,steade
steadfast,steadfast,steadfast
steadier,steadier,steady
steal,steal,steal
stealer,stealer,stealer
stealing,steal,steal
stealth,stealth,stealth
stealthy,stealthi,stealthy
steed,steed,steed
steeds,steed,steed
steel,steel,steel
steely,steeli,steely
steep,steep,steep
steeple,steepl,steeple
steeples,steepl,steeple
steer,steer,steer
steerage,steerag,steerage
stelle,stell,stelle
stem,stem,stem
stench,stench,stench
step,step,step
stepdame,stepdam,stepdame
stephano,stephano,stephano
stephen,stephen,stephen
stepmother,stepmoth,stepmother
stepp,stepp,stepp
steppe,stepp,steppe
sterile,steril,sterile
sterility,steril,sterility
sterling,sterl,sterling
stern,stern,stern
sternage,sternag,sternage
sterner,sterner,sterner
sternest,sternest,stern
sternness,stern,sternness
steterat,steterat,steterat
stew,stew,stew
steward,steward,steward
stewardship,stewardship,stewardship
stick,stick,stick
stickest,stickest,stick
stickler,stickler,stickler
sticks,stick,stick
stiff,stiff,stiff
stiffen,stiffen,stiffen
stiffly,stiffli,stiffly
stifle,stifl,stifle
stifled,stifl,stifle
stigmatic,stigmat,stigmatic
stigmatical,stigmat,stigmatical
stile,stile,stile
still,still,still
stiller,stiller,stiller
stillness,still,stillness
stilly,stilli,stilly
sting,sting,sting
stinging,sting,sting
stingless,stingless,stingless
stings,sting,sting
stink,stink,stink
stinkingly,stinkingli,stinkingly
stint,stint,stint
stir,stir,stir
stirr,stirr,stirr
stirrer,stirrer,stirrer
stirreth,stirreth,stirreth
stirring,stir,stir
stirrup,stirrup,stirrup
stitch,stitch,stitch
stitchery,stitcheri,stitchery
stithie,stithi,stithie
stithy,stithi,stithy
stoccadoe,stoccado,stoccadoe
stoccata,stoccata,stoccata
stock,stock,stock
stocking,stock,stocking
stockish,stockish,stockish
stog,stog,stog
stoic,stoic,stoic
stokesly,stokesli,stokesly
stol,stol,stol
stole,stole,stole
stolest,stolest,stol
stomach,stomach,stomach
stomacher,stomach,stomacher
stomaching,stomach,stomach
stomachs,stomach,stomach
stone,stone,stone
stones,stone,stone
stony,stoni,stony
stood,stood,stand
stool,stool,stool
stoop,stoop,stoop
stop,stop,stop
stopp,stopp,stopp
stops,stop,stop
stopt,stopt,stopt
store,store,store
storehouse,storehous,storehouse
storm,storm,storm
stormy,stormi,stormy
story,stori,story
stoup,stoup,stoup
stout,stout,stout
stouter,stouter,stouter
stoutly,stoutli,stoutly
stoutness,stout,stoutness
stover,stover,stover
stow,stow,stow
stowage,stowag,stowage
strachy,strachi,strachy
straggle,straggl,straggle
straggler,straggler,straggler
straight,straight,straight
straightway,straightway,straightway
strain,strain,strain
strait,strait,strait
straite,strait,straite
straiter,straiter,straiter
straitly,straitli,straitly
straitness,strait,straitness
strand,strand,strand
strange,strang,strange
strangely,strang,strangely
strangeness,strang,strangeness
stranger,stranger,strange
strangers,stranger,stranger
strangle,strangl,strangle
strangler,strangler,strangler
strap,strap,strap
strappado,strappado,strappado
stratagem,stratagem,stratagem
stratagems,stratagem,stratagem
stratford,stratford,stratford
strato,strato,strato
straw,straw,straw
strawberry,strawberri,strawberry
strawy,strawi,strawy
stray,stray,stray
strays,stray,stray
streak,streak,streak
stream,stream,stream
streamer,streamer,streamer
streaming,stream,stream
street,street,street
streets,street,street
strength,strength,strength
strengthen,strengthen,strengthen
strengthless,strengthless,strengthless
stretch,stretch,stretch
strew,strew,strew
strewing,strew,strew
strewment,strewment,strewment
stricken,stricken,stricken
strict,strict,strict
strictly,strictli,strictly
stricture,strictur,stricture
stride,stride,stride
strides,stride,stride
strife,strife,strife
strike,strike,strike
striker,striker,striker
strikest,strikest,strikest
striketh,striketh,striketh
striking,strike,strike
string,string,string
stringless,stringless,stringless
strip,strip,strip
stripe,stripe,stripe
stripling,stripl,striple
stripp,stripp,stripp
striv,striv,striv
strive,strive,strive
stroke,stroke,stroke
strokedst,strokedst,strokedst
strong,strong,strong
strongly,strongli,strongly
strosser,strosser,strosser
strove,strove,strove
strown,strown,strow
stroy,stroy,stroy
struck,struck,strike
strucken,strucken,strucken
struggle,struggl,struggle
strumpet,strumpet,strumpet
strumpete,strumpet,strumpete
strung,strung,string
strut,strut,strut
stubble,stubbl,stubble
stubborn,stubborn,stubborn
stubbornly,stubbornli,stubbornly
stubbornness,stubborn,stubbornness
stuck,stuck,stick
stud,stud,stud
student,student,student
studies,studi,study
studious,studiou,studious
studiously,studious,studiously
study,studi,study
stuff,stuff,stuff
stumbl,stumbl,stumbl
stumble,stumbl,stumble
stumbling,stumbl,stumble
stump,stump,stump
stung,stung,stung
stunk,stunk,stunk
stupefy,stupefi,stupefy
stupid,stupid,stupid
stuprum,stuprum,stuprum
sturdy,sturdi,sturdy
sty,sti,sty
styga,styga,styga
stygian,stygian,stygian
style,style,style
styx,styx,styx
sub,sub,sub
subdue,subdu,subdue
subdued,subdu,subdue
subduement,subduement,subduement
subject,subject,subject
subjection,subject,subjection
submerged,submerg,submerge
submission,submiss,submission
submissive,submiss,submissive
submit,submit,submit
suborn,suborn,suborn
subornation,suborn,subornation
subscribe,subscrib,subscribe
subscribed,subscrib,subscribe
subscription,subscript,subscription
subsequent,subsequ,subsequent
subsidy,subsidi,subsidy
subsist,subsist,subsist
substance,substanc,substance
substantial,substanti,substantial
substitute,substitut,substitute
substitutes,substitut,substitute
substitution,substitut,substitution
subtiltie,subtilti,subtiltie
subtle,subtl,subtle
subtlety,subtleti,subtlety
subtly,subtli,subtly
subtractor,subtractor,subtractor
suburb,suburb,suburb
suburbs,suburb,suburb
subversion,subvers,subversion
subvert,subvert,subvert
succedant,succed,succedant
succeed,succeed,succeed
succeeder,succeed,succeeder
success,success,success
successantly,successantli,successantly
successful,success,successful
successfully,success,successfully
succession,success,succession
successive,success,successive
successively,success,successively
successor,successor,successor
succor,succor,succor
suck,suck,suck
sucker,sucker,sucker
sucking,suck,suck
suckle,suckl,suckle
sucks,suck,suck
sudden,sudden,sudden
suddenly,suddenli,suddenly
sue,sue,sue
suerly,suerli,suerly
sueth,sueth,sueth
suffer,suffer,suffer
sufferance,suffer,sufferance
sufferd,sufferd,sufferd
suffering,suffer,suffer
suffice,suffic,suffice
sufficeth,sufficeth,sufficeth
sufficiency,suffici,sufficiency
sufficient,suffici,sufficient
sufficiently,suffici,sufficiently
sufficit,sufficit,sufficit
suffigance,suffig,suffigance
suffocate,suffoc,suffocate
suffocating,suffoc,suffocate
suffocation,suffoc,suffocation
suffolk,suffolk,suffolk
suffrage,suffrag,suffrage
sugar,sugar,sugar
sugarsop,sugarsop,sugarsop
suggest,suggest,suggest
suggestion,suggest,suggestion
suis,sui,suis
suit,suit,suit
suitable,suitabl,suitable
suited,suit,suit
suitor,suitor,suitor
suitors,suitor,suitor
suivez,suivez,suivez
sullen,sullen,sullen
sully,sulli,sully
sulphur,sulphur,sulphur
sulphurous,sulphur,sulphurous
sultan,sultan,sultan
sultry,sultri,sultry
sum,sum,sum
summa,summa,summa
summary,summari,summary
summer,summer,summer
summit,summit,summit
summon,summon,summon
summoner,summon,summoner
sumpter,sumpter,sumpter
sumptuous,sumptuou,sumptuous
sumptuously,sumptuous,sumptuously
sums,sum,sum
sun,sun,sun
sunbeam,sunbeam,sunbeam
sunburnt,sunburnt,sunburnt
sunday,sunday,sunday
sunder,sunder,sunder
sundry,sundri,sundry
sung,sung,sung
sunk,sunk,sink
sunless,sunless,sunless
sunny,sunni,sunny
sunrise,sunris,sunrise
sunset,sunset,sunset
sunshine,sunshin,sunshine
sup,sup,sup
super,super,super
superficial,superfici,superficial
superficially,superfici,superficially
superfluity,superflu,superfluity
superfluous,superflu,superfluous
superfluously,superflu,superfluously
superflux,superflux,superflux
superior,superior,superior
supernal,supern,supernal
supernatural,supernatur,supernatural
superpraise,superprais,superpraise
superscript,superscript,superscript
superscription,superscript,superscription
superstition,superstit,superstition
superstitious,superstiti,superstitious
superstitiously,superstiti,superstitiously
supersubtle,supersubtl,supersubtle
supervise,supervis,supervise
supervisor,supervisor,supervisor
supp,supp,supp
supper,supper,supper
suppertime,suppertim,suppertime
supplant,supplant,supplant
supple,suppl,supple
suppler,suppler,suppler
suppliance,supplianc,suppliance
suppliant,suppliant,suppliant
supplication,supplic,supplication
supplie,suppli,supplie
suppliest,suppliest,suppli
supply,suppli,supply
supplyant,supplyant,supplyant
supplyment,supplyment,supplyment
support,support,support
supportable,support,supportable
supportance,support,supportance
supporter,support,supporter
supposal,suppos,supposal
suppose,suppos,suppose
supposest,supposest,supposest
supposing,suppos,suppose
supposition,supposit,supposition
suppress,suppress,suppress
suppresseth,suppresseth,suppresseth
supremacy,supremaci,supremacy
supreme,suprem,supreme
sups,sup,sup
sur,sur,sur
surance,suranc,surance
surcease,surceas,surcease
sure,sure,sure
surely,sure,surely
surer,surer,surer
surest,surest,sure
surety,sureti,surety
surfeit,surfeit,surfeit
surfeiter,surfeit,surfeiter
surfeiting,surfeit,surfeit
surge,surg,surge
surgeon,surgeon,surgeon
surgere,surger,surgere
surgery,surgeri,surgery
surges,surg,surge
surly,surli,surly
surmise,surmis,surmise
surmount,surmount,surmount
surname,surnam,surname
surpass,surpass,surpass
surpasseth,surpasseth,surpasseth
surplice,surplic,surplice
surplus,surplu,surplus
surprise,surpris,surprise
surprised,surpris,surprised
surrender,surrend,surrender
surrey,surrey,surrey
survey,survey,survey
surveying,survey,survey
surveyor,surveyor,surveyor
survive,surviv,survive
survivor,survivor,survivor
susan,susan,susan
suspect,suspect,suspect
suspend,suspend,suspend
suspicion,suspicion,suspicion
suspicious,suspici,suspicious
suspiration,suspir,suspiration
suspire,suspir,suspire
sustain,sustain,sustain
sustenance,susten,sustenance
sutler,sutler,sutler
sutton,sutton,sutton
suum,suum,suum
swabber,swabber,swabber
swaddle,swaddl,swaddle
swag,swag,swag
swagger,swagger,swagger
swaggerer,swagger,swaggerer
swaggering,swagger,swagger
swain,swain,swain
swallow,swallow,swallow
swallowing,swallow,swallow
swam,swam,swam
swan,swan,swan
sward,sward,sward
sware,sware,sware
swarm,swarm,swarm
swart,swart,swart
swarth,swarth,swarth
swarthy,swarthi,swarthy
swash,swash,swash
swasher,swasher,swasher
swashing,swash,swashing
swath,swath,swath
swathe,swath,swathe
swathle,swathl,swathle
sway,sway,sway
swear,swear,swear
swearer,swearer,swearer
swearing,swear,swear
swears,swear,swear
sweat,sweat,sweat
sweaten,sweaten,sweaten
sweating,sweat,sweat
sweaty,sweati,sweaty
sweep,sweep,sweep
sweeper,sweeper,sweeper
sweet,sweet,sweet
sweete,sweet,sweete
sweeten,sweeten,sweeten
sweeter,sweeter,sweeter
sweetest,sweetest,sweetest
sweetheart,sweetheart,sweetheart
sweeting,sweet,sweete
sweetly,sweetli,sweetly
sweetmeat,sweetmeat,sweetmeat
sweetness,sweet,sweetness
swell,swell,swell
swelling,swell,swell
swells,swell,swell
swelter,swelter,swelter
sweno,sweno,sweno
swerve,swerv,swerve
swerver,swerver,swerver
swift,swift,swift
swifter,swifter,swifter
swiftly,swiftli,swiftly
swiftness,swift,swiftness
swill,swill,swill
swim,swim,swim
swimmer,swimmer,swimmer
swimming,swim,swim
swine,swine,swine
swing,swing,swing
swinge,swing,swinge
swinish,swinish,swinish
swinstead,swinstead,swinstead
swirl,swirl,swirl
switch,switch,switch
switzer,switzer,switzer
swollen,swollen,swollen
swoln,swoln,swoln
swoon,swoon,swoon
swoop,swoop,swoop
swoopstake,swoopstak,swoopstake
swor,swor,swor
sword,sword,sword
sworder,sworder,sworder
swore,swore,swore
sworn,sworn,swear
swound,swound,swound
swounde,swound,swounde
swounded,swound,swounde
swum,swum,swum
swung,swung,swung
sycamore,sycamor,sycamore
sycorax,sycorax,sycorax
syenna,syenna,syenna
sylla,sylla,sylla
syllable,syllabl,syllable
syllogism,syllog,syllogism
symbol,symbol,symbol
sympathize,sympath,sympathize
sympathy,sympathi,sympathy
synagogue,synagogu,synagogue
synod,synod,synod
syracusa,syracusa,syracusa
syracuse,syracus,syracuse
syracusian,syracusian,syracusian
syria,syria,syria
syrup,syrup,syrup
taber,taber,taber
table,tabl,table
tablet,tablet,tablet
tabour,tabour,tabour
tabourer,tabour,tabourer
tabourine,tabourin,tabourine
taciturnity,taciturn,taciturnity
tack,tack,tack
tackle,tackl,tackle
tackled,tackl,tackle
tackling,tackl,tackle
tadpole,tadpol,tadpole
taffeta,taffeta,taffeta
tag,tag,tag
tail,tail,tail
tailor,tailor,tailor
taint,taint,taint
tainted,taint,taint
tainting,taint,taint
tainture,taintur,tainture
tak,tak,tak
take,take,take
taker,taker,taker
takes,take,take
takest,takest,takest
taketh,taketh,taketh
taking,take,take
talbot,talbot,talbot
talbotite,talbotit,talbotite
talbots,talbot,talbot
tale,tale,tale
talent,talent,talent
talk,talk,talk
talker,talker,talker
talks,talk,talk
tall,tall,tall
taller,taller,tall
tallow,tallow,tallow
tally,talli,tally
talon,talon,talon
tam,tam,tam
tame,tame,tame
tamely,tame,tamely
tameness,tame,tameness
taming,tame,taming
tamora,tamora,tamora
tamworth,tamworth,tamworth
tan,tan,tan
tang,tang,tang
tangle,tangl,tangle
tank,tank,tank
tanner,tanner,tanner
tanquam,tanquam,tanquam
tanta,tanta,tanta
tantaene,tantaen,tantaene
tap,tap,tap
tape,tape,tape
taper,taper,taper
tapestry,tapestri,tapestry
tapesty,tapesti,tapesty
tapp,tapp,tapp
tapster,tapster,tapster
tar,tar,tar
tardie,tardi,tardie
tardiness,tardi,tardiness
tardy,tardi,tardy
tarentum,tarentum,tarentum
targe,targ,targe
target,target,target
tarpeian,tarpeian,tarpeian
tarquin,tarquin,tarquin
tarre,tarr,tarre
tarriance,tarrianc,tarriance
tarrie,tarri,tarrie
tarry,tarri,tarry
tarrying,tarri,tarrying
tarsus,tarsu,tarsus
tart,tart,tart
tartar,tartar,tartar
tartars,tartar,tartar
tartly,tartli,tartly
tartness,tart,tartness
task,task,task
tasker,tasker,tasker
tasking,task,task
tassel,tassel,tassel
taste,tast,taste
tatter,tatter,tatter
tattere,tatter,tattere
tattered,tatter,tattere
tattle,tattl,tattle
tattling,tattl,tattle
taught,taught,teach
taunt,taunt,taunt
tauntingly,tauntingli,tauntingly
tauru,tauru,tauru
taurus,tauru,taurus
tavern,tavern,tavern
taverns,tavern,tavern
tavy,tavi,tavy
tawdry,tawdri,tawdry
tawny,tawni,tawny
tax,tax,tax
taxation,taxat,taxation
taxis,taxi,taxi
teach,teach,teach
teacher,teacher,teacher
teacheth,teacheth,teacheth
teaching,teach,teach
team,team,team
tear,tear,tear
tearful,tear,tearful
tears,tear,tear
tearsheet,tearsheet,tearsheet
teat,teat,teat
tedious,tediou,tedious
tediously,tedious,tediously
tediousness,tedious,tediousness
teem,teem,teem
teemed,teem,teem
teen,teen,teen
teeth,teeth,tooth
teipsum,teipsum,teipsum
telamon,telamon,telamon
telamonius,telamoniu,telamonius
tell,tell,tell
teller,teller,teller
telling,tell,tell
tellus,tellu,tellus
temp,temp,temp
temper,temper,temper
temperance,temper,temperance
temperate,temper,temperate
temperately,temper,temperately
tempers,temper,temper
tempest,tempest,temp
tempestuous,tempestu,tempestuous
temple,templ,temple
temporal,tempor,temporal
temporary,temporari,temporary
temporize,tempor,temporize
temporizer,tempor,temporizer
tempt,tempt,tempt
temptation,temptat,temptation
tempted,tempt,tempt
tempter,tempter,tempter
tempting,tempt,tempt
ten,ten,ten
tenable,tenabl,tenable
tenant,tenant,tenant
tenantius,tenantiu,tenantius
tenantless,tenantless,tenantless
tench,tench,tench
tend,tend,tend
tendance,tendanc,tendance
tendence,tendenc,tendence
tender,tender,tender
tenderly,tenderli,tenderly
tenderness,tender,tenderness
tending,tend,tend
tenedo,tenedo,tenedo
tenement,tenement,tenement
tenfold,tenfold,tenfold
tennis,tenni,tennis
tenor,tenor,tenor
tent,tent,tent
tenth,tenth,tenth
tents,tent,tent
tenure,tenur,tenure
tercel,tercel,tercel
tereus,tereu,tereus
term,term,term
termagant,termag,termagant
termination,termin,termination
terra,terra,terra
terrace,terrac,terrace
terram,terram,terram
terre,terr,terre
terrene,terren,terrene
terrestrial,terrestri,terrestrial
terrible,terribl,terrible
terribly,terribl,terribly
territory,territori,territory
terror,terror,terror
terrors,terror,terror
tertian,tertian,tertian
tertio,tertio,tertio
test,test,test
testament,testament,testament
tester,tester,tester
testerned,testern,testerne
testify,testifi,testify
testimonie,testimoni,testimonie
testimony,testimoni,testimony
testiness,testi,testiness
testril,testril,testril
testy,testi,testy
tetchy,tetchi,tetchy
tether,tether,tether
tetter,tetter,tetter
tevil,tevil,tevil
tewksbury,tewksburi,tewksbury
text,text,text
thaisa,thaisa,thaisa
thaliard,thaliard,thaliard
thame,thame,thame
thames,thame,thame
thane,thane,thane
thank,thank,thank
thankful,thank,thankful
thankfully,thank,thankfully
thankfulness,thank,thankfulness
thanking,thank,thank
thankless,thankless,thankless
thanks,thank,thank
thanksgive,thanksgiv,thanksgive
thanksgiving,thanksgiv,thanksgive
tharborough,tharborough,tharborough
thaso,thaso,thaso
thatch,thatch,thatch
thatched,thatch,thatch
thaw,thaw,thaw
the,the,the
theatre,theatr,theatre
theban,theban,theban
thebe,thebe,thebe
thee,thee,thee
theft,theft,theft
theise,theis,theise
theme,theme,theme
thence,thenc,thence
theoric,theoric,theoric
thereabout,thereabout,thereabout
thereat,thereat,thereat
thereby,therebi,thereby
therefore,therefor,therefore
therein,therein,therein
thereof,thereof,thereof
thereon,thereon,thereon
theretake,theretak,theretake
thereto,thereto,thereto
thereunto,thereunto,thereunto
thereupon,thereupon,thereupon
therewith,therewith,therewith
therewithal,therewith,therewithal
thersite,thersit,thersite
theseus,theseu,theseus
thessalian,thessalian,thessalian
thessaly,thessali,thessaly
thetis,theti,thetis
thews,thew,thews
thick,thick,thick
thicken,thicken,thicken
thickens,thicken,thicken
thickest,thickest,thick
thicket,thicket,thicket
thicklip,thicklip,thicklip
thief,thief,thief
thieve,thiev,thieve
thievery,thieveri,thievery
thievish,thievish,thievish
thigh,thigh,thigh
thimble,thimbl,thimble
thin,thin,thin
thine,thine,thine
thing,thing,thing
things,thing,thing
think,think,think
thinking,think,think
thinkings,think,thinking
thinly,thinli,thinly
third,third,third
thirdly,thirdli,thirdly
thirst,thirst,thirst
thirsty,thirsti,thirsty
thirteen,thirteen,thirteen
thirtieth,thirtieth,thirtieth
thirty,thirti,thirty
thisbe,thisb,thisbe
thisby,thisbi,thisby
thisne,thisn,thisne
thistle,thistl,thistle
thither,thither,thither
thitherward,thitherward,thitherward
thoas,thoa,thoas
thomas,thoma,thomas
thorn,thorn,thorn
thornier,thornier,thorny
thorny,thorni,thorny
thorough,thorough,thorough
thoroughfare,thoroughfar,thoroughfare
thoroughly,thoroughli,thoroughly
thou,thou,thou
though,though,though
thought,thought,think
thoughten,thoughten,thoughten
thousand,thousand,thousand
thousandth,thousandth,thousandth
thracian,thracian,thracian
thraldom,thraldom,thraldom
thrall,thrall,thrall
thrash,thrash,thrash
thrasonical,thrason,thrasonical
thread,thread,thread
threadbare,threadbar,threadbare
threaden,threaden,threaden
threading,thread,thread
threat,threat,threat
threaten,threaten,threaten
threatened,threaten,threaten
threatener,threaten,threatener
threatening,threaten,threaten
threateningly,threateningli,threateningly
threatens,threaten,threaten
threatest,threatest,threatest
three,three,three
threefold,threefold,threefold
threescore,threescor,threescore
thresher,thresher,thresher
threshold,threshold,threshold
threw,threw,throw
thrice,thrice,thrice
thrift,thrift,thrift
thriftless,thriftless,thriftless
thrifty,thrifti,thrifty
thrill,thrill,thrill
thrive,thrive,thrive
thriving,thrive,thrive
throat,throat,throat
throats,throat,throat
throb,throb,throb
throca,throca,throca
throe,throe,throe
thromuldo,thromuldo,thromuldo
throne,throne,throne
throned,throne,throne
throng,throng,throng
throstle,throstl,throstle
throttle,throttl,throttle
throughly,throughli,throughly
throughout,throughout,throughout
throw,throw,throw
thrower,thrower,thrower
throwing,throw,throw
thrum,thrum,thrum
thrush,thrush,thrush
thrust,thrust,thrust
thrusteth,thrusteth,thrusteth
thrusts,thrust,thrust
thumb,thumb,thumb
thump,thump,thump
thunder,thunder,thunder
thunderbolt,thunderbolt,thunderbolt
thunderer,thunder,thunderer
thurio,thurio,thurio
thursday,thursday,thursday
thus,thu,thus
thwack,thwack,thwack
thwart,thwart,thwart
thwarting,thwart,thwart
thy,thi,thy
thyme,thyme,thyme
thyreus,thyreu,thyreus
thyself,thyself,thyself
tib,tib,tib
tiber,tiber,tiber
tiberio,tiberio,tiberio
tice,tice,tice
tick,tick,tick
tickle,tickl,tickle
tickled,tickl,tickle
tickling,tickl,tickle
ticklish,ticklish,ticklish
tiddle,tiddl,tiddle
tide,tide,tide
tiding,tide,tide
tie,tie,tie
tiger,tiger,tiger
tight,tight,tight
tightly,tightli,tightly
tike,tike,tike
til,til,til
tile,tile,tile
till,till,till
tillyvally,tillyv,tillyvally
tilt,tilt,tilt
tilter,tilter,tilter
tilth,tilth,tilth
tilting,tilt,tilt
tim,tim,tim
timandra,timandra,timandra
timber,timber,timber
timbere,timber,timbere
time,time,time
timeless,timeless,timeless
timely,time,timely
times,time,time
timon,timon,timon
timor,timor,timor
timorous,timor,timorous
timorously,timor,timorously
tin,tin,tin
tinct,tinct,tinct
tincture,tinctur,tincture
tinder,tinder,tinder
tinderbox,tinderbox,tinderbox
tinker,tinker,tinker
tinsel,tinsel,tinsel
tiny,tini,tiny
tip,tip,tip
tipple,tippl,tipple
tipsy,tipsi,tipsy
tiptoe,tipto,tiptoe
tir,tir,tir
tire,tire,tire
tired,tire,tired
tiring,tire,tire
tirra,tirra,tirra
tis,ti,tis
tish,tish,tish
tisick,tisick,tisick
tissue,tissu,tissue
titan,titan,titan
titania,titania,titania
tithe,tith,tithe
tithing,tith,tithe
titinius,titiniu,titinius
title,titl,title
titleless,titleless,titleless
titles,titl,title
tittle,tittl,tittle
titus,titu,titus
toad,toad,toad
toadstool,toadstool,toadstool
toast,toast,toast
toasting,toast,toast
toaze,toaz,toaze
toby,tobi,toby
tod,tod,tod
today,today,today
toddle,toddl,toddle
toe,toe,toe
tofore,tofor,tofore
tog,tog,tog
toge,toge,toge
together,togeth,together
toil,toil,toil
token,token,token
tokens,token,tokens
told,told,tell
toledo,toledo,toledo
tolerable,toler,tolerable
toll,toll,toll
tom,tom,tom
tomb,tomb,tomb
tombe,tomb,tombe
tombless,tombless,tombless
tomboy,tomboy,tomboy
tomorrow,tomorrow,tomorrow
tomyris,tomyri,tomyris
ton,ton,ton
tong,tong,tong
tongue,tongu,tongue
tongueless,tongueless,tongueless
tongues,tongu,tongue
tonight,tonight,tonight
took,took,take
tool,tool,tool
tooth,tooth,tooth
toothache,toothach,toothache
toothpick,toothpick,toothpick
top,top,top
topas,topa,topas
topful,top,topful
topless,topless,topless
topmast,topmast,topmast
topmost,topmost,topmost
topp,topp,topp
topple,toppl,topple
topsail,topsail,topsail
topsy,topsi,topsy
torch,torch,torch
torchbearer,torchbear,torchbearer
torcher,torcher,torcher
tore,tore,tore
torment,torment,torment
tormenting,torment,torment
tormentor,tormentor,tormentor
torments,torment,torment
torn,torn,tear
torrent,torrent,torrent
tortive,tortiv,tortive
tortoise,tortois,tortoise
torture,tortur,torture
torturer,tortur,torturer
torturest,torturest,torturest
toryne,toryn,toryne
toss,toss,toss
tosseth,tosseth,tosseth
tost,tost,tost
total,total,total
totally,total,totally
totter,totter,totter
tottering,totter,tottering
touch,touch,touch
touches,touch,touch
toucheth,toucheth,toucheth
touching,touch,touch
touchstone,touchston,touchstone
tough,tough,tough
toughness,tough,toughness
tour,tour,tour
touraine,tourain,touraine
tournament,tournament,tournament
tourney,tourney,tourney
tous,tou,tous
touse,tous,touse
tout,tout,tout
tow,tow,tow
toward,toward,toward
towardly,towardli,towardly
towards,toward,towards
tower,tower,tower
town,town,town
towns,town,town
township,township,township
townsman,townsman,townsman
townsmen,townsmen,townsman
towton,towton,towton
toy,toy,toy
toys,toy,toy
trace,trace,trace
track,track,track
tract,tract,tract
tractable,tractabl,tractable
trade,trade,trade
trader,trader,trader
trades,trade,trade
tradesman,tradesman,tradesman
trading,trade,trading
tradition,tradit,tradition
traditional,tradit,traditional
traduce,traduc,traduce
traducement,traduc,traducement
traffic,traffic,traffic
trafficker,traffick,trafficker
tragedian,tragedian,tragedian
tragedians,tragedian,tragedians
tragedy,tragedi,tragedy
tragic,tragic,tragic
tragical,tragic,tragical
trail,trail,trail
train,train,train
training,train,train
traitor,traitor,traitor
traitorly,traitorli,traitorly
traitorous,traitor,traitorous
traitorously,traitor,traitorously
traitors,traitor,traitor
traitress,traitress,traitress
trammel,trammel,trammel
trample,trampl,trample
trampled,trampl,trample
trance,tranc,trance
tranect,tranect,tranect
tranio,tranio,tranio
tranquil,tranquil,tranquil
tranquillity,tranquil,tranquillity
transcend,transcend,transcend
transcendence,transcend,transcendence
transfigure,transfigur,transfigure
transform,transform,transform
transformation,transform,transformation
transformed,transform,transform
transgress,transgress,transgress
transgresse,transgress,transgresse
transgressing,transgress,transgress
transgression,transgress,transgression
translate,translat,translate
translation,translat,translation
transmigrate,transmigr,transmigrate
transmutation,transmut,transmutation
transparent,transpar,transparent
transport,transport,transport
transportance,transport,transportance
transporting,transport,transport
transpose,transpos,transpose
transshape,transshap,transshape
transylvanian,transylvanian,transylvanian
trap,trap,trap
trapp,trapp,trapp
trapping,trap,trap
trash,trash,trash
travail,travail,travail
travel,travel,travel
travell,travel,travell
traveller,travel,traveller
travellest,travellest,travellest
traverse,travers,traverse
tray,tray,tray
traytrip,traytrip,traytrip
tre,tre,tre
treacher,treacher,treacher
treacherous,treacher,treacherous
treacherously,treacher,treacherously
treachery,treacheri,treachery
tread,tread,tread
treading,tread,treading
treason,treason,treason
treasonable,treason,treasonable
treasonous,treason,treasonous
treasons,treason,treason
treasure,treasur,treasure
treasurer,treasur,treasurer
treasury,treasuri,treasury
treat,treat,treat
treatise,treatis,treatise
treaty,treati,treaty
treble,trebl,treble
trebonius,treboniu,trebonius
tree,tree,tree
trees,tree,tree
tremble,trembl,tremble
tremblest,tremblest,tremblest
trembling,trembl,tremble
tremblingly,tremblingli,tremblingly
tremor,tremor,tremor
tremple,trempl,tremple
trench,trench,trench
trenchant,trenchant,trenchant
trenched,trench,trench
trencher,trencher,trencher
trencherman,trencherman,trencherman
trent,trent,trent
trescher,trescher,trescher
trespass,trespass,trespass
tress,tress,tress
tressel,tressel,tressel
trey,trey,trey
trial,trial,trial
trib,trib,trib
tribe,tribe,tribe
tribulation,tribul,tribulation
tribunal,tribun,tribunal
tribune,tribun,tribune
tributary,tributari,tributary
tribute,tribut,tribute
trice,trice,trice
trick,trick,trick
trickle,trickl,trickle
tricks,trick,trick
tricksy,tricksi,tricksy
trident,trident,trident
tried,tri,try
trier,trier,trier
trifl,trifl,trifl
trifle,trifl,trifle
trifling,trifl,trifle
trill,trill,trill
trim,trim,trim
trimly,trimli,trimly
trimm,trimm,trimm
trimming,trim,trim
trinculo,trinculo,trinculo
trinket,trinket,trinket
trip,trip,trip
tripartite,tripartit,tripartite
tripe,tripe,tripe
triple,tripl,triple
triplex,triplex,triplex
tripoli,tripoli,tripoli
tripolis,tripoli,tripoli
tripp,tripp,tripp
tripping,trip,trip
trippingly,trippingli,trippingly
tristful,trist,tristful
triton,triton,triton
triumph,triumph,triumph
triumphant,triumphant,triumphant
triumphantly,triumphantli,triumphantly
triumpher,triumpher,triumpher
triumphing,triumph,triumphing
triumphs,triumph,triumph
triumvirate,triumvir,triumvirate
triumviry,triumviri,triumviry
trivial,trivial,trivial
troat,troat,troat
trod,trod,trod
trodden,trodden,trodden
troien,troien,troien
troilus,troilu,troilus
troiluse,troilus,troiluse
trojan,trojan,trojan
trojans,trojan,trojan
troll,troll,troll
tromperie,tromperi,tromperie
trompet,trompet,trompet
troop,troop,troop
troops,troop,troop
trop,trop,trop
trophy,trophi,trophy
tropically,tropic,tropically
trot,trot,trot
troth,troth,troth
trothe,troth,trothe
trots,trot,trot
trotting,trot,trot
troubl,troubl,troubl
trouble,troubl,trouble
troubled,troubl,trouble
troubler,troubler,troubler
troublesome,troublesom,troublesome
troublest,troublest,troublest
troublous,troublou,troublous
trough,trough,trough
trout,trout,trout
trovato,trovato,trovato
trow,trow,trow
trowel,trowel,trowel
troy,troy,troy
troyan,troyan,troyan
truant,truant,truant
truce,truce,truce
truckle,truckl,truckle
trudge,trudg,trudge
true,true,true
trueborn,trueborn,trueborn
truepenny,truepenni,truepenny
truer,truer,truer
truie,truie,truie
trull,trull,trull
truly,truli,truly
trump,trump,trump
trumpery,trumperi,trumpery
trumpet,trumpet,trumpet
trumpeter,trumpet,trumpeter
trumpets,trumpet,trumpet
truncheon,truncheon,truncheon
truncheoner,truncheon,truncheoner
trundle,trundl,trundle
trunk,trunk,trunk
trust,trust,trust
truster,truster,truster
trusting,trust,trust
trusty,trusti,trusty
truth,truth,truth
try,tri,try
tua,tua,tua
tuae,tuae,tuae
tub,tub,tub
tubal,tubal,tubal
tubs,tub,tub
tuck,tuck,tuck
tucket,tucket,tucket
tuesday,tuesday,tuesday
tuft,tuft,tuft
tug,tug,tug
tugg,tugg,tugg
tuition,tuition,tuition
tullus,tullu,tullus
tully,tulli,tully
tumble,tumbl,tumble
tumbler,tumbler,tumbler
tumbling,tumbl,tumble
tumult,tumult,tumult
tumultuous,tumultu,tumultuous
tun,tun,tun
tundish,tundish,tundish
tune,tune,tune
tuneable,tuneabl,tuneable
tuned,tune,tune
tuner,tuner,tuner
tuni,tuni,tuni
tunis,tuni,tunis
turban,turban,turban
turbulence,turbul,turbulence
turbulent,turbul,turbulent
turd,turd,turd
turf,turf,turf
turfy,turfi,turfy
turk,turk,turk
turkey,turkey,turkey
turkish,turkish,turkish
turlygod,turlygod,turlygod
turmoil,turmoil,turmoil
turmoile,turmoil,turmoile
turn,turn,turn
turncoat,turncoat,turncoat
turneth,turneth,turneth
turning,turn,turn
turnip,turnip,turnip
turph,turph,turph
turpitude,turpitud,turpitude
turquoise,turquois,turquoise
turret,turret,turret
turtle,turtl,turtle
turtles,turtl,turtle
turvy,turvi,turvy
tuscan,tuscan,tuscan
tush,tush,tush
tut,tut,tut
tutor,tutor,tutor
tutto,tutto,tutto
tutus,tutu,tutus
twa,twa,twa
twain,twain,twain
twanged,twang,twang
twangle,twangl,twangle
twas,twa,twa
tway,tway,tway
tweak,tweak,tweak
tween,tween,tween
twelfth,twelfth,twelfth
twelve,twelv,twelve
twelvemonth,twelvemonth,twelvemonth
twentieth,twentieth,twentieth
twenty,twenti,twenty
twere,twere,twere
twice,twice,twice
twig,twig,twig
twiggen,twiggen,twiggen
twill,twill,twill
twin,twin,twin
twine,twine,twine
twink,twink,twink
twinkle,twinkl,twinkle
twinn,twinn,twinn
twins,twin,twin
twist,twist,twist
twisted,twist,twisted
twit,twit,twit
twixt,twixt,twixt
two,two,two
twofold,twofold,twofold
twos,two,twos
twould,twould,twould
tybalt,tybalt,tybalt
tyburn,tyburn,tyburn
tymbria,tymbria,tymbria
type,type,type
typhon,typhon,typhon
tyrannical,tyrann,tyrannical
tyrannically,tyrann,tyrannically
tyrannize,tyrann,tyrannize
tyrannous,tyrann,tyrannous
tyranny,tyranni,tyranny
tyrant,tyrant,tyrant
tyre,tyre,tyre
tyrian,tyrian,tyrian
tyrrel,tyrrel,tyrrel
tyrus,tyru,tyrus
ubique,ubiqu,ubique
udder,udder,udder
udge,udg,udge
uglier,uglier,uglier
ugly,ugli,ugly
ulcer,ulcer,ulcer
ulcerous,ulcer,ulcerous
ulysse,ulyss,ulysse
ulysses,ulyss,ulysses
umber,umber,umber
umbra,umbra,umbra
umbrage,umbrag,umbrage
umpire,umpir,umpire
unable,unabl,unable
unaccommodated,unaccommod,unaccommodate
unaccompanie,unaccompani,unaccompanie
unaccustom,unaccustom,unaccustom
unaching,unach,unache
unacquainted,unacquaint,unacquainted
unactive,unact,unactive
unadvise,unadvis,unadvise
unadvised,unadvis,unadvise
unadvisedly,unadvisedli,unadvisedly
unagreeable,unagre,unagreeable
unanel,unanel,unanel
unanswer,unansw,unanswer
unappease,unappeas,unappease
unapt,unapt,unapt
unaptness,unapt,unaptness
unarm,unarm,unarm
unarmed,unarm,unarmed
unassail,unassail,unassail
unassailable,unassail,unassailable
unattainted,unattaint,unattainte
unattempte,unattempt,unattempte
unattended,unattend,unattended
unauspicious,unauspici,unauspicious
unauthorized,unauthor,unauthorized
unavoide,unavoid,unavoide
unavoided,unavoid,unavoide
unaware,unawar,unaware
unawares,unawar,unawares
unback,unback,unback
unbaked,unbak,unbaked
unbande,unband,unbande
unbar,unbar,unbar
unbarbed,unbarb,unbarbed
unbashful,unbash,unbashful
unbated,unbat,unbated
unbatter,unbatt,unbatter
unbecoming,unbecom,unbecoming
unbefitting,unbefit,unbefitte
unbegot,unbegot,unbegot
unbegotten,unbegotten,unbegotten
unbelieved,unbeliev,unbelieved
unbend,unbend,unbend
unbent,unbent,unbent
unbewail,unbewail,unbewail
unbid,unbid,unbid
unbidden,unbidden,unbidden
unbind,unbind,unbind
unbitted,unbit,unbitte
unbl,unbl,unbl
unblesse,unbless,unblesse
unblinde,unblind,unblinde
unbloodie,unbloodi,unbloodie
unblown,unblown,unblown
unbodied,unbodi,unbodie
unbolt,unbolt,unbolt
unbolted,unbolt,unbolt
unbonneted,unbonnet,unbonneted
unbookish,unbookish,unbookish
unborn,unborn,unborn
unbosom,unbosom,unbosom
unbound,unbound,unbound
unbounded,unbound,unbounded
unbow,unbow,unbow
unbowed,unbow,unbowe
unbraced,unbrac,unbraced
unbraided,unbraid,unbraided
unbreathed,unbreath,unbreathed
unbreech,unbreech,unbreech
unbridle,unbridl,unbridle
unbridled,unbridl,unbridle
unbroke,unbrok,unbroke
unbruise,unbruis,unbruise
unbruised,unbruis,unbruise
unbuckle,unbuckl,unbuckle
unbuild,unbuild,unbuild
unburden,unburden,unburden
unburie,unburi,unburie
unburied,unburi,unburie
unburnt,unburnt,unburnt
unburthen,unburthen,unburthen
unburthens,unburthen,unburthen
unbutton,unbutton,unbutton
unbuttoned,unbutton,unbuttoned
uncapable,uncap,uncapable
uncape,uncap,uncape
uncase,uncas,uncase
uncaught,uncaught,uncaught
uncertain,uncertain,uncertain
uncertainty,uncertainti,uncertainty
unchain,unchain,unchain
unchange,unchang,unchange
uncharge,uncharg,uncharge
uncharged,uncharg,uncharged
uncharitably,uncharit,uncharitably
unchary,unchari,unchary
unchaste,unchast,unchaste
uncheck,uncheck,uncheck
uncheque,unchequ,uncheque
unchilde,unchild,unchilde
uncivil,uncivil,uncivil
unclaim,unclaim,unclaim
unclasp,unclasp,unclasp
uncle,uncl,uncle
unclean,unclean,unclean
uncleanliness,uncleanli,uncleanliness
uncleanly,uncleanli,uncleanly
uncleanness,unclean,uncleanness
unclew,unclew,unclew
unclog,unclog,unclog
uncoined,uncoin,uncoine
uncolte,uncolt,uncolte
uncomeliness,uncomeli,uncomeliness
uncomfortable,uncomfort,uncomfortable
uncompassionate,uncompassion,uncompassionate
uncomprehensive,uncomprehens,uncomprehensive
unconfinable,unconfin,unconfinable
unconfirmed,unconfirm,unconfirmed
unconquer,unconqu,unconquer
unconquered,unconqu,unconquered
unconsider,unconsid,unconsider
unconsidered,unconsid,unconsidere
unconstant,unconst,unconstant
unconstrain,unconstrain,unconstrain
unconstrained,unconstrain,unconstrained
uncontemn,uncontemn,uncontemn
uncontroll,uncontrol,uncontroll
uncorrected,uncorrect,uncorrected
uncouple,uncoupl,uncouple
uncourteous,uncourt,uncourteous
uncouth,uncouth,uncouth
uncover,uncov,uncover
uncovered,uncov,uncover
uncropped,uncrop,uncropped
uncross,uncross,uncross
uncrown,uncrown,uncrown
unction,unction,unction
unctuous,unctuou,unctuous
uncuckolde,uncuckold,uncuckolde
uncurable,uncur,uncurable
uncurbable,uncurb,uncurbable
uncurbed,uncurb,uncurbed
uncurl,uncurl,uncurl
uncurrent,uncurr,uncurrent
uncurse,uncurs,uncurse
undaunted,undaunt,undaunted
undeaf,undeaf,undeaf
undeck,undeck,undeck
undeede,undeed,undeede
underbeare,underbear,underbeare
underborne,underborn,underborne
undercr,undercr,undercr
undergo,undergo,undergo
undergoe,undergo,undergoe
undergone,undergon,undergone
underhand,underhand,underhand
underling,underl,underle
undermine,undermin,undermine
underminer,undermin,underminer
underneath,underneath,underneath
underprize,underpr,underprize
underprop,underprop,underprop
understand,understand,understand
understandeth,understandeth,understandeth
understanding,understand,understand
understood,understood,understand
underta,underta,underta
undertake,undertak,undertake
undertaker,undertak,undertaker
undertaking,undertak,undertake
undervalue,undervalu,undervalue
underwent,underw,underwent
underwrit,underwrit,underwrit
underwrite,underwrit,underwrite
undescrie,undescri,undescrie
undeserve,undeserv,undeserve
undeserved,undeserv,undeserved
undeserver,undeserv,undeserver
undeserving,undeserv,undeserve
undetermined,undetermin,undetermined
undinte,undint,undinte
undiscernible,undiscern,undiscernible
undiscover,undiscov,undiscover
undiscovere,undiscover,undiscovere
undishonoure,undishonour,undishonoure
undisposed,undispos,undispose
undistinguish,undistinguish,undistinguish
undistinguishable,undistinguish,undistinguishable
undividable,undivid,undividable
undivulged,undivulg,undivulge
undo,undo,undo
undoing,undo,undo
undone,undon,undo
undoubted,undoubt,undoubted
undoubtedly,undoubtedli,undoubtedly
undoubtful,undoubt,undoubtful
undraw,undraw,undraw
undream,undream,undream
undress,undress,undress
undressed,undress,undressed
undrown,undrown,undrown
unduteous,undut,unduteous
undutiful,unduti,undutiful
une,une,une
unearned,unearn,unearned
unearthly,unearthli,unearthly
uneasiness,uneasi,uneasiness
uneasy,uneasi,uneasy
uneath,uneath,uneath
uneducated,uneduc,uneducated
uneffectual,uneffectu,uneffectual
unelecte,unelect,unelecte
unequal,unequ,unequal
uneven,uneven,uneven
unexamined,unexamin,unexamine
unexecuted,unexecut,unexecuted
unexpected,unexpect,unexpected
unexperience,unexperi,unexperience
unexpressive,unexpress,unexpressive
unfaithful,unfaith,unfaithful
unfallible,unfal,unfallible
unfamed,unfam,unfamed
unfashionable,unfashion,unfashionable
unfed,unf,unfed
unfee,unfe,unfee
unfeele,unfeel,unfeele
unfeeling,unfeel,unfeele
unfeigned,unfeign,unfeigned
unfeignedly,unfeignedli,unfeignedly
unfellowed,unfellow,unfellowe
unfelt,unfelt,unfelt
unfenced,unfenc,unfence
unfilial,unfili,unfilial
unfill,unfil,unfill
unfilled,unfil,unfille
unfinish,unfinish,unfinish
unfirm,unfirm,unfirm
unfit,unfit,unfit
unfitness,unfit,unfitness
unfix,unfix,unfix
unfledged,unfledg,unfledged
unfold,unfold,unfold
unfoldeth,unfoldeth,unfoldeth
unfool,unfool,unfool
unforced,unforc,unforced
unforfeited,unforfeit,unforfeited
unfortified,unfortifi,unfortified
unfortunate,unfortun,unfortunate
unfought,unfought,unfought
unfrequented,unfrequ,unfrequented
unfriende,unfriend,unfriende
unfriendly,unfriendli,unfriendly
unfurnish,unfurnish,unfurnish
unfurnished,unfurnish,unfurnishe
ungain,ungain,ungain
ungalle,ungal,ungalle
ungarter,ungart,ungarter
ungartere,ungarter,ungartere
ungartered,ungart,ungartered
ungenitured,ungenitur,ungeniture
ungentle,ungentl,ungentle
ungentleness,ungentl,ungentleness
ungently,ungent,ungently
ungird,ungird,ungird
ungodly,ungodli,ungodly
ungored,ungor,ungored
ungot,ungot,ungot
ungotten,ungotten,ungotten
ungovern,ungovern,ungovern
ungracious,ungraci,ungracious
ungrateful,ungrat,ungrateful
ungravely,ungrav,ungravely
ungrown,ungrown,ungrown
unguarde,unguard,unguarde
unguem,unguem,unguem
unguided,unguid,unguided
unhack,unhack,unhack
unhair,unhair,unhair
unhallow,unhallow,unhallow
unhand,unhand,unhand
unhandle,unhandl,unhandle
unhandled,unhandl,unhandle
unhandsome,unhandsom,unhandsome
unhanged,unhang,unhanged
unhappied,unhappi,unhappie
unhappily,unhappili,unhappily
unhappiness,unhappi,unhappiness
unhappy,unhappi,unhappy
unharden,unharden,unharden
unharm,unharm,unharm
unhatch,unhatch,unhatch
unhatched,unhatch,unhatched
unheard,unheard,unheard
unheart,unheart,unheart
unheedful,unheed,unheedful
unheedfully,unheed,unheedfully
unheedy,unheedi,unheedy
unhelpful,unhelp,unhelpful
unhidden,unhidden,unhidden
unhold,unhold,unhold
unholy,unholi,unholy
unhoped,unhop,unhoped
unhopefull,unhopeful,unhopefull
unhorse,unhors,unhorse
unhospitable,unhospit,unhospitable
unhouse,unhous,unhouse
unhousel,unhousel,unhousel
unhurtful,unhurt,unhurtful
unicorn,unicorn,unicorn
unicorns,unicorn,unicorns
unimproved,unimprov,unimproved
uninhabitable,uninhabit,uninhabitable
unintelligent,unintellig,unintelligent
union,union,union
unite,unit,unite
united,unit,unite
unity,uniti,unity
universal,univers,universal
universe,univers,universe
university,univers,university
unjointed,unjoint,unjointed
unjust,unjust,unjust
unjustly,unjustli,unjustly
unke,unk,unke
unkennel,unkennel,unkennel
unkept,unkept,unkept
unkind,unkind,unkind
unkindest,unkindest,unkindest
unkindly,unkindli,unkindly
unkindness,unkind,unkindness
unking,unk,unke
unkinglike,unkinglik,unkinglike
unkiss,unkiss,unkiss
unkisse,unkiss,unkisse
unknit,unknit,unknit
unknowe,unknow,unknowe
unknown,unknown,unknown
unlace,unlac,unlace
unlaid,unlaid,unlaid
unlawful,unlaw,unlawful
unlawfully,unlaw,unlawfully
unlearn,unlearn,unlearn
unlearned,unlearn,unlearn
unless,unless,unless
unlesson,unlesson,unlesson
unletter,unlett,unletter
unlettere,unletter,unlettere
unlicensed,unlicens,unlicensed
unlick,unlick,unlick
unlike,unlik,unlike
unlikely,unlik,unlikely
unlimited,unlimit,unlimited
unlineal,unlin,unlineal
unlink,unlink,unlink
unload,unload,unload
unlock,unlock,unlock
unlook,unlook,unlook
unlooked,unlook,unlooked
unloose,unloos,unloose
unlove,unlov,unlove
unloved,unlov,unlove
unluckily,unluckili,unluckily
unlucky,unlucki,unlucky
unlustrous,unlustr,unlustrous
unmade,unmad,unmade
unmake,unmak,unmake
unmanly,unmanli,unmanly
unmann,unmann,unmann
unmanner,unmann,unmanner
unmannerly,unmannerli,unmannerly
unmarried,unmarri,unmarried
unmask,unmask,unmask
unmaster,unmast,unmaster
unmatch,unmatch,unmatch
unmatchable,unmatch,unmatchable
unmatched,unmatch,unmatched
unmeasurable,unmeasur,unmeasurable
unmeet,unmeet,unmeet
unmellow,unmellow,unmellow
unmerciful,unmerci,unmerciful
unmeritable,unmerit,unmeritable
unmerite,unmerit,unmerite
unminded,unmind,unminde
unmindful,unmind,unmindful
unmingled,unmingl,unmingled
unmitigable,unmitig,unmitigable
unmitigated,unmitig,unmitigate
unmix,unmix,unmix
unmoan,unmoan,unmoan
unmove,unmov,unmove
unmoving,unmov,unmove
unmuffle,unmuffl,unmuffle
unmusical,unmus,unmusical
unmuzzle,unmuzzl,unmuzzle
unmuzzled,unmuzzl,unmuzzle
unnatural,unnatur,unnatural
unnaturally,unnatur,unnaturally
unnaturalness,unnatur,unnaturalness
unnecessarily,unnecessarili,unnecessarily
unnecessary,unnecessari,unnecessary
unneighbourly,unneighbourli,unneighbourly
unnerved,unnerv,unnerved
unnoble,unnobl,unnoble
unnote,unnot,unnote
unnoted,unnot,unnote
unnumber,unnumb,unnumber
unowed,unow,unowe
unpack,unpack,unpack
unpaid,unpaid,unpaid
unparagon,unparagon,unparagon
unparagoned,unparagon,unparagone
unparallel,unparallel,unparallel
unpardonable,unpardon,unpardonable
unparted,unpart,unparted
unpartial,unparti,unpartial
unpath,unpath,unpath
unpaved,unpav,unpave
unpeaceable,unpeac,unpeaceable
unpeg,unpeg,unpeg
unpeople,unpeopl,unpeople
unpeopled,unpeopl,unpeople
unperfectness,unperfect,unperfectness
unpin,unpin,unpin
unpink,unpink,unpink
unpitied,unpiti,unpitied
unpitifully,unpiti,unpitifully
unplagued,unplagu,unplagued
unplausive,unplaus,unplausive
unpleasant,unpleas,unpleasant
unpleased,unpleas,unplease
unpleasing,unpleas,unpleasing
unpolicie,unpolici,unpolicie
unpolish,unpolish,unpolish
unpolishe,unpolish,unpolishe
unpollute,unpollut,unpollute
unpossess,unpossess,unpossess
unpossesse,unpossess,unpossesse
unpossible,unposs,unpossible
unpractise,unpractis,unpractise
unpractised,unpractis,unpractise
unpregnant,unpregn,unpregnant
unpremeditated,unpremedit,unpremeditate
unprepared,unprepar,unprepared
unpress,unpress,unpress
unprevailing,unprevail,unprevaile
unprevented,unprev,unprevented
unprizable,unpriz,unprizable
unprized,unpriz,unprized
unprofitable,unprofit,unprofitable
unprofited,unprofit,unprofite
unproper,unprop,unproper
unproperly,unproperli,unproperly
unproportioned,unproport,unproportioned
unprovide,unprovid,unprovide
unprovided,unprovid,unprovide
unprovoke,unprovok,unprovoke
unpruned,unprun,unprune
unpublish,unpublish,unpublish
unpurged,unpurg,unpurged
unpurpose,unpurpos,unpurpose
unqualitied,unqual,unqualitied
unqueen,unqueen,unqueen
unquestion,unquest,unquestion
unquestionable,unquestion,unquestionable
unquiet,unquiet,unquiet
unquietly,unquietli,unquietly
unquietness,unquiet,unquietness
unraised,unrais,unraised
unraked,unrak,unraked
unread,unread,unread
unready,unreadi,unready
unreal,unreal,unreal
unreasonable,unreason,unreasonable
unreasonably,unreason,unreasonably
unreclaime,unreclaim,unreclaime
unreconciled,unreconcil,unreconciled
unreconciliable,unreconcili,unreconciliable
unrecounted,unrecount,unrecounted
unrecuring,unrecur,unrecure
unregarde,unregard,unregarde
unregister,unregist,unregister
unrelente,unrelent,unrelente
unrelenting,unrel,unrelenting
unremoveable,unremov,unremoveable
unremoveably,unremov,unremoveably
unreprievable,unrepriev,unreprievable
unresolved,unresolv,unresolved
unrespective,unrespect,unrespective
unrest,unrest,unrest
unrestored,unrestor,unrestored
unrestrained,unrestrain,unrestrained
unrevenge,unreveng,unrevenge
unrevenged,unreveng,unrevenged
unreverend,unreverend,unreverend
unreverent,unrever,unreverent
unreversed,unrevers,unreverse
unrewarded,unreward,unrewarde
unrighteous,unright,unrighteous
unrightful,unright,unrightful
unrip,unrip,unrip
unripe,unrip,unripe
unrivall,unrival,unrivall
unroll,unrol,unroll
unroof,unroof,unroof
unroosted,unroost,unrooste
unroot,unroot,unroot
unrough,unrough,unrough
unruly,unruli,unruly
unsafe,unsaf,unsafe
unsaluted,unsalut,unsalute
unsanctifie,unsanctifi,unsanctifie
unsanctified,unsanctifi,unsanctifie
unsatiate,unsati,unsatiate
unsatisfie,unsatisfi,unsatisfie
unsatisfied,unsatisfi,unsatisfie
unsavoury,unsavouri,unsavoury
unsay,unsay,unsay
unscalable,unscal,unscalable
unscann,unscann,unscann
unscarr,unscarr,unscarr
unschool,unschool,unschool
unscissor,unscissor,unscissor
unscorch,unscorch,unscorch
unscour,unscour,unscour
unscratch,unscratch,unscratch
unseal,unseal,unseal
unseam,unseam,unseam
unsearch,unsearch,unsearch
unseason,unseason,unseason
unseasonable,unseason,unseasonable
unseasonably,unseason,unseasonably
unseasone,unseason,unseasone
unsecret,unsecret,unsecret
unseduced,unseduc,unseduce
unseee,unsee,unseee
unseeming,unseem,unseeme
unseemly,unseemli,unseemly
unseen,unseen,unseen
unseminar,unseminar,unseminar
unseparable,unsepar,unseparable
unserviceable,unservic,unserviceable
unsettle,unsettl,unsettle
unsettled,unsettl,unsettle
unsever,unsev,unsever
unsex,unsex,unsex
unshaked,unshak,unshaked
unshaken,unshaken,unshaken
unshape,unshap,unshape
unshaped,unshap,unshape
unshapen,unshapen,unshapen
unsheathe,unsheath,unsheathe
unshout,unshout,unshout
unshown,unshown,unshown
unshrinke,unshrink,unshrinke
unshrubb,unshrubb,unshrubb
unshunnable,unshunn,unshunnable
unshunned,unshun,unshunne
unsifted,unsift,unsifted
unsightly,unsightli,unsightly
unsinew,unsinew,unsinew
unsiste,unsist,unsiste
unskilful,unskil,unskilful
unskilfully,unskil,unskilfully
unslippe,unslipp,unslippe
unsmirched,unsmirch,unsmirche
unsoil,unsoil,unsoil
unsolicite,unsolicit,unsolicite
unsorted,unsort,unsorted
unsought,unsought,unsought
unsound,unsound,unsound
unsounde,unsound,unsounde
unspeak,unspeak,unspeak
unspeakable,unspeak,unspeakable
unspeaking,unspeak,unspeaking
unsphere,unspher,unsphere
unspoke,unspok,unspoke
unspoken,unspoken,unspoken
unspotte,unspott,unspotte
unspotted,unspot,unspotted
unsquare,unsquar,unsquare
unstable,unstabl,unstable
unstaid,unstaid,unstaid
unstain,unstain,unstain
unstaine,unstain,unstaine
unstanched,unstanch,unstanched
unstate,unstat,unstate
unsteadfast,unsteadfast,unsteadfast
unstoope,unstoop,unstoope
unstringed,unstring,unstringed
unstuff,unstuff,unstuff
unsubstantial,unsubstanti,unsubstantial
unsuitable,unsuit,unsuitable
unsuite,unsuit,unsuite
unsullied,unsulli,unsullie
unsunn,unsunn,unsunn
unsure,unsur,unsure
unsured,unsur,unsured
unsuspected,unsuspect,unsuspected
unsway,unsway,unsway
unswayable,unsway,unswayable
unswear,unswear,unswear
unswept,unswept,unswept
unsworn,unsworn,unsworn
untainte,untaint,untainte
untainted,untaint,untainted
untalk,untalk,untalk
untangle,untangl,untangle
untasted,untast,untasted
untaught,untaught,untaught
untempere,untemper,untempere
untender,untend,untender
untent,untent,untent
untented,untent,untented
unthankful,unthank,unthankful
unthankfulness,unthank,unthankfulness
unthink,unthink,unthink
unthought,unthought,unthought
unthread,unthread,unthread
unthrift,unthrift,unthrift
unthrifty,unthrifti,unthrifty
untie,unti,untie
untimber,untimb,untimber
untimely,untim,untimely
untirable,untir,untirable
untired,untir,untire
untitled,untitl,untitle
unto,unto,unto
untold,untold,untold
untouch,untouch,untouch
untoward,untoward,untoward
untowardly,untowardli,untowardly
untraded,untrad,untraded
untrain,untrain,untrain
untraine,untrain,untraine
untread,untread,untread
untreasure,untreasur,untreasure
untried,untri,untried
untrimmed,untrim,untrimme
untrod,untrod,untrod
untrodden,untrodden,untrodden
untroubled,untroubl,untroubled
untrue,untru,untrue
untrussing,untruss,untrussing
untruth,untruth,untruth
untune,untun,untune
untuneable,untun,untuneable
untuned,untun,untune
untutor,untutor,untutor
untwine,untwin,untwine
unurge,unurg,unurge
unused,unus,unused
unusual,unusu,unusual
unvalue,unvalu,unvalue
unvanquish,unvanquish,unvanquish
unvarnish,unvarnish,unvarnish
unveil,unveil,unveil
unvenerable,unvener,unvenerable
unvex,unvex,unvex
unviolable,unviol,unviolable
unviolate,unviol,unviolate
unvirtuous,unvirtu,unvirtuous
unvisite,unvisit,unvisite
unvulnerable,unvulner,unvulnerable
unware,unwar,unware
unwarily,unwarili,unwarily
unwash,unwash,unwash
unwashe,unwash,unwashe
unwatch,unwatch,unwatch
unwe,unw,unwe
unwearied,unweari,unwearie
unwedgeable,unwedg,unwedgeable
unweede,unweed,unweede
unweighe,unweigh,unweighe
unweighed,unweigh,unweighe
unwelcome,unwelcom,unwelcome
unwept,unwept,unwept
unwhipp,unwhipp,unwhipp
unwholesome,unwholesom,unwholesome
unwieldy,unwieldi,unwieldy
unwilligness,unwillig,unwilligness
unwilling,unwil,unwilling
unwillingly,unwillingli,unwillingly
unwillingness,unwilling,unwillingness
unwind,unwind,unwind
unwipe,unwip,unwipe
unwise,unwis,unwise
unwisely,unwis,unwisely
unwish,unwish,unwish
unwished,unwish,unwished
unwitte,unwitt,unwitte
unwittingly,unwittingli,unwittingly
unwonte,unwont,unwonte
unworthi,unworthi,unworthi
unworthier,unworthi,unworthier
unworthily,unworthili,unworthily
unworthiness,unworthi,unworthiness
unworthy,unworthi,unworthy
unwrung,unwrung,unwrung
unyoke,unyok,unyoke
unyoked,unyok,unyoked
upbraid,upbraid,upbraid
upbraided,upbraid,upbraid
upbraiding,upbraid,upbraid
upbraids,upbraid,upbraid
uphoarde,uphoard,uphoarde
uphold,uphold,uphold
upholdeth,upholdeth,upholdeth
upholds,uphold,uphold
uplift,uplift,uplift
uplifted,uplift,uplifted
upmost,upmost,upmost
upon,upon,upon
upper,upper,upper
uprear,uprear,uprear
upreared,uprear,upreare
upright,upright,upright
uprighteously,upright,uprighteously
uprightness,upright,uprightness
uprise,upris,uprise
uprising,upris,uprise
uproar,uproar,uproar
upshoot,upshoot,upshoot
upshot,upshot,upshot
upside,upsid,upside
upstairs,upstair,upstairs
upstart,upstart,upstart
upturned,upturn,upturned
upward,upward,upward
upwards,upward,upwards
urchin,urchin,urchin
urchinfield,urchinfield,urchinfield
urg,urg,urg
urge,urg,urge
urgent,urgent,urgent
urgest,urgest,urg
urinal,urin,urinal
urinals,urin,urinal
urine,urin,urine
urn,urn,urn
ursa,ursa,ursa
ursula,ursula,ursula
urswick,urswick,urswick
usage,usag,usage
usance,usanc,usance
use,use,use
useful,use,useful
useless,useless,useless
user,user,user
useth,useth,useth
usher,usher,usher
usual,usual,usual
usually,usual,usually
usure,usur,usure
usurer,usur,usurer
usurie,usuri,usurie
usurp,usurp,usurp
usurpation,usurp,usurpation
usurped,usurp,usurped
usurper,usurp,usurper
usurping,usurp,usurping
usurpingly,usurpingli,usurpingly
usurps,usurp,usurp
usury,usuri,usury
utensil,utensil,utensil
utility,util,utility
utmost,utmost,utmost
utter,utter,utter
utterance,utter,utterance
uttereth,uttereth,uttereth
uttering,utter,utter
utterly,utterli,utterly
uttermost,uttermost,uttermost
utters,utter,utter
vacancy,vacanc,vacancy
vacant,vacant,vacant
vacation,vacat,vacation
vagabond,vagabond,vagabond
vagram,vagram,vagram
vagrom,vagrom,vagrom
vail,vail,vail
vaile,vail,vaile
vailed,vail,vaile
vaillant,vaillant,vaillant
vain,vain,vain
vainer,vainer,vainer
vainly,vainli,vainly
vainness,vain,vainness
vais,vai,vais
valance,valanc,valance
valde,vald,valde
vale,vale,vale
valence,valenc,valence
valentine,valentin,valentine
valentinus,valentinu,valentinus
valentio,valentio,valentio
valeria,valeria,valeria
valerius,valeriu,valerius
valiant,valiant,valiant
valiantly,valiantli,valiantly
valiantness,valiant,valiantness
validity,valid,validity
valley,valley,valley
valorous,valor,valorous
valour,valour,valour
valourously,valour,valourously
valuation,valuat,valuation
value,valu,value
valueless,valueless,valueless
van,van,van
vane,vane,vane
vanish,vanish,vanish
vanishe,vanish,vanishe
vanishest,vanishest,vanishest
vanity,vaniti,vanity
vanquish,vanquish,vanquish
vanquisher,vanquish,vanquisher
vanquishest,vanquishest,vanquish
vanquisheth,vanquisheth,vanquisheth
vantage,vantag,vantage
vantbrace,vantbrac,vantbrace
vapians,vapian,vapian
vaporous,vapor,vaporous
vapour,vapour,vapour
vapours,vapour,vapour
vara,vara,vara
vari,vari,vari
variable,variabl,variable
variance,varianc,variance
variation,variat,variation
varied,vari,varied
variety,varieti,variety
varld,varld,varld
varlet,varlet,varlet
varletry,varletri,varletry
varletto,varletto,varletto
varnish,varnish,varnish
varrius,varriu,varrius
varro,varro,varro
vary,vari,vary
vassal,vassal,vassal
vassalage,vassalag,vassalage
vast,vast,vast
vastidity,vastid,vastidity
vasty,vasti,vasty
vat,vat,vat
vater,vater,vater
vaudemont,vaudemont,vaudemont
vaughan,vaughan,vaughan
vault,vault,vault
vaultage,vaultag,vaultage
vaulty,vaulti,vaulty
vaumond,vaumond,vaumond
vaunt,vaunt,vaunt
vaunted,vaunt,vaunt
vaunter,vaunter,vaunter
vauntingly,vauntingli,vauntingly
vauvado,vauvado,vauvado
vaux,vaux,vaux
vaward,vaward,vaward
veal,veal,veal
vede,vede,vede
vegetive,veget,vegetive
vehemence,vehem,vehemence
vehemency,vehem,vehemency
vehement,vehement,vehement
vehor,vehor,vehor
veil,veil,veil
vein,vein,vein
veins,vein,vein
vell,vell,vell
velure,velur,velure
velutus,velutu,velutus
velvet,velvet,velvet
vendible,vendibl,vendible
venerable,vener,venerable
venereal,vener,venereal
venetia,venetia,venetia
venetian,venetian,venetian
veney,veney,veney
venge,veng,venge
vengeance,vengeanc,vengeance
vengeful,veng,vengeful
veni,veni,veni
venial,venial,venial
venice,venic,venice
venison,venison,venison
venit,venit,venit
venom,venom,venom
venomous,venom,venomous
venomously,venom,venomously
vent,vent,vent
ventage,ventag,ventage
ventidius,ventidiu,ventidius
ventricle,ventricl,ventricle
venture,ventur,venture
ventures,ventur,venture
venturous,ventur,venturous
venue,venu,venue
venus,venu,venus
venuto,venuto,venuto
ver,ver,ver
verb,verb,verb
verba,verba,verba
verbal,verbal,verbal
verbatim,verbatim,verbatim
verbosity,verbos,verbosity
verbs,verb,verbs
verdict,verdict,verdict
verdun,verdun,verdun
verdure,verdur,verdure
vere,vere,vere
verge,verg,verge
verger,verger,verger
veri,veri,veri
verier,verier,verier
veriest,veriest,veriest
verify,verifi,verify
verily,verili,verily
veritable,verit,veritable
verite,verit,verite
verity,veriti,verity
vermin,vermin,vermin
vernon,vernon,vernon
verole,verol,verole
verona,verona,verona
veronesa,veronesa,veronesa
versal,versal,versal
verse,vers,verse
verses,vers,verse
versing,vers,verse
vert,vert,vert
vesper,vesper,vesper
vessel,vessel,vessel
vessels,vessel,vessel
vestal,vestal,vestal
vestment,vestment,vestment
vesture,vestur,vesture
vetch,vetch,vetch
vetche,vetch,vetche
veux,veux,veux
vex,vex,vex
vexation,vexat,vexation
vexe,vex,vexe
vexeth,vexeth,vexeth
vherefore,vherefor,vherefore
via,via,via
vial,vial,vial
viand,viand,viand
vicar,vicar,vicar
vice,vice,vice
vicegerent,viceger,vicegerent
viceroy,viceroy,viceroy
vici,vici,vici
vicious,viciou,vicious
viciousness,vicious,viciousness
victor,victor,victor
victorious,victori,victorious
victory,victori,victory
victress,victress,victress
victual,victual,victual
victuall,victual,victuall
vide,vide,vide
videlicet,videlicet,videlicet
videlicit,videlicit,videlicit
video,video,video
videsne,videsn,videsne
vidi,vidi,vidi
vie,vie,vie
vienna,vienna,vienna
view,view,view
viewest,viewest,viewest
vieweth,vieweth,vieweth
viewless,viewless,viewless
vigil,vigil,vigil
vigilance,vigil,vigilance
vigilant,vigil,vigilant
vigitant,vigit,vigitant
vigour,vigour,vigour
vii,vii,vii
viii,viii,viii
vile,vile,vile
vilely,vile,vilely
vileness,vile,vileness
viler,viler,viler
vilest,vilest,vilest
vill,vill,vill
village,villag,village
villager,villag,villager
villagery,villageri,villagery
villain,villain,villain
villaine,villain,villaine
villainie,villaini,villainie
villainous,villain,villainous
villanie,villani,villanie
villanous,villan,villanous
villanously,villan,villanously
villany,villani,villany
villiago,villiago,villiago
villiando,villiando,villiando
vinaigre,vinaigr,vinaigre
vincentio,vincentio,vincentio
vincere,vincer,vincere
vincetino,vincetino,vincetino
vindicative,vindic,vindicative
vine,vine,vine
vinegar,vinegar,vinegar
vinewedst,vinewedst,vinewedst
vineyard,vineyard,vineyard
vineyards,vineyard,vineyard
vintner,vintner,vintner
viol,viol,viol
viola,viola,viola
violate,violat,violate
violation,violat,violation
violator,violat,violator
violence,violenc,violence
violent,violent,violent
violenta,violenta,violenta
violenteth,violenteth,violenteth
violently,violent,violently
violet,violet,violet
viper,viper,viper
viperous,viper,viperous
vir,vir,vir
virgilia,virgilia,virgilia
virgin,virgin,virgin
virginal,virgin,virginal
virginalle,virginal,virginalle
virginity,virgin,virginity
virginius,virginiu,virginius
virgins,virgin,virgin
virgo,virgo,virgo
virtue,virtu,virtue
virtues,virtu,virtue
virtuous,virtuou,virtuous
virtuously,virtuous,virtuously
visage,visag,visage
viscount,viscount,viscount
visible,visibl,visible
visibly,visibl,visibly
vision,vision,vision
visit,visit,visit
visitation,visit,visitation
visiting,visit,visit
visitor,visitor,visitor
visor,visor,visor
vita,vita,vita
vitae,vita,vitae
vital,vital,vital
vitement,vitement,vitement
vitness,vit,vitness
vitravio,vitravio,vitravio
viva,viva,viva
vivant,vivant,vivant
vive,vive,vive
vivo,vivo,vivo
vixen,vixen,vixen
vizament,vizament,vizament
vizard,vizard,vizard
vizarde,vizard,vizarde
vizards,vizard,vizards
vloute,vlout,vloute
vocation,vocat,vocation
vocativo,vocativo,vocativo
vocatur,vocatur,vocatur
voce,voce,voce
voice,voic,voice
void,void,void
volant,volant,volant
volivorco,volivorco,volivorco
volk,volk,volk
volley,volley,volley
volquessen,volquessen,volquessen
volsce,volsc,volsce
volscian,volscian,volscian
voltimand,voltimand,voltimand
volubility,volubl,volubility
voluble,volubl,voluble
volume,volum,volume
volumnia,volumnia,volumnia
volumnius,volumniu,volumnius
voluntarily,voluntarili,voluntarily
voluntary,voluntari,voluntary
voluptuously,voluptu,voluptuously
voluptuousness,voluptu,voluptuousness
vomissement,vomiss,vomissement
vomit,vomit,vomit
vor,vor,vor
vorld,vorld,vorld
vortnight,vortnight,vortnight
votaress,votaress,votaress
votarie,votari,votarie
votarist,votarist,votarist
votary,votari,votary
votre,votr,votre
vouch,vouch,vouch
vouche,vouch,vouche
vouched,vouch,vouch
voucher,voucher,voucher
vouchsafe,vouchsaf,vouchsafe
vouchsafed,vouchsaf,vouchsafed
vouchsafing,vouchsaf,vouchsafe
voudrais,voudrai,voudrais
vous,vou,vous
voutsafe,voutsaf,voutsafe
vow,vow,vow
vowed,vow,vow
vowel,vowel,vowel
vox,vox,vox
voyage,voyag,voyage
vraiment,vraiment,vraiment
vulcan,vulcan,vulcan
vulgar,vulgar,vulgar
vulgarly,vulgarli,vulgarly
vulgo,vulgo,vulgo
vulnerable,vulner,vulnerable
vulture,vultur,vulture
vurther,vurther,vurther
wad,wad,wad
waddle,waddl,waddle
wade,wade,wade
wafer,wafer,wafer
waft,waft,waft
waftage,waftag,waftage
wafture,waftur,wafture
wag,wag,wag
wage,wage,wage
wager,wager,wager
waggish,waggish,waggish
waggle,waggl,waggle
waggon,waggon,waggon
waggoner,waggon,waggoner
wagon,wagon,wagon
wagoner,wagon,wagoner
wagtail,wagtail,wagtail
wail,wail,wail
wailful,wail,wailful
wain,wain,wain
wainrope,wainrop,wainrope
wainscot,wainscot,wainscot
waist,waist,waist
wait,wait,wait
waiteth,waiteth,waiteth
waiting,wait,wait
wak,wak,wak
wake,wake,wake
waked,wake,wake
wakefield,wakefield,wakefield
waken,waken,waken
wakes,wake,wake
wakest,wakest,wak
wale,wale,wale
wales,wale,wale
walk,walk,walk
walking,walk,walk
walks,walk,walk
wall,wall,wall
walled,wall,wall
wallet,wallet,wallet
wallon,wallon,wallon
walloon,walloon,walloon
wallow,wallow,wallow
walls,wall,wall
walnut,walnut,walnut
walter,walter,walter
wan,wan,wan
wand,wand,wand
wander,wander,wander
wanderer,wander,wanderer
wandering,wander,wander
wanderingly,wanderingli,wanderingly
wane,wane,wane
wanion,wanion,wanion
wann,wann,wann
want,want,want
wanteth,wanteth,wanteth
wanting,want,want
wanton,wanton,wanton
wantonness,wanton,wantonness
wants,want,want
wappen,wappen,wappen
war,war,war
warble,warbl,warble
warbling,warbl,warble
ward,ward,ward
warden,warden,warden
warder,warder,warder
wardrobe,wardrob,wardrobe
ware,ware,ware
warily,warili,warily
warkworth,warkworth,warkworth
warlike,warlik,warlike
warm,warm,warm
warmer,warmer,warmer
warming,warm,warm
warms,warm,warm
warmth,warmth,warmth
warn,warn,warn
warning,warn,warn
warp,warp,warp
warr,warr,warr
warrant,warrant,warrant
warranteth,warranteth,warranteth
warrantise,warrantis,warrantise
warrantize,warrant,warrantize
warranty,warranti,warranty
warren,warren,warren
warrener,warren,warrener
warrior,warrior,warrior
wars,war,war
wart,wart,wart
warwick,warwick,warwick
warwickshire,warwickshir,warwickshire
wary,wari,wary
wash,wash,wash
washer,washer,washer
washford,washford,washford
washing,wash,washing
wasp,wasp,wasp
waspish,waspish,waspish
wassail,wassail,wassail
wast,wast,wast
waste,wast,waste
wasteful,wast,wasteful
waster,waster,waster
watch,watch,watch
watcher,watcher,watcher
watchful,watch,watchful
watching,watch,watch
watchman,watchman,watchman
water,water,water
waterdrop,waterdrop,waterdrop
waterflie,waterfli,waterflie
waterford,waterford,waterford
watering,water,water
waterish,waterish,waterish
waterton,waterton,waterton
watery,wateri,watery
wave,wave,wave
waver,waver,waver
waverer,waver,waverer
waves,wave,wave
wawl,wawl,wawl
wax,wax,wax
waxen,waxen,waxen
waxes,wax,wax
way,way,way
waylay,waylay,waylay
wayward,wayward,wayward
waywarder,wayward,waywarder
waywardness,wayward,waywardness
weak,weak,weak
weaken,weaken,weaken
weakle,weakl,weakle
weakly,weakli,weakly
weakness,weak,weakness
weal,weal,weal
wealsman,wealsman,wealsman
wealth,wealth,wealth
wealthiest,wealthiest,wealthy
wealthily,wealthili,wealthily
wealthy,wealthi,wealthy
wean,wean,wean
weapon,weapon,weapon
wear,wear,wear
wearer,wearer,wearer
wearest,wearest,wear
wearie,weari,wearie
wearily,wearili,wearily
weariness,weari,weariness
wearisome,wearisom,wearisome
wears,wear,wear
weary,weari,weary
weasel,weasel,weasel
weather,weather,weather
weathercock,weathercock,weathercock
weave,weav,weave
weaved,weav,weave
weaver,weaver,weaver
web,web,web
wed,wed,we
wedding,wed,wedding
wedge,wedg,wedge
wedged,wedg,wedge
wedlock,wedlock,wedlock
wednesday,wednesday,wednesday
wee,wee,wee
weed,weed,weed
weeder,weeder,weeder
weeds,weed,weed
weedy,weedi,weedy
week,week,week
ween,ween,ween
weening,ween,weene
weep,weep,weep
weeping,weep,weeping
weeps,weep,weep
weet,weet,weet
weigh,weigh,weigh
weight,weight,weight
weighty,weighti,weighty
weird,weird,weird
weke,weke,weke
welcome,welcom,welcome
welcomer,welcom,welcomer
welcomest,welcomest,welcome
welfare,welfar,welfare
welkin,welkin,welkin
well,well,well
wells,well,well
welsh,welsh,welsh
welshman,welshman,welshman
welshwoman,welshwoman,welshwoman
wench,wench,wench
wenchless,wenchless,wenchless
wend,wend,wend
went,went,go
wept,wept,weep
weringly,weringli,weringly
wert,wert,wert
west,west,west
westerly,westerli,westerly
western,western,western
westminster,westminst,westminster
westmoreland,westmoreland,westmoreland
westward,westward,westward
wet,wet,wet
wether,wether,wether
wezand,wezand,wezand
whale,whale,whale
wharf,wharf,wharf
wharfs,wharf,wharf
whate,whate,whate
whatever,whatev,whatever
whatsoe,whatso,whatsoe
whatsoever,whatsoev,whatsoever
whatsome,whatsom,whatsome
wheat,wheat,wheat
wheaten,wheaten,wheaten
wheel,wheel,wheel
wheeling,wheel,wheel
wheels,wheel,wheel
wheeze,wheez,wheeze
whelk,whelk,whelk
whelm,whelm,whelm
whelp,whelp,whelp
whence,whenc,whence
whencesoever,whencesoev,whencesoever
whene,whene,whene
whenever,whenev,whenever
whensoever,whensoev,whensoever
whereabout,whereabout,whereabout
whereas,wherea,whereas
whereat,whereat,whereat
whereby,wherebi,whereby
wherefore,wherefor,wherefore
wherein,wherein,wherein
whereinto,whereinto,whereinto
whereof,whereof,whereof
whereon,whereon,whereon
whereout,whereout,whereout
whereso,whereso,whereso
wheresoe,whereso,wheresoe
wheresoever,wheresoev,wheresoever
wheresome,wheresom,wheresome
whereto,whereto,whereto
whereuntil,whereuntil,whereuntil
whereunto,whereunto,whereunto
whereupon,whereupon,whereupon
wherever,wherev,wherever
wherewith,wherewith,wherewith
wherewithal,wherewith,wherewithal
whet,whet,whet
whether,whether,whether
whetstone,whetston,whetstone
whew,whew,whew
whey,whey,whey
whi,whi,whi
whiff,whiff,whiff
whiffler,whiffler,whiffler
while,while,while
whiles,while,while
whilst,whilst,whilst
whimple,whimpl,whimple
whine,whine,whine
whining,whine,whine
whip,whip,whip
whipp,whipp,whipp
whipper,whipper,whipper
whipping,whip,whip
whipster,whipster,whipster
whipstock,whipstock,whipstock
whipt,whipt,whipt
whir,whir,whir
whirl,whirl,whirl
whirligig,whirligig,whirligig
whirling,whirl,whirling
whirlipool,whirlipool,whirlipool
whirlwind,whirlwind,whirlwind
whisper,whisper,whisper
whispering,whisper,whispering
whist,whist,whist
whistle,whistl,whistle
whistles,whistl,whistle
whistling,whistl,whistle
whit,whit,whit
white,white,white
whitehall,whitehal,whitehall
whiteness,white,whiteness
whiter,whiter,whiter
whitest,whitest,whitest
whither,whither,whither
whiting,white,white
whitmore,whitmor,whitmore
whitster,whitster,whitster
whitsun,whitsun,whitsun
whittle,whittl,whittle
whiz,whiz,whiz
whoa,whoa,whoa
whoe,whoe,whoe
whoever,whoever,whoever
whole,whole,whole
wholesome,wholesom,wholesome
wholesomest,wholesomest,wholesomest
wholly,wholli,wholly
whoo,whoo,whoo
whoop,whoop,whoop
whore,whore,whore
whoremaster,whoremast,whoremaster
whoremonger,whoremong,whoremonger
whoreson,whoreson,whoreson
whorish,whorish,whorish
whose,whose,whose
whoso,whoso,whoso
whosoe,whoso,whosoe
whosoever,whosoev,whosoever
wick,wick,wick
wicke,wick,wicke
wicked,wick,wicked
wickedness,wicked,wickedness
wicky,wicki,wicky
wide,wide,wide
widen,widen,widen
widow,widow,widow
widower,widow,widower
widowhood,widowhood,widowhood
wield,wield,wield
wife,wife,wife
wight,wight,wight
wightly,wightli,wightly
wil,wil,wil
wild,wild,wild
wilder,wilder,wilder
wilderness,wilder,wilderness
wildest,wildest,wild
wildfire,wildfir,wildfire
wildly,wildli,wildly
wildness,wild,wildness
wile,wile,wile
wilful,wil,wilful
wilfully,wil,wilfully
wilfulness,wil,wilfulness
will,will,will
willed,will,will
willer,willer,willer
willeth,willeth,willeth
willful,will,willful
willfully,will,willfully
william,william,william
williams,william,williams
willing,will,willing
willingly,willingli,willingly
willingness,willing,willingness
willoughby,willoughbi,willoughby
willow,willow,willow
wilt,wilt,wilt
wiltshire,wiltshir,wiltshire
win,win,win
wince,winc,wince
winchester,winchest,winchester
wincot,wincot,wincot
wind,wind,wind
windlass,windlass,windlass
windmill,windmil,windmill
window,window,window
windows,window,window
windpipe,windpip,windpipe
windre,windr,windre
windsor,windsor,windsor
windy,windi,windy
wine,wine,wine
wing,wing,wing
wingdall,wingdal,wingdall
wingfield,wingfield,wingfield
wingham,wingham,wingham
wink,wink,wink
winner,winner,winner
winnow,winnow,winnow
winter,winter,winter
winterly,winterli,winterly
wipe,wipe,wipe
wiping,wipe,wipe
wire,wire,wire
wiry,wiri,wiry
wis,wi,wis
wisdom,wisdom,wisdom
wise,wise,wise
wiseli,wise,wiseli
wisely,wise,wisely
wiseness,wise,wiseness
wiser,wiser,wiser
wish,wish,wish
wished,wish,wish
wisher,wisher,wisher
wishest,wishest,wishest
wisheth,wisheth,wisheth
wishful,wish,wishful
wisp,wisp,wisp
wist,wist,wist
wistly,wistli,wistly
wit,wit,wit
witch,witch,witch
witchcraft,witchcraft,witchcraft
witching,witch,witch
withal,withal,withal
withdraw,withdraw,withdraw
wither,wither,wither
withhold,withhold,withhold
within,within,within
withold,withold,withold
without,without,without
withstand,withstand,withstand
withstood,withstood,withstood
witless,witless,witless
witness,wit,witness
witnesseth,witnesseth,witnesseth
witte,witt,witte
witted,wit,witte
wittenberg,wittenberg,wittenberg
wittily,wittili,wittily
witting,wit,witting
wittingly,wittingli,wittingly
wittol,wittol,wittol
wittolly,wittolli,wittolly
witty,witti,witty
wive,wive,wive
wived,wive,wive
wives,wive,wife
wiving,wive,wive
wizard,wizard,wizard
wode,wode,wode
woe,woe,woe
woeful,woeful,woeful
woefull,woeful,woefull
woful,woful,woful
wofull,woful,wofull
wolf,wolf,wolf
wolsey,wolsey,wolsey
wolvish,wolvish,wolvish
woman,woman,woman
womanhood,womanhood,womanhood
womanish,womanish,womanish
womankind,womankind,womankind
womanly,womanli,womanly
womb,womb,womb
wombe,womb,wombe
womby,wombi,womby
women,women,woman
wonder,wonder,wonder
wonderful,wonder,wonderful
wonderfully,wonder,wonderfully
wonders,wonder,wonder
wondrous,wondrou,wondrous
wondrously,wondrous,wondrously
wonte,wont,wonte
woo,woo,woo
wood,wood,wood
woodbine,woodbin,woodbine
woodcock,woodcock,woodcock
wooden,wooden,wooden
woodland,woodland,woodland
woodman,woodman,woodman
woodmonger,woodmong,woodmonger
woods,wood,wood
woodstock,woodstock,woodstock
woodvile,woodvil,woodvile
woodville,woodvil,woodville
wooe,wooe,wooe
wooer,wooer,wooer
wooes,wooe,wooe
woof,woof,woof
wooing,woo,woo
wooingly,wooingli,wooingly
wool,wool,wool
woollen,woollen,woollen
woolly,woolli,woolly
woolsey,woolsey,woolsey
woolvish,woolvish,woolvish
woolward,woolward,woolward
worcester,worcest,worcester
word,word,word
words,word,word
wore,wore,wear
worest,worest,wor
work,work,work
worker,worker,worker
working,work,work
workman,workman,workman
workmanly,workmanli,workmanly
workmanship,workmanship,workmanship
worky,worki,worky
world,world,world
worldling,worldl,worldle
worldly,worldli,worldly
worm,worm,worm
worms,worm,worm
wormwood,wormwood,wormwood
wormy,wormi,wormy
worn,worn,wear
worried,worri,worry
worry,worri,worry
worse,wors,bad
worser,worser,worser
worship,worship,worship
worshipful,worship,worshipful
worshipp,worshipp,worshipp
worshipper,worshipp,worshipper
worshippest,worshippest,worshippest
worships,worship,worships
worst,worst,worst
worsted,worst,worst
wort,wort,wort
worth,worth,worth
worthie,worthi,worthie
worthiest,worthiest,worthiest
worthily,worthili,worthily
worthiness,worthi,worthiness
worthless,worthless,worthless
worthy,worthi,worthy
worts,wort,wort
wot,wot,wot
wotte,wott,wotte
would,would,would
wouldst,wouldst,wouldst
wound,wound,wound
wounded,wound,wound
wounding,wound,wound
wounds,wound,wound
wouns,woun,woun
woven,woven,weave
wow,wow,wow
wrack,wrack,wrack
wrangle,wrangl,wrangle
wrangler,wrangler,wrangler
wrangling,wrangl,wrangle
wrap,wrap,wrap
wrapp,wrapp,wrapp
wrapt,wrapt,wrapt
wrath,wrath,wrath
wrathful,wrath,wrathful
wrathfully,wrath,wrathfully
wre,wre,wre
wreak,wreak,wreak
wreakful,wreak,wreakful
wreath,wreath,wreath
wreathe,wreath,wreathe
wreathed,wreath,wreathe
wreathen,wreathen,wreathen
wreck,wreck,wreck
wren,wren,wren
wrench,wrench,wrench
wrest,wrest,wrest
wrestle,wrestl,wrestle
wrestler,wrestler,wrestler
wrestling,wrestl,wrestling
wretch,wretch,wretch
wretche,wretch,wretche
wretched,wretch,wretche
wretchedness,wretched,wretchedness
wretches,wretch,wretches
wring,wring,wring
wringer,wringer,wringer
wrings,wring,wring
wrinkle,wrinkl,wrinkle
wrinkles,wrinkl,wrinkle
wrist,wrist,wrist
writ,writ,writ
write,write,write
writer,writer,writer
writhle,writhl,writhle
writing,write,write
wrong,wrong,wrong
wronger,wronger,wronger
wrongful,wrong,wrongful
wrongfully,wrong,wrongfully
wrongly,wrongli,wrongly
wrongs,wrong,wrong
wroth,wroth,wroth
wrought,wrought,wrought
wrung,wrung,wrung
wry,wri,wry
wrye,wrye,wrye
wye,wye,wye
xanthippe,xanthipp,xanthippe
xii,xii,xii
xiii,xiii,xiii
xiv,xiv,xiv
yard,yard,yard
yards,yard,yard
yare,yare,yare
yarely,yare,yarely
yarn,yarn,yarn
yaughan,yaughan,yaughan
yaw,yaw,yaw
yawn,yawn,yawn
yawning,yawn,yawn
yclipe,yclipe,yclipe
yea,yea,yea
yead,yead,yead
year,year,year
yearly,yearli,yearly
yearn,yearn,yearn
yedward,yedward,yedward
yell,yell,yell
yellow,yellow,yellow
yellowness,yellow,yellowness
yelp,yelp,yelp
yeoman,yeoman,yeoman
yerk,yerk,yerk
yes,ye,yes
yesterday,yesterday,yesterday
yesternight,yesternight,yesternight
yesty,yesti,yesty
yet,yet,yet
yew,yew,yew
yield,yield,yield
yielder,yielder,yielder
yoeman,yoeman,yoeman
yoke,yoke,yoke
yoketh,yoketh,yoketh
yon,yon,yon
yond,yond,yond
yonder,yonder,yonder
yorick,yorick,yorick
york,york,york
yorkshire,yorkshir,yorkshire
young,young,young
younger,younger,young
younges,young,younge
youngest,youngest,young
youngle,youngl,youngle
youngling,youngl,youngle
youngly,youngli,youngly
younker,younker,younker
youth,youth,youth
youthful,youth,youthful
zany,zani,zany
zeal,zeal,zeal
zealous,zealou,zealous
zenelophon,zenelophon,zenelophon
zenith,zenith,zenith
zephyr,zephyr,zephyr
zir,zir,zir
zodiac,zodiac,zodiac
zone,zone,zone
zound,zound,zound
zounds,zound,zound
zwaggere,zwagger,zwaggere
