ngram,count
",",97882
.,35497
the,27016
and,25069
i,21808
to,18436
of,15863
a,14096
you,13548
:,13541
my,11857
that,10834
in,10531
is,10219
?,10039
not,8954
!,8857
it,7500
me,7484
with,7399
's,7377
for,7355
be,6648
he,6543
his,6513
your,6501
this,6430
but,6046
have,5742
as,5526
thou,5184
him,5068
'd,5033
will,4839
so,4822
what,4696
her,3836
thy,3726
all,3669
no,3650
do,3634
by,3604
we,3582
shall,3472
if,3426
are,3324
thee,3023
our,3014
on,2941
',2834
now,2714
good,2693
o,2661
lord,2644
from,2535
they,2456
sir,2451
come,2443
at,2443
she,2423
'll,2414
or,2331
was,2323
here,2280
let,2272
would,2246
more,2226
which,2190
there,2143
--,2127
how,2114
well,2103
am,2100
then,2098
enter,2047
their,1991
love,1942
them,1935
can,1909
man,1906
when,1904
hath,1843
than,1803
one,1750
an,1727
go,1686
upon,1671
like,1664
't,1656
king,1648
know,1635
us,1631
say,1625
may,1596
make,1582
did,1571
were,1536
yet,1524
should,1510
must,1464
why,1451
had,1391
see,1380
out,1349
such,1345
where,1310
give,1294
some,1281
these,1280
who,1272
too,1220
take,1175
speak,1135
most,1131
mine,1098
tell,1035
up,1034
father,1031
exeunt,1029
think,1003
much,1001
time,991
never,989
exit,954
heart,947
nor,924
men,913
great,874
hear,863
death,856
look,854
art,852
god,834
life,827
away,821
doth,809
hand,801
made,800
before,791
any,789
master,770
very,766
scene,764
ay,750
pray,744
again,741
true,737
lady,737
thus,733
own,724
sweet,715
fair,709
day,699
been,694
call,686
honour,676
fear,654
done,649
two,646
other,644
heaven,641
leave,639
world,639
name,638
eyes,635
being,629
night,627
duke,620
into,613
blood,611
down,611
could,608
[,608
],607
nothing,605
son,605
therefore,603
till,602
noble,601
poor,599
brother,596
ever,594
though,592
comes,590
old,586
whose,585
nay,582
both,579
hast,576
even,574
myself,568
way,555
grace,555
queen,554
better,553
against,550
first,540
many,537
stand,529
house,516
madam,515
those,514
dead,510
bear,509
still,509
every,505
find,502
peace,497
live,492
wife,485
off,481
head,480
word,479
put,477
within,475
keep,472
little,470
part,466
thing,463
might,463
friends,460
die,459
none,457
caesar,457
soul,447
mistress,446
himself,446
gone,444
set,444
show,442
bring,441
daughter,441
another,436
whom,436
stay,436
hold,435
long,432
lords,425
place,423
aside,423
unto,422
best,422
since,421
indeed,419
young,419
dear,417
mother,408
answer,407
else,406
fool,403
words,401
once,400
thine,399
friend,396
full,395
dost,394
face,393
france,393
woman,393
after,391
has,388
prince,388
about,386
tongue,383
eye,379
please,377
nature,368
three,367
boy,361
said,360
welcome,355
forth,353
without,353
fortune,351
thought,351
makes,349
ere,349
marry,348
mind,346
hope,346
faith,345
heard,345
hence,345
gentle,344
farewell,344
matter,343
follow,343
rest,339
sword,336
rome,331
home,331
came,331
bid,330
gods,329
play,328
does,328
cause,328
turn,325
right,325
husband,321
power,320
back,319
rather,319
henry,319
gentleman,316
hands,316
help,313
meet,312
things,311
lie,311
re-enter,311
use,307
ye,307
enough,305
thousand,305
earth,303
only,302
pardon,301
england,301
hour,300
truth,300
thank,296
act,296
get,294
fellow,292
fall,292
shame,291
sure,291
crown,291
hither,291
mean,289
same,289
state,288
news,287
shalt,286
mark,286
wilt,285
end,283
kill,279
reason,278
tears,277
yourself,275
honest,273
last,271
york,268
lay,268
body,268
far,266
fight,265
bed,265
false,264
n't,263
under,262
lost,261
kind,260
antony,256
means,256
arms,255
light,253
together,252
through,252
near,251
villain,251
sent,251
majesty,251
wit,251
wrong,250
seen,249
saw,249
fire,248
yours,248
youth,248
send,248
war,247
swear,247
cousin,245
break,245
sleep,245
strange,245
left,244
wish,243
richard,243
prove,240
fly,239
itself,237
gloucester,237
letter,237
child,236
court,235
return,235
spirit,234
while,234
john,234
present,233
business,232
believe,232
mad,231
devil,231
lies,230
sea,229
ne'er,229
thoughts,228
seek,226
between,224
edward,223
says,222
sun,222
servant,221
told,221
each,220
to-morrow,220
worthy,220
warwick,219
gold,219
high,218
beseech,218
cry,218
alas,217
ha,217
found,217
pity,217
bloody,216
service,216
people,216
prithee,215
gave,214
ii,214
talk,213
horse,213
foul,211
antipholus,211
desire,210
less,209
royal,208
alone,205
yes,205
grief,204
music,204
purpose,204
sit,204
further,203
half,203
land,203
care,203
thyself,202
breath,202
dare,202
gentlemen,201
draw,200
looks,200
sound,199
ho,199
brought,199
save,199
remember,199
seem,198
brutus,198
kiss,198
company,198
lose,197
read,195
ill,195
uncle,195
ear,195
general,194
knows,193
joy,192
virtue,192
wear,191
air,191
gracious,191
sister,191
given,191
happy,190
patience,189
iii,189
charge,189
law,189
loves,189
proud,189
holy,189
page,188
run,187
soldiers,187
others,187
o'er,187
i.,187
known,187
worth,187
comfort,186
late,186
maid,185
lives,185
hang,184
years,184
because,184
highness,184
serve,183
sorrow,183
field,182
free,182
country,182
sight,182
neither,181
times,181
ask,181
loved,181
arm,180
grave,180
work,179
pass,179
age,178
something,176
bound,176
warrant,175
side,175
cold,175
pleasure,174
days,174
doubt,174
mercy,173
cut,173
money,173
women,172
command,172
goes,172
didst,172
is't,171
need,171
'em,171
trust,171
born,170
thanks,169
strong,169
new,169
yea,169
french,169
to-night,167
certain,167
wind,167
canst,166
fault,166
either,166
fit,165
over,165
beauty,165
hearts,164
ears,164
knave,163
hector,163
truly,162
next,162
sake,161
enemy,161
hate,161
touch,159
foot,159
weep,158
haste,158
ring,158
brave,158
ah,157
hard,157
rich,157
wise,157
content,156
soldier,156
almost,156
ground,156
hell,155
sin,155
strike,155
hark,155
worse,154
open,154
stands,154
sovereign,154
heavens,154
having,153
praise,153
palace,153
don,153
justice,153
heavy,153
to-day,153
deed,153
took,152
iv,152
revenge,151
voice,151
fie,151
above,151
behold,151
english,150
course,150
merry,149
sad,148
cardinal,148
change,148
duty,148
sons,147
oath,147
coming,147
question,147
unless,147
straight,147
married,146
note,146
report,145
methinks,145
twenty,145
common,144
valiant,144
romeo,144
base,143
messenger,143
presently,143
ready,143
black,143
themselves,143
spoke,142
knew,142
drink,142
cassio,142
already,142
murder,142
hot,142
dog,142
lest,141
sick,141
city,141
sirrah,141
ten,141
yield,141
withal,139
four,139
oft,139
de,139
appear,139
person,139
liege,138
eat,138
ladies,138
point,138
needs,137
lead,137
suit,137
soon,137
confess,136
sing,136
deliver,136
want,135
walk,135
traitor,135
watch,135
tender,135
pay,134
met,134
flesh,134
past,133
room,133
dream,132
become,132
wherefore,132
just,131
wars,131
lips,131
signior,131
wonder,131
mouth,131
knight,131
morning,130
fare,130
lucius,129
sworn,129
deny,128
timon,128
flourish,128
moon,127
gives,127
speaks,127
captain,127
counsel,126
glad,126
beat,126
claudio,126
wherein,126
march,126
fetch,125
favour,125
bosom,125
attendants,125
grow,125
fast,125
bold,124
wouldst,124
speech,124
deep,124
five,124
pluck,123
slain,123
pale,123
got,123
witness,123
water,122
hours,122
office,122
bad,122
fell,122
sense,121
'twere,121
attend,121
letters,121
clarence,121
woe,121
sport,120
slave,120
honourable,120
kings,119
conscience,119
behind,119
children,119
suffolk,118
pretty,118
whole,118
door,118
quickly,117
soft,117
troilus,116
spirits,116
fortunes,116
town,115
win,115
rage,115
loss,115
seems,114
count,114
buckingham,114
anon,113
ourselves,113
begin,113
speed,113
write,113
margaret,112
entreat,112
mighty,112
hair,112
often,112
battle,112
bless,112
lordship,112
strength,111
second,111
excellent,111
saint,111
talbot,111
learn,111
along,111
banish,111
friar,110
offence,110
drum,109
issue,109
longer,109
whilst,109
besides,109
hamlet,109
white,108
living,108
masters,108
kate,108
marriage,108
vile,107
passion,107
tale,107
guard,107
enemies,107
offer,106
presence,106
nurse,106
hundred,106
princes,106
teach,106
pompey,106
dies,106
loving,105
valour,105
morrow,105
souls,105
paris,104
died,104
awhile,104
parts,104
lion,104
fashion,104
emperor,103
antonio,103
labour,103
hide,103
scorn,103
heads,103
plain,103
heir,103
ford,103
bears,103
deeds,102
action,102
close,102
noise,102
reads,101
dangerous,101
jest,101
lack,101
curse,101
danger,101
going,101
grant,101
feel,100
suffer,100
hadst,100
london,100
cast,100
force,100
fools,100
feast,100
poison,100
takes,100
went,99
mock,99
understand,99
promise,99
kingdom,99
laugh,99
throw,99
adieu,99
judgment,99
chance,99
shows,98
pride,98
doctor,98
herself,98
quick,98
case,98
whether,98
roman,98
woo,98
shake,98
marcius,98
paper,97
wisdom,97
somerset,97
angelo,97
gates,97
title,97
beg,96
move,96
respect,96
angry,96
wert,96
worship,95
castle,95
choose,95
chamber,95
humour,95
order,95
least,95
tent,95
subject,95
harm,95
prayers,94
writ,94
stood,94
form,94
worst,94
to't,94
consent,94
achilles,93
quarrel,93
plague,93
weak,93
match,93
blow,93
mortal,93
earl,93
buy,92
toward,92
kept,92
treason,92
judge,91
receive,91
hurt,91
thither,91
virtuous,90
stop,90
ta'en,90
lend,90
taken,90
'gainst,90
titus,89
vow,89
health,89
ass,89
fine,89
faults,89
falstaff,89
piece,89
calls,89
bastard,89
ours,89
jove,89
brief,89
cassius,89
won,89
forget,89
alive,89
whither,89
short,89
beard,88
burn,88
sorry,88
low,88
small,88
breast,88
commend,87
foolish,87
measure,87
forward,87
green,87
anne,87
laid,87
seal,87
third,87
patient,87
perceive,87
fill,87
pains,87
army,87
troth,87
iago,87
stir,86
prison,86
coward,86
fearful,86
e'er,85
obey,85
fled,85
forgot,85
opinion,85
honesty,85
golden,85
trumpet,84
dispatch,84
dull,84
try,84
glory,84
harry,83
troy,83
birth,83
servants,83
alarum,83
received,82
whence,82
host,82
drawn,82
carry,82
join,81
among,81
clifford,81
train,81
wounds,81
fresh,81
held,81
safe,81
brook,81
rise,80
're,80
quite,80
hearing,80
greater,80
thence,80
macbeth,80
awake,80
tower,80
broke,80
purse,79
feed,79
wine,79
shape,79
year,79
manner,79
blame,79
cross,79
dinner,78
pleased,78
lived,78
moved,78
trumpets,78
whereof,78
perform,78
simple,78
blind,78
book,78
prisoner,77
boys,77
folly,77
moor,77
trouble,77
walls,77
hero,77
street,77
desires,76
monster,76
cheer,76
holds,76
salisbury,76
knowledge,76
powers,76
dauphin,76
vain,76
shepherd,76
until,76
smile,76
amen,76
jew,75
hail,75
taste,75
demetrius,75
although,75
colour,75
steal,75
la,75
wild,75
sudden,75
wits,74
caius,74
for't,74
princely,74
widow,74
scarce,74
goodly,74
drown,74
tear,74
aught,74
view,74
yonder,74
know'st,74
do't,74
bones,74
ways,74
towards,74
bearing,73
several,73
motion,73
ajax,73
brain,73
alack,73
song,73
melancholy,73
dance,73
grows,73
beggar,73
quiet,73
round,73
creature,73
struck,73
dark,73
valentine,73
cunning,73
borne,72
blows,72
greatness,72
yourselves,72
terms,72
ancient,72
rosalind,72
knock,72
endure,72
proceed,72
double,72
jack,72
falls,72
bolingbroke,72
drop,72
approach,72
forgive,72
affection,72
wast,71
courtesy,71
juliet,71
whiles,71
'twixt,71
kneel,71
forbid,71
promised,71
malice,71
fellows,71
camp,71
honours,71
tongues,71
proof,71
neck,71
marcus,71
cried,71
wash,70
stars,70
used,70
beast,70
blessed,70
seven,70
choice,70
keeps,70
silence,70
bond,70
due,70
citizens,69
proteus,69
cheeks,69
charles,69
embrace,69
making,69
bitter,69
princess,69
liberty,69
shallow,69
occasion,69
shouldst,69
wall,69
edmund,68
advantage,68
excuse,68
owe,68
sings,68
doing,68
heels,68
twice,68
safety,68
wretched,68
defend,68
cleopatra,68
sort,68
rogue,68
silvia,68
bianca,68
damned,67
colours,67
chain,67
shore,67
brothers,67
swords,67
benedick,67
wrongs,67
private,67
guilty,67
manners,67
legs,67
catch,67
christian,67
rough,67
precious,67
fears,67
wound,66
meat,66
led,66
thunder,66
prepare,66
large,66
norfolk,66
madness,66
cheek,66
sharp,66
fury,66
depart,66
weary,66
foes,66
steel,65
courage,65
pure,65
wealth,65
athens,65
lancaster,65
fame,65
sometime,65
fail,65
quoth,65
secret,64
clear,64
drunk,64
food,64
fought,64
story,64
'twill,64
effect,64
deserve,64
desdemona,64
cruel,64
throne,64
kent,64
forest,64
pain,64
follows,64
request,64
bestow,63
thrice,63
becomes,63
claim,63
vi,63
silver,63
anger,63
post,63
rude,63
summer,63
practise,63
nose,63
oaths,63
idle,63
fat,63
fain,63
monstrous,63
foe,63
thief,63
study,63
remain,63
vows,62
few,62
lavinia,62
sometimes,62
church,62
loud,62
following,62
shadow,62
dry,62
v.,62
finger,62
niece,62
dishonour,62
pericles,62
lover,62
reasons,62
priest,61
gain,61
knee,61
wood,61
spend,61
hastings,61
wives,61
tune,61
helen,61
ones,61
proclaim,61
paid,61
bishop,61
montague,61
gift,61
wicked,60
crowns,60
lawful,60
subjects,60
swift,60
coriolanus,60
mayst,60
flowers,60
breathe,60
possess,60
sooner,60
betwixt,60
warlike,60
remembrance,60
fiend,60
winter,60
meaning,60
discourse,60
called,60
senators,60
demand,60
leaves,59
forsworn,59
stain,59
heat,59
dreadful,59
humbly,59
tybalt,59
instant,59
natural,59
feet,59
lucentio,59
storm,59
encounter,59
always,59
hit,59
bow,59
spent,59
argument,59
brow,59
red,58
lovers,58
repent,58
spare,58
percy,58
giving,58
leisure,58
horses,58
aid,58
weeping,58
octavius,58
cries,58
bright,58
consider,58
desperate,58
proper,58
lo,58
deserved,57
dromio,57
forbear,57
charity,57
offend,57
possible,57
reverend,57
beyond,57
goodness,57
thinks,57
protector,57
ease,57
broken,57
easy,57
rose,57
ship,57
evil,57
traitors,57
humble,57
dust,57
officers,57
abroad,56
peter,56
thrive,56
sigh,56
saying,56
stuff,56
wait,56
ghost,56
therein,56
stones,56
rain,56
tyrant,56
buried,56
wanton,56
seat,56
remedy,56
six,56
rare,56
officer,56
envy,56
trial,56
wench,56
shut,56
self,56
list,56
othello,56
nine,56
bids,55
spring,55
cupid,55
leonato,55
freely,55
mend,55
deal,55
betray,55
deceived,55
below,55
doors,55
happiness,55
teeth,55
fond,55
jewel,55
asleep,55
richmond,55
kindness,55
ransom,54
mirth,54
spite,54
voices,54
stone,54
mere,54
wrath,54
gallant,54
begins,54
countenance,54
grown,54
undone,54
fancy,54
venice,54
able,54
protest,54
sign,54
visit,54
daughters,54
former,54
wretch,54
lands,54
denied,53
romans,53
humphrey,53
meeting,53
knees,53
condition,53
girl,53
beatrice,53
heavenly,53
hopes,53
single,53
wings,53
toby,53
horns,53
hermia,53
perfect,53
public,53
griefs,53
clouds,53
sits,53
spoken,53
doom,52
gate,52
petruchio,52
flight,52
search,52
durst,52
learned,52
vengeance,52
realm,52
ducats,52
affairs,52
credit,52
northumberland,52
lysander,52
flies,52
streets,52
shed,52
dearest,52
seeing,52
authority,52
camillo,52
number,52
slender,52
weigh,52
hers,52
tribunes,52
nought,52
tomb,52
spake,51
swore,51
counterfeit,51
flatter,51
appears,51
provost,51
guess,51
hanged,51
lieutenant,51
blest,51
intend,51
delight,51
gross,51
bought,51
bardolph,51
innocent,51
burgundy,51
slander,51
damn,51
faces,51
suddenly,51
minds,51
cure,51
served,51
gown,50
cursed,50
seeming,50
empress,50
tree,50
warm,50
c,50
andronicus,50
particular,50
bade,50
bottom,50
vouchsafe,50
trick,50
george,50
despair,50
villany,50
blush,50
estate,50
winds,50
vice,50
greatest,50
beloved,50
quality,49
turns,49
womb,49
top,49
enjoy,49
table,49
tranio,49
absence,49
posthumus,49
obedience,49
heed,49
exeter,49
slaughter,49
sum,49
cease,49
meant,49
throat,49
render,49
knife,49
capulet,49
i'ld,49
pound,49
early,49
brings,49
plot,49
rule,49
tidings,49
perchance,49
sail,49
pyramus,49
bassanio,49
sickness,49
virtues,49
thomas,49
wake,49
sighs,49
convey,49
breed,49
rascal,48
helena,48
jealous,48
frown,48
stranger,48
intent,48
glass,48
egypt,48
modesty,48
dread,48
wont,48
ride,48
kinsman,48
deadly,48
challenge,48
empty,48
slow,48
aufidius,48
ambition,48
contempt,48
assure,48
satisfied,48
ends,48
commission,48
neighbour,48
triumph,47
names,47
hollow,47
darest,47
express,47
bark,47
ignorant,47
forsooth,47
seas,47
villains,47
portia,47
plead,47
gifts,47
hortensio,47
custom,47
supper,47
success,47
followers,47
reign,47
mortimer,47
contrary,47
except,47
employ,47
arthur,47
bend,47
quit,46
baptista,46
painted,46
memory,46
wide,46
naked,46
entertain,46
roderigo,46
tedious,46
sack,46
sacred,46
shot,46
garments,46
twelve,46
hereafter,46
outward,46
puts,46
bare,46
merit,46
angel,46
say'st,46
parted,46
herald,46
despite,46
ruin,46
offended,46
pisanio,46
perhaps,46
raise,46
prize,46
undertake,46
hie,46
season,46
resolved,46
reputation,46
fish,45
drops,45
cap,45
knights,45
loose,45
equal,45
sooth,45
horatio,45
crack,45
gentlewoman,45
lovely,45
agamemnon,45
beaten,45
bodies,45
dares,45
sides,45
victory,45
armour,45
ariel,45
fairly,45
conduct,45
maiden,45
abused,45
main,45
divine,45
o'clock,45
plantagenet,45
lust,45
devise,45
orleans,45
lock,45
rank,45
mars,45
repair,45
crave,45
sleeps,45
limbs,44
maintain,44
disposition,44
assured,44
fatal,44
glorious,44
knowing,44
william,44
imogen,44
flood,44
degree,44
clown,44
shortly,44
condemn,44
execution,44
methought,44
thrust,44
hugh,44
skill,44
according,44
constant,44
behalf,44
smiles,44
ladyship,44
liest,44
sheep,44
blessing,44
dying,44
treasure,44
flower,44
hid,44
maids,44
blunt,44
fits,44
thieves,44
utter,44
garden,43
capitol,43
graces,43
device,43
banquo,43
orlando,43
root,43
burning,43
fiery,43
taught,43
cup,43
tarry,43
sleeping,43
unknown,43
malvolio,43
brows,43
laertes,43
sees,43
desert,43
add,43
dreams,43
dearly,43
katharina,43
friendship,43
hubert,43
aim,43
runs,43
smell,43
civil,43
tempest,43
whore,43
knaves,43
sirs,43
salt,43
profit,42
press,42
dagger,42
bred,42
'faith,42
bury,42
bind,42
bawd,42
woes,42
monsieur,42
catesby,42
reverence,42
belike,42
finds,42
dogs,42
odds,42
prisoners,42
sorrows,42
brains,42
alike,42
policy,42
speaking,42
tread,42
thinking,42
haply,42
cave,42
prevail,42
apt,42
julia,42
revenged,42
lewis,42
chide,42
fate,42
displeasure,42
attended,42
frame,42
discover,42
party,42
advice,42
misery,42
changed,42
fathers,42
afraid,42
pair,42
midnight,41
constable,41
drums,41
minister,41
thou'rt,41
revolt,41
account,41
regard,41
weight,41
wither,41
month,41
retire,41
sore,41
charmian,41
grey,41
solemn,41
violent,41
hazard,41
advise,41
stomach,41
iron,41
apart,41
bird,41
impossible,41
mischief,41
greet,41
seest,41
deer,40
trade,40
oxford,40
perforce,40
cell,40
duchess,40
tut,40
star,40
shine,40
yond,40
bounty,40
grieve,40
peril,40
witch,40
wants,40
tells,40
creatures,40
sends,40
fairest,40
sway,40
temper,40
aeneas,40
pour,40
tamora,40
winchester,40
cost,40
native,40
henceforth,40
sounds,40
prepared,40
banished,40
aaron,40
heartily,39
weeds,39
babe,39
commanded,39
praised,39
chaste,39
fairy,39
places,39
lucilius,39
ripe,39
countrymen,39
clothes,39
fierce,39
emilia,39
inform,39
peers,39
necessity,39
staff,39
devils,39
marina,39
figure,39
months,39
unnatural,39
delay,39
debt,39
bite,39
sentence,39
saved,39
conceit,39
enobarbus,39
favours,39
hangs,39
fingers,39
forces,39
disgrace,39
unhappy,39
darkness,39
isle,39
surely,39
faint,39
firm,38
armed,38
slew,38
modest,38
suspect,38
think'st,38
hardly,38
habit,38
picture,38
pause,38
line,38
virgin,38
killed,38
wears,38
govern,38
lean,38
confirm,38
prey,38
earnest,38
image,38
amazed,38
lear,38
hateful,38
mistake,38
infinite,38
weapons,38
sell,38
marks,38
tide,38
banishment,38
remains,38
minute,38
wreck,38
stroke,38
sold,38
gaunt,38
big,38
ignorance,38
v,38
complexion,38
council,38
padua,38
kisses,38
wrought,37
arise,37
instrument,37
disguised,37
edge,37
pistol,37
unworthy,37
bride,37
object,37
difference,37
smooth,37
joan,37
entertainment,37
east,37
reward,37
sky,37
proved,37
amongst,37
vincentio,37
avoid,37
chair,37
dumb,37
deserves,37
nobles,37
companion,37
willing,37
monument,37
benefit,37
katharine,37
waste,37
ephesus,37
edgar,37
hill,37
nobility,37
murderer,37
ambitious,37
draws,37
stays,36
wounded,36
cressid,36
mouths,36
whip,36
wed,36
reading,36
rob,36
apparel,36
hal,36
friendly,36
cominius,36
hall,36
angels,36
wales,36
north,36
eros,36
elder,36
mayor,36
prayer,36
hercules,36
maria,36
pieces,36
bent,36
calm,36
nobly,36
forced,36
slept,36
stoop,36
lepidus,36
expect,36
sayest,36
rock,36
strikes,36
fairies,36
leg,36
britain,36
'the,36
defence,36
felt,36
sink,36
handkerchief,36
abuse,36
disdain,36
cat,36
special,36
le,36
acquainted,35
envious,35
length,35
diana,35
aboard,35
stronger,35
douglas,35
tremble,35
charm,35
glove,35
senses,35
attempt,35
accuse,35
mountain,35
commit,35
launcelot,35
numbers,35
otherwise,35
punish,35
corn,35
pandarus,35
amiss,35
lip,35
hat,35
parolles,35
francis,35
drive,35
costard,35
thurio,35
pleasures,35
language,35
slaves,35
diomed,35
blown,35
clock,35
circumstance,35
kindly,35
twain,35
gall,35
biron,35
cade,35
allow,35
purposes,35
dwell,35
worn,35
withdraw,35
eight,35
direct,35
tame,35
vantage,35
committed,34
sebastian,34
olivia,34
cymbeline,34
books,34
guest,34
morn,34
lamb,34
dignity,34
younger,34
hereford,34
standing,34
willingly,34
familiar,34
faithful,34
snow,34
leonatus,34
priam,34
dew,34
borrow,34
vessel,34
silent,34
patroclus,34
italy,34
sweat,34
strain,34
recover,34
wishes,34
miserable,34
looking,34
cares,34
thrown,34
laws,34
crying,34
groan,34
serves,34
passage,34
prologue,34
also,34
marvel,34
substance,34
roar,34
cover,34
jupiter,34
groans,34
partly,34
courtier,34
pocket,34
coz,34
renowned,34
fairer,34
island,33
task,33
confusion,33
esteem,33
biondello,33
speak'st,33
services,33
turned,33
cloten,33
milan,33
league,33
e'en,33
fox,33
passing,33
rotten,33
nights,33
sought,33
message,33
thereof,33
falsehood,33
bleed,33
beasts,33
gremio,33
confound,33
compass,33
acquaintance,33
discretion,33
charged,33
hostess,33
oh,33
grumio,33
affections,33
senate,33
perish,33
ulysses,33
wondrous,33
fruit,33
huge,33
lorenzo,33
began,33
conference,33
hanging,33
rail,33
polonius,33
worm,33
taking,33
casca,33
stolen,33
trojan,32
signs,32
wing,32
mount,32
rivers,32
chief,32
knit,32
temple,32
savage,32
ope,32
pinch,32
bassianus,32
advised,32
sins,32
urge,32
isabella,32
whisper,32
travel,32
window,32
shown,32
tyranny,32
earthly,32
cuckold,32
saucy,32
sceptre,32
weeps,32
start,32
beside,32
enforce,32
menenius,32
resolve,32
persuade,32
consul,32
goths,32
thersites,32
guarded,32
regan,32
kin,32
exchange,32
banquet,32
appetite,32
aumerle,32
observe,32
guildenstern,32
plays,32
knocking,32
gratiano,32
enterprise,32
fall'n,32
pomp,32
strive,32
pursue,32
physic,32
jealousy,32
seize,32
wholesome,32
bell,32
bertram,32
belly,32
cool,32
apemantus,32
furnish,32
cur,32
et,32
eternal,32
dish,32
secure,32
accept,32
pitch,31
smiling,31
suspicion,31
wept,31
quench,31
waters,31
players,31
usurp,31
ireland,31
zeal,31
fright,31
accursed,31
ashamed,31
barren,31
refuse,31
pleasant,31
alter,31
chase,31
appointed,31
bore,31
purchase,31
strife,31
merchant,31
nephew,31
attendant,31
fed,31
gather,31
coat,31
jessica,31
shoulders,31
suck,31
nestor,31
abide,31
continue,31
serpent,31
bravely,31
ruled,31
sour,31
profess,31
higher,31
cordelia,31
fields,31
absolute,31
grecian,31
wisely,31
grandam,31
error,31
freedom,31
looked,31
suppose,31
prick,31
satisfaction,31
height,31
leap,31
couldst,30
pen,30
absent,30
privilege,30
burthen,30
sounded,30
loath,30
naples,30
pitiful,30
gait,30
drew,30
tall,30
camest,30
toil,30
undo,30
birds,30
breach,30
directly,30
needful,30
honey,30
tempt,30
tricks,30
pucelle,30
tom,30
provide,30
possession,30
comest,30
troubled,30
loyal,30
alencon,30
written,30
gar,30
bar,30
rash,30
lately,30
leads,30
wolf,30
afeard,30
carried,30
rid,30
horn,30
lights,30
kindred,30
miss,30
fifty,30
hunt,30
basket,30
suits,30
gently,30
siege,30
beheld,30
odd,30
'scape,30
stage,30
varro,30
graves,30
pate,30
obedient,30
nation,30
moment,30
singing,30
macduff,29
tailor,29
mourn,29
feeling,29
parley,29
forty,29
weather,29
famous,29
peevish,29
pace,29
commands,29
thisby,29
ships,29
interest,29
westmoreland,29
octavia,29
parting,29
notice,29
bay,29
petty,29
thick,29
spur,29
joyful,29
garter,29
shapes,29
daily,29
desired,29
torture,29
boast,29
space,29
spoil,29
subtle,29
conclusion,29
corse,29
granted,29
delicate,29
lusty,29
commons,29
nerissa,29
pronounce,29
flow,29
rhyme,29
beshrew,29
jewels,29
andrew,29
raised,29
destroy,29
invisible,29
ran,29
beholding,29
removed,29
term,29
lovest,29
mild,29
dismiss,29
ophelia,29
resolution,29
dam,29
store,29
unfold,29
fares,29
yoke,29
easily,29
remove,29
spit,29
caught,29
kills,29
urged,29
stamp,29
curses,29
shook,29
audience,29
adam,29
humours,29
conquer,29
beauteous,29
censure,29
prospero,29
troop,29
pawn,29
visage,29
beware,28
conjure,28
placed,28
lad,28
reach,28
ago,28
goneril,28
theirs,28
conclude,28
preparation,28
goose,28
destruction,28
bohemia,28
provided,28
cowards,28
je,28
robert,28
learning,28
strumpet,28
whoreson,28
hairs,28
remorse,28
stream,28
ended,28
tyre,28
spleen,28
moral,28
advance,28
seldom,28
steps,28
aged,28
extremity,28
severally,28
assurance,28
renown,28
defy,28
step,28
'twould,28
crow,28
sat,28
terror,28
happily,28
wax,28
key,28
lesser,28
rosencrantz,28
foreign,28
cock,28
price,28
ferdinand,28
liberal,28
value,28
joys,28
stanley,28
sitting,28
nails,28
example,28
butcher,27
alarums,27
dozen,27
farther,27
journey,27
begun,27
pierce,27
beats,27
rosaline,27
virginity,27
supply,27
token,27
terrible,27
quarter,27
countess,27
hears,27
windsor,27
burst,27
shoot,27
knot,27
wander,27
opposed,27
viii,27
newly,27
syracuse,27
soil,27
rapier,27
weapon,27
grew,27
mar,27
'fore,27
imagination,27
rouse,27
cyprus,27
elbow,27
boot,27
robin,27
forfeit,27
cheque,27
actions,27
towns,27
aloud,27
behavior,27
harsh,27
fee,27
oracle,27
week,27
liking,27
melt,27
trees,27
troops,27
recompense,27
dress,27
share,27
greek,27
ceremony,27
kissing,27
discharge,27
satisfy,27
breaks,27
conquest,27
government,27
wink,27
sole,27
guilt,27
lent,27
rescue,27
injury,27
county,27
arrived,27
husbands,27
eagle,27
lying,27
vex,27
stretch,27
treacherous,27
wolsey,27
perjured,26
sisters,26
fifth,26
ink,26
points,26
intelligence,26
greeks,26
pick,26
herein,26
likes,26
spy,26
whate'er,26
apace,26
titinius,26
redeem,26
contract,26
human,26
conceive,26
shield,26
touching,26
praises,26
merely,26
throats,26
curst,26
dote,26
chamberlain,26
pack,26
villanous,26
proportion,26
laughter,26
lower,26
spurn,26
theme,26
delivered,26
strongly,26
allegiance,26
bleeding,26
stick,26
sue,26
prosperous,26
mile,26
senseless,26
whipped,26
talking,26
park,26
wills,26
sting,26
corrupt,26
stern,26
worcester,26
manhood,26
wot,26
veins,26
swallow,26
afternoon,26
jaques,26
shines,26
seeks,26
west,26
aspect,26
stock,26
mercutio,26
justly,26
grandsire,26
hated,26
closet,26
torment,26
apollo,26
paulina,26
gertrude,26
preserve,26
bidding,26
hermione,26
goddess,26
domitius,26
nice,26
certainly,26
isabel,26
shylock,26
shrewd,25
lines,25
dine,25
offices,25
matters,25
stephano,25
rush,25
yesterday,25
likewise,25
tied,25
roaring,25
stale,25
redress,25
creep,25
swears,25
spread,25
combat,25
orchard,25
commonwealth,25
dian,25
sufferance,25
messala,25
owes,25
nest,25
oak,25
fenton,25
writing,25
weakness,25
kingly,25
thereby,25
choler,25
begot,25
horrible,25
secrets,25
mass,25
requite,25
verona,25
loyalty,25
slay,25
scotland,25
rate,25
cressida,25
yellow,25
sweetly,25
growing,25
rebels,25
invention,25
yon,25
imperial,25
gaze,25
royalty,25
athenian,25
kingdoms,25
breeding,25
dat,25
youthful,25
safely,25
addition,25
claudius,25
lightning,25
opposite,25
aunt,25
signify,25
leaving,25
event,25
walks,25
metal,25
instruct,25
natures,25
miracle,25
deceive,25
hap,25
governor,25
instruments,25
eldest,25
publius,25
'no,25
immortal,25
forswear,25
band,25
sands,25
makest,25
guide,25
effects,25
running,25
ourself,25
hole,25
stocks,25
exile,25
palm,25
dame,25
mightst,25
carries,24
torch,24
cloud,24
craves,24
fleet,24
stubborn,24
breathed,24
beating,24
game,24
enforced,24
disease,24
drinking,24
attending,24
dispose,24
lament,24
trifle,24
moves,24
descend,24
repose,24
treachery,24
contents,24
despised,24
shift,24
reignier,24
lift,24
vii,24
inquire,24
flat,24
belch,24
gower,24
serious,24
shadows,24
naught,24
conditions,24
mettle,24
lucio,24
bosoms,24
evils,24
score,24
writes,24
retreat,24
setting,24
beggars,24
meantime,24
wooing,24
pays,24
strangely,24
shoulder,24
nym,24
telling,24
feather,24
rightly,24
increase,24
bush,24
wore,24
prevent,24
instantly,24
resign,24
swain,24
burns,24
pearl,24
busy,24
upo,24
strew,24
accused,24
boots,24
woful,24
lions,24
thane,24
slight,24
fearing,24
rejoice,24
altogether,24
giddy,24
supposed,24
phrase,24
welsh,24
mutiny,24
turning,24
breaking,24
marching,24
promises,24
scurvy,24
named,24
betimes,24
divide,24
contented,24
climb,24
ocean,24
tribute,24
diomedes,23
rebellion,23
ought,23
wronged,23
beams,23
cherish,23
unkind,23
trinculo,23
mask,23
conqueror,23
deck,23
polixenes,23
prosper,23
falling,23
likely,23
beguile,23
blue,23
yielded,23
dukedom,23
wail,23
babes,23
houses,23
livery,23
doubtful,23
pit,23
bedford,23
forsake,23
garland,23
tush,23
approve,23
miseries,23
rugby,23
whereon,23
deputy,23
arrest,23
apparent,23
sixth,23
breathing,23
cloak,23
laurence,23
voyage,23
shade,23
proceeding,23
society,23
denmark,23
luck,23
seeking,23
neighbours,23
ugly,23
stol'n,23
evermore,23
eleven,23
begg,23
scope,23
willow,23
steward,23
plant,23
amends,23
current,23
sovereignty,23
grievous,23
inward,23
tooth,23
determine,23
hourly,23
killing,23
lodge,23
adventure,23
kneels,23
qualities,23
iras,23
doublet,23
lark,23
madman,23
agrippa,23
glendower,23
wonderful,23
lodging,23
mothers,23
phebe,23
wager,23
forthwith,23
alexander,23
instance,23
moth,23
thirty,23
milk,23
threw,23
beget,23
medicine,23
mantua,23
disposed,22
ambassador,22
trunk,22
clerk,22
flattery,22
likeness,22
dowry,22
affect,22
nearer,22
rousillon,22
bread,22
softly,22
forms,22
drowned,22
burial,22
belarius,22
imagine,22
tarsus,22
beneath,22
les,22
direction,22
bringing,22
charms,22
amorous,22
execute,22
funeral,22
ministers,22
florence,22
manage,22
strokes,22
sets,22
waking,22
axe,22
wipe,22
venture,22
guests,22
perfection,22
stabs,22
poet,22
knocks,22
acts,22
couch,22
sith,22
answers,22
shout,22
proclamation,22
hungry,22
expedition,22
courteous,22
chiron,22
mowbray,22
deaf,22
beds,22
deposed,22
flint,22
noted,22
tend,22
works,22
goods,22
passes,22
orsino,22
bowels,22
its,22
fabian,22
election,22
cromwell,22
forehead,22
front,22
philip,22
careful,22
throws,22
sinews,22
rites,22
bottle,22
fix,22
hose,22
sensible,22
youngest,22
reply,22
heirs,22
poins,22
greeting,22
comforts,22
neptune,22
corioli,22
volsces,22
walter,22
'mongst,22
push,22
became,22
skin,22
divers,22
coast,22
sadness,22
riches,22
distance,22
school,22
lets,22
access,22
whereto,22
piteous,22
physician,22
hung,22
alcibiades,22
fourteen,22
infant,22
cawdor,21
kneeling,21
th,21
dumain,21
'item,21
box,21
was't,21
venom,21
coin,21
pleasing,21
wanting,21
drinks,21
require,21
converse,21
stopp,21
offences,21
merrily,21
fires,21
estimation,21
greece,21
waked,21
admit,21
sacrifice,21
titles,21
leontes,21
south,21
pole,21
porter,21
afoot,21
elements,21
dearer,21
surprised,21
build,21
entrance,21
notes,21
hey,21
flout,21
rogues,21
scratch,21
acquaint,21
load,21
ingratitude,21
putting,21
lays,21
nimble,21
neglect,21
deaths,21
parson,21
backs,21
touches,21
bargain,21
jot,21
swearing,21
immediately,21
thou'lt,21
assist,21
slip,21
soundly,21
juno,21
diest,21
speeches,21
crest,21
petition,21
exceeding,21
holding,21
bethink,21
alban,21
saturninus,21
shores,21
tents,21
scorns,21
rising,21
murderous,21
unkindness,21
prodigal,21
grieves,21
harbour,21
concerns,21
burden,21
scruple,21
accident,21
barbarous,21
everlasting,21
pernicious,21
dukes,21
peasant,21
bonds,21
befall,21
wheel,21
keen,21
amity,21
reckoning,21
sleeve,21
ratcliff,21
departure,21
plains,21
chosen,21
cleon,21
market-place,21
hue,21
suitor,21
punishment,21
r,21
boyet,21
chastity,21
lads,21
hounds,21
archbishop,21
profession,21
brown,21
mischance,21
vous,21
gaoler,21
notwithstanding,21
verses,20
vanish,20
surety,20
harmony,20
shun,20
tail,20
invite,20
divorce,20
tales,20
rights,20
deserts,20
afford,20
roses,20
compare,20
prevented,20
fever,20
brethren,20
stole,20
pox,20
mocks,20
working,20
stirring,20
fluellen,20
thread,20
hates,20
untimely,20
ancestors,20
scatter,20
create,20
devised,20
swell,20
mourning,20
innocence,20
record,20
hush,20
murderers,20
presume,20
cornwall,20
scholar,20
hangman,20
strangers,20
venus,20
vulgar,20
deceit,20
coxcomb,20
meanest,20
affliction,20
persons,20
briefly,20
smoke,20
ross,20
keeper,20
upright,20
infect,20
thankful,20
regent,20
helicanus,20
infected,20
raven,20
chin,20
menelaus,20
semblance,20
carriage,20
dorset,20
michael,20
tried,20
nightly,20
robes,20
bondage,20
division,20
breeds,20
drawing,20
labours,20
rack,20
attends,20
moe,20
rebel,20
knowest,20
bliss,20
guiltless,20
clean,20
musicians,20
dismal,20
excursions,20
river,20
bounds,20
fourth,20
meddle,20
ravish,20
grieved,20
marvellous,20
experience,20
see't,20
corporal,20
armado,20
intents,20
threatening,19
revenue,19
mankind,19
gallows,19
import,19
treasons,19
throng,19
calf,19
maine,19
frenchmen,19
drunken,19
'zounds,19
distress,19
approved,19
know't,19
middle,19
violence,19
legions,19
caliban,19
sails,19
prefer,19
commends,19
integrity,19
merciful,19
rocks,19
retires,19
endured,19
losing,19
mistook,19
framed,19
countryman,19
bootless,19
blot,19
richer,19
cruelty,19
exercise,19
reproof,19
evans,19
enmity,19
somewhat,19
drift,19
robe,19
flavius,19
evening,19
sugar,19
poverty,19
dainty,19
backward,19
expectation,19
escape,19
captains,19
ape,19
perpetual,19
incensed,19
powerful,19
especially,19
frowns,19
duties,19
unjust,19
hum,19
malcolm,19
tonight,19
hideous,19
parliament,19
complete,19
audrey,19
strict,19
agree,19
commodity,19
playing,19
manly,19
ado,19
pope,19
afar,19
sung,19
alexandria,19
nobler,19
vanity,19
rot,19
shoes,19
penny,19
watery,19
lap,19
trim,19
history,19
faction,19
sweetest,19
grass,19
aloof,19
convenient,19
nobody,19
coats,19
garment,19
employment,19
perjury,19
answered,19
religious,19
description,19
feeble,19
longaville,19
consequence,19
keeping,19
owl,19
nuptial,19
cinna,19
executed,19
duncan,19
pin,19
aloft,19
nod,19
lovell,19
helm,19
alexas,19
mood,19
wenches,19
slumber,19
level,19
destiny,19
purposed,19
potent,19
moreover,19
tie,19
filthy,18
restore,18
horror,18
fortunate,18
narrow,18
miles,18
varlet,18
silvius,18
hinder,18
hire,18
dangers,18
barnardine,18
multitude,18
pembroke,18
clamour,18
board,18
speedy,18
affected,18
design,18
rear,18
beguiled,18
fighting,18
stake,18
beastly,18
disturb,18
wedded,18
thereto,18
grossly,18
latter,18
bill,18
hotspur,18
menas,18
injuries,18
sights,18
robb,18
lafeu,18
persuasion,18
delights,18
blessings,18
salute,18
sheets,18
patricians,18
impatience,18
utmost,18
fulvia,18
chid,18
monarch,18
excellence,18
reproach,18
article,18
necessary,18
sup,18
crowned,18
awe,18
disguise,18
rue,18
purge,18
antiochus,18
trusty,18
mystery,18
frail,18
suitors,18
pledge,18
flame,18
sex,18
sennet,18
sailors,18
raging,18
liquor,18
iachimo,18
sicinius,18
process,18
split,18
determined,18
heinous,18
whit,18
titania,18
correction,18
rutland,18
stout,18
penance,18
waves,18
fixed,18
judas,18
ragged,18
whispers,18
bereft,18
messengers,18
canterbury,18
mantle,18
precedent,18
unseen,18
muster,18
ladder,18
agreed,18
canker,18
character,18
demands,18
relish,18
fray,18
oppose,18
cesario,18
que,18
offers,18
ashes,18
moonshine,18
vernon,18
devotion,18
stuck,18
tired,18
phoebus,18
persuaded,18
mariana,18
wandering,18
safer,18
corrupted,18
knavery,18
dislike,18
dove,18
cuckoo,18
starve,18
wag,18
advanced,18
followed,18
parents,18
turk,17
apprehend,17
thaisa,17
den,17
'ay,17
lief,17
cowardly,17
fellowship,17
bachelor,17
confession,17
believed,17
impatient,17
locks,17
confident,17
thin,17
chose,17
brace,17
mart,17
mountains,17
blushing,17
heap,17
holp,17
vision,17
plainly,17
understanding,17
haunt,17
address,17
foolery,17
mocking,17
proceedings,17
crows,17
craft,17
anjou,17
flattering,17
'god,17
throwing,17
minion,17
articles,17
patiently,17
dancing,17
descent,17
parentage,17
celestial,17
procure,17
pleases,17
charitable,17
flying,17
returned,17
sufficient,17
threaten,17
provoke,17
errand,17
gloves,17
bull,17
produce,17
celia,17
eats,17
'good,17
intended,17
degrees,17
curtain,17
quarrels,17
ice,17
dwells,17
witchcraft,17
leading,17
dover,17
motive,17
thisbe,17
steep,17
lartius,17
lechery,17
coronation,17
'this,17
prays,17
divided,17
statue,17
acknowledge,17
wi,17
battles,17
sustain,17
partner,17
est,17
distemper,17
grain,17
kinsmen,17
surrey,17
swelling,17
reasonable,17
dire,17
stops,17
will't,17
engaged,17
torches,17
sire,17
household,17
windows,17
counsels,17
scandal,17
bounteous,17
'm,17
wonders,17
debts,17
froth,17
limit,17
anointed,17
fan,17
returns,17
seized,17
albany,17
driven,17
infection,17
lists,17
you'ld,17
joint,17
baseness,17
gentleness,17
caps,17
marshal,17
christendom,17
verse,17
dined,17
'my,17
abhor,17
counsellor,17
hasty,17
toad,17
famish,17
jests,17
diseases,17
elizabeth,17
cannon,17
silly,17
reports,17
noblest,17
despise,17
derby,17
worms,17
ribs,17
drowsy,17
silk,17
grim,17
oswald,17
vent,17
roof,17
calling,17
err,17
humility,17
rascals,17
beginning,17
meed,17
nuncle,17
sickly,16
expense,16
assay,16
hunger,16
hatred,16
superfluous,16
coffin,16
storms,16
decay,16
proves,16
contain,16
sly,16
requires,16
horrid,16
enters,16
hare,16
noon,16
exploit,16
visitation,16
scot,16
instruction,16
abbey,16
prophesy,16
escalus,16
relieve,16
heel,16
function,16
stiff,16
lacks,16
julius,16
lute,16
respects,16
hunting,16
forlorn,16
conceal,16
succession,16
yielding,16
cheerful,16
gilded,16
flatterer,16
paint,16
performance,16
falsely,16
spurs,16
joints,16
skull,16
crept,16
aye,16
boldly,16
leaden,16
nobleness,16
empire,16
l'envoy,16
faster,16
branches,16
female,16
fates,16
changes,16
longing,16
steed,16
sheriff,16
rings,16
inch,16
intends,16
during,16
thousands,16
thursday,16
nigh,16
breakfast,16
succeed,16
flock,16
appeal,16
groom,16
pedant,16
pitied,16
brass,16
alliance,16
saturnine,16
pine,16
tutor,16
occasions,16
prosperity,16
amend,16
homage,16
fallen,16
complain,16
style,16
wedding,16
jaquenetta,16
vassal,16
choke,16
harvest,16
summon,16
burnt,16
benvolio,16
pull,16
relent,16
discord,16
topas,16
worser,16
wakes,16
bastards,16
infirmity,16
quince,16
eaten,16
crimes,16
shakes,16
provoked,16
concluded,16
cudgel,16
angiers,16
theseus,16
ventidius,16
dower,16
diet,16
ambassadors,16
priests,16
overthrow,16
road,16
patch,16
port,16
gage,16
velvet,16
boult,16
revenges,16
corruption,16
pedro,16
sans,16
bloods,16
oliver,16
trespass,16
tiger,16
arviragus,16
detested,16
shamed,16
warriors,16
casket,16
assault,16
bald,16
feasts,16
reap,16
rebuke,16
trembling,16
laughing,16
balm,16
boar,16
stead,16
rend,16
confidence,16
scourge,16
revels,16
shames,16
pursued,16
helps,16
subdued,16
viola,16
welkin,16
contend,16
bridegroom,16
guiderius,16
serving-man,15
cranmer,15
bells,15
vouch,15
be't,15
pregnant,15
uses,15
usurping,15
snatch,15
revel,15
richly,15
confer,15
fiends,15
worthless,15
played,15
awaked,15
bending,15
bona,15
frenchman,15
dismay,15
religion,15
sweeter,15
oppression,15
afterwards,15
admirable,15
worthiness,15
extend,15
cousins,15
've,15
readiness,15
ample,15
broad,15
philippi,15
avaunt,15
yields,15
mortality,15
prophet,15
impediment,15
hides,15
taint,15
hatch,15
threats,15
settled,15
weal,15
wiser,15
'what,15
lungs,15
indifferent,15
peep,15
chiefest,15
livest,15
rags,15
laying,15
pomfret,15
lance,15
dram,15
discharged,15
inclined,15
liver,15
pillow,15
truer,15
wolves,15
wet,15
trow,15
accent,15
'who,15
mistrust,15
be'st,15
opportunity,15
fruitful,15
subscribe,15
block,15
sadly,15
sums,15
capable,15
array,15
derived,15
puck,15
bait,15
race,15
troubles,15
studied,15
trifles,15
stomachs,15
bully,15
antenor,15
imprisonment,15
stabb,15
ghosts,15
created,15
causes,15
outside,15
frowning,15
nell,15
apply,15
gentry,15
lamentable,15
wearing,15
ridiculous,15
landed,15
vault,15
confined,15
linen,15
pleaseth,15
smother,15
fortinbras,15
talents,15
tenor,15
vein,15
belong,15
sullen,15
nobleman,15
bands,15
smallest,15
feeds,15
undergo,15
inn,15
meets,15
asked,15
rod,15
scarcely,15
naughty,15
highly,15
rated,15
date,15
painting,15
profane,15
region,15
moving,15
sauce,15
walking,15
moiety,15
courses,15
vast,15
balthasar,15
slanders,15
grandfather,15
neat,15
instead,15
gonzalo,15
ward,15
whatsoever,15
stirs,15
melted,15
lofty,15
stafford,15
pounds,15
cities,15
clap,15
bigger,15
shirt,15
ranks,15
added,15
feature,14
ruffian,14
enrich,14
oberon,14
reserved,14
compact,14
dunsinane,14
protect,14
jesu,14
neglected,14
losses,14
diamond,14
commendations,14
straw,14
insolence,14
approbation,14
perdita,14
laughed,14
repeat,14
papers,14
habits,14
compound,14
gladly,14
notorious,14
hautboys,14
attach,14
stab,14
scars,14
sicilia,14
reported,14
cheap,14
gazing,14
worldly,14
hume,14
print,14
branch,14
saints,14
charges,14
instinct,14
outlive,14
sober,14
complaint,14
weed,14
profound,14
deeply,14
events,14
extreme,14
dash,14
parties,14
thinkest,14
pastime,14
worthies,14
fence,14
unlike,14
fountain,14
constancy,14
circle,14
prophecy,14
lame,14
shameful,14
mightily,14
haughty,14
vanquish,14
listen,14
lucetta,14
truce,14
brawl,14
limb,14
loathsome,14
renew,14
dolabella,14
politic,14
pilgrimage,14
meaner,14
beautiful,14
million,14
belongs,14
toe,14
egg,14
afflict,14
disgraced,14
ebb,14
vilely,14
apprehension,14
restored,14
assume,14
surgeon,14
weighty,14
corner,14
pursuit,14
muse,14
champion,14
grove,14
t,14
keys,14
lasting,14
approaches,14
belief,14
moan,14
coldly,14
victorious,14
composition,14
mercury,14
likelihood,14
property,14
murders,14
traveller,14
peruse,14
herd,14
mouse,14
cornets,14
square,14
toys,14
tainted,14
silken,14
ned,14
harms,14
belmont,14
mockery,14
worthily,14
loathed,14
bulk,14
cuts,14
fertile,14
suffice,14
discipline,14
latest,14
cowardice,14
period,14
italian,14
confine,14
heal,14
bridge,14
bide,14
rheum,14
norway,14
practises,14
dissembling,14
howl,14
boldness,14
observance,14
author,14
digest,14
presented,14
surfeit,14
tempted,14
gilt,14
dried,14
abominable,14
bowl,14
penitent,14
tire,14
fights,14
idly,14
noses,14
fifteen,14
secrecy,14
built,14
rouen,14
simonides,14
bills,14
frighted,14
quake,14
harmless,14
were't,14
deserving,14
succor,14
scroop,14
shoe,14
proverb,14
peradventure,14
touchstone,14
ursula,14
mytilene,14
obtain,14
amain,14
repeal,14
shelter,14
plots,14
bank,14
pindarus,14
companions,14
lychorida,14
gets,14
plenty,14
philosophy,14
trojans,14
damnation,14
labouring,14
stealing,14
highest,14
prime,14
notable,14
candle,14
suffered,14
steals,14
witty,14
exceed,14
universal,14
pisa,14
disorder,14
happier,14
tax,14
abate,14
bushy,14
car,14
ballad,14
cook,14
blast,14
footing,14
admired,14
fantastical,14
homely,14
offered,14
gavest,14
couple,14
careless,14
bail,14
peaceful,13
fills,13
embraced,13
captive,13
entreats,13
passions,13
warning,13
truant,13
cambridge,13
launce,13
ashore,13
eunuch,13
dim,13
squire,13
extremes,13
churlish,13
adore,13
contemplation,13
starved,13
heaviness,13
prate,13
outrage,13
pronounced,13
toy,13
distracted,13
drives,13
theft,13
albeit,13
allay,13
ornament,13
thorough,13
rape,13
ascend,13
nathaniel,13
rests,13
file,13
transform,13
oppress,13
proudest,13
magic,13
achieve,13
beaufort,13
quantity,13
fitted,13
tomorrow,13
cheese,13
pestilence,13
witches,13
sanctuary,13
plucks,13
testimony,13
resist,13
take't,13
wedding-day,13
hills,13
parcel,13
blanch,13
underneath,13
fawn,13
worthiest,13
preserved,13
peer,13
amazement,13
dignities,13
immediate,13
girls,13
liar,13
showing,13
woods,13
cradle,13
leek,13
lascivious,13
lowly,13
roots,13
oblivion,13
'that,13
asunder,13
presents,13
dropp,13
eglamour,13
decius,13
diadem,13
levied,13
griffith,13
rightful,13
stray,13
payment,13
deformed,13
perceived,13
finding,13
mute,13
lustre,13
clay,13
ecstasy,13
plagues,13
hurts,13
proceeded,13
compell,13
discontented,13
warrior,13
figures,13
hecuba,13
starts,13
negligence,13
battery,13
pot,13
wished,13
antique,13
ale,13
frantic,13
recovered,13
capital,13
fleance,13
winged,13
parle,13
owner,13
devour,13
metellus,13
'tween,13
market,13
altar,13
finish,13
valued,13
pangs,13
bate,13
springs,13
scroll,13
purple,13
offender,13
reigns,13
discovery,13
fantasy,13
holiness,13
resort,13
injurious,13
endeavour,13
idleness,13
look'st,13
egyptian,13
wring,13
attain,13
servingman,13
motions,13
admiration,13
feats,13
pipe,13
embassy,13
dido,13
adder,13
mates,13
bud,13
graced,13
saving,13
dishes,13
april,13
furious,13
temples,13
holiday,13
brabantio,13
purchased,13
accusation,13
stirr,13
recount,13
mounted,13
oil,13
judgments,13
churchyard,13
waist,13
doubts,13
foil,13
fold,13
worthier,13
attire,13
wisest,13
mended,13
accidents,13
discontent,13
condemned,13
showers,13
marble,13
gallants,13
soothsayer,13
baby,13
peremptory,13
chat,13
torn,13
hack,13
cheerly,13
c.,13
arras,13
depend,13
afore,13
omit,13
tapster,13
privy,13
devilish,13
mutual,13
fasting,13
napkin,13
stand'st,13
lime,13
inherit,13
dionyza,13
unruly,13
descended,13
trod,13
talks,13
epitaph,13
rabble,13
wretches,13
raw,13
lodged,13
nativity,13
tribune,13
protection,13
unmannerly,13
banks,13
twelvemonth,13
future,13
drunkard,13
sixteen,13
handsome,13
assembly,13
ages,12
suffering,12
disloyal,12
centre,12
sheet,12
fife,12
minutes,12
sorts,12
taper,12
rode,12
gravity,12
flames,12
affair,12
questions,12
defeat,12
applaud,12
lightly,12
interim,12
crimson,12
beards,12
epilogue,12
plants,12
steeds,12
eating,12
rages,12
bagot,12
seated,12
brag,12
however,12
arrows,12
frailty,12
forgotten,12
bestowed,12
teaching,12
fowl,12
holla,12
actor,12
guts,12
deeper,12
thorns,12
tardy,12
strings,12
breathless,12
nourish,12
relief,12
spacious,12
donalbain,12
lennox,12
stool,12
piercing,12
secretly,12
curious,12
fancies,12
imprison,12
inheritance,12
downright,12
chances,12
support,12
wednesday,12
coventry,12
states,12
growth,12
husbandry,12
thumb,12
cloth,12
maidenhead,12
studies,12
dreamt,12
understood,12
daggers,12
latin,12
shroud,12
sunder,12
recreant,12
bone,12
ely,12
appoint,12
achieved,12
curs,12
vices,12
infancy,12
midwife,12
entreaty,12
pandar,12
opening,12
speedily,12
regal,12
borachio,12
rein,12
strengthen,12
speechless,12
infamy,12
refused,12
leagues,12
rises,12
badge,12
gloss,12
concerning,12
peto,12
compliment,12
required,12
collected,12
peck,12
commander,12
phoenix,12
spain,12
foh,12
grand,12
mingle,12
siward,12
barge,12
smells,12
servilius,12
wrinkled,12
hedge,12
plight,12
rumour,12
give't,12
caitiff,12
gallia,12
exquisite,12
arrant,12
revolted,12
tokens,12
courtesies,12
merriment,12
solicit,12
musician,12
bankrupt,12
son-in-law,12
chiefly,12
trebonius,12
cimber,12
florizel,12
ingrateful,12
inclination,12
folks,12
pirates,12
fret,12
proofs,12
examine,12
british,12
ensue,12
cords,12
greatly,12
affords,12
dissemble,12
executioner,12
thrift,12
applause,12
respected,12
submit,12
entreated,12
upward,12
resolute,12
eleanor,12
wasted,12
merits,12
loins,12
tenderness,12
'sblood,12
fact,12
pattern,12
calais,12
malicious,12
selfsame,12
debate,12
simplicity,12
pasture,12
shouts,12
permit,12
control,12
mingled,12
restraint,12
hunter,12
sweep,12
syllable,12
sow,12
mutius,12
vat,12
jerkin,12
reckon,12
tavern,12
penalty,12
cloudy,12
whoever,12
swim,12
slack,12
feeding,12
lunatic,12
shop,12
hound,12
sergeant,12
wrathful,12
madly,12
sepulchre,12
scale,12
florentine,12
buck,12
importune,12
follies,12
designs,12
howe'er,12
giant,12
heavier,12
monmouth,12
airy,12
tyrrel,12
directed,12
stockings,12
wayward,12
prating,12
mangled,12
crush,12
rub,12
fully,12
frenzy,12
ungentle,12
excess,12
luciana,12
unarm,12
comfortable,12
shrew,12
yesternight,12
corpse,12
rope,12
tyrannous,12
lambs,12
commandment,12
triumphant,12
denies,12
shrink,12
coil,12
manifest,12
personal,12
cue,12
breathes,11
horsemen,11
butt,11
pyrrhus,11
prompt,11
cases,11
pricks,11
opinions,11
greets,11
inches,11
dispersed,11
submission,11
passed,11
deceased,11
'it,11
tis,11
obscure,11
coffers,11
boon,11
comment,11
remainder,11
enraged,11
beggary,11
male,11
mirror,11
decree,11
nail,11
avouch,11
receipt,11
chivalry,11
choked,11
faulconbridge,11
woeful,11
size,11
stare,11
desolation,11
pious,11
fishes,11
torments,11
solemnity,11
signal,11
lane,11
birnam,11
hiss,11
crab,11
perilous,11
entrails,11
constance,11
spies,11
crafty,11
blushes,11
'we,11
unlawful,11
impart,11
ox,11
basest,11
cleave,11
daring,11
rescued,11
picked,11
detain,11
trip,11
gear,11
self-same,11
cured,11
imperious,11
goodman,11
moody,11
admitted,11
publish,11
alms,11
doting,11
betters,11
feathers,11
testament,11
mate,11
ache,11
proculeius,11
purses,11
display,11
wickedness,11
crew,11
blank,11
m,11
'scaped,11
chooseth,11
triumphs,11
sexton,11
actors,11
jump,11
faithfully,11
verily,11
wave,11
shower,11
possessed,11
clapp,11
trash,11
englishman,11
dishonest,11
scarf,11
recovery,11
beads,11
plenteous,11
observed,11
hecate,11
nan,11
marrying,11
frost,11
survey,11
asking,11
challenged,11
wealthy,11
trusted,11
adversaries,11
boisterous,11
impeach,11
assistance,11
beef,11
stinking,11
lazy,11
proclaimed,11
bias,11
ordinary,11
tullus,11
bolt,11
conspiracy,11
hymen,11
songs,11
degenerate,11
scarlet,11
'oman,11
snake,11
trot,11
measures,11
bequeath,11
staying,11
defiance,11
heavily,11
preferment,11
ruthless,11
weaker,11
fasten,11
done't,11
hew,11
tell'st,11
swifter,11
pigeons,11
pavilion,11
companies,11
retired,11
frederick,11
flaminius,11
handle,11
adverse,11
cicero,11
project,11
miranda,11
flatterers,11
mew,11
plainness,11
continent,11
britons,11
'if,11
quaint,11
generation,11
statutes,11
bites,11
chiding,11
mounsieur,11
mecaenas,11
caused,11
broils,11
jades,11
progress,11
leaf,11
westminster,11
void,11
jade,11
riot,11
wildly,11
perfume,11
brazen,11
pearls,11
daylight,11
damnable,11
rowland,11
getting,11
ague,11
bows,11
capacity,11
bars,11
arrested,11
carrion,11
relieved,11
frozen,11
misfortune,11
indignation,11
navarre,11
discovered,11
chains,11
arts,11
paltry,11
proffer,11
orator,11
marcellus,11
generally,11
goest,11
element,11
baser,11
boat,11
cato,11
unfortunate,11
cerimon,11
sleepy,11
housewife,11
quicken,11
sever,11
voluntary,11
sending,11
necks,11
practised,11
forged,11
beam,11
cull,11
mardian,11
spotted,11
montano,11
gap,11
deem,11
needless,11
distraction,11
marr,11
text,11
knell,11
pointing,11
gild,11
utterance,11
'thus,11
fourscore,11
usage,11
milford-haven,11
wages,11
pence,11
tables,11
concern,11
territories,11
rewards,11
traffic,11
lingering,11
vigour,11
remuneration,11
frank,11
hurl,11
overthrown,10
calchas,10
paradise,10
tyrants,10
vill,10
compulsion,10
relate,10
paragon,10
lewd,10
german,10
tabour,10
shrewdly,10
virgins,10
beadle,10
howling,10
miscarry,10
salarino,10
purged,10
tapers,10
heath,10
curb,10
lively,10
abuses,10
northern,10
farthest,10
louder,10
painter,10
surly,10
commonweal,10
harder,10
beauties,10
chafed,10
dice,10
advancing,10
dragon,10
compassion,10
enow,10
confessor,10
vexation,10
ports,10
goldsmith,10
waits,10
finely,10
item,10
yare,10
falcon,10
cabin,10
impose,10
appointment,10
chamber-window,10
ceremonies,10
armies,10
ominous,10
comedy,10
sequel,10
emulation,10
distinguish,10
cozened,10
grudge,10
famine,10
blemish,10
calamity,10
incense,10
gape,10
cozen,10
lodovico,10
volume,10
measured,10
tragedy,10
pilgrim,10
leader,10
factious,10
publicly,10
contagious,10
disperse,10
abject,10
adriano,10
diligence,10
eyelids,10
dieu,10
brakenbury,10
slippery,10
knives,10
distressed,10
wrote,10
volumnia,10
antonius,10
herne,10
suffers,10
sticks,10
shrewsbury,10
ensuing,10
hippolyta,10
mole,10
whereby,10
humorous,10
depose,10
sympathy,10
ornaments,10
gentler,10
glories,10
apes,10
unfit,10
marquess,10
antioch,10
appearance,10
copy,10
argues,10
arch,10
perdition,10
cassandra,10
wishing,10
budge,10
froward,10
sparrow,10
tucket,10
streams,10
clamorous,10
merchants,10
towers,10
messina,10
expected,10
thunders,10
choleric,10
observation,10
pageant,10
dames,10
repute,10
gadshill,10
provokes,10
'thou,10
glance,10
gripe,10
principal,10
rashness,10
jealousies,10
capon,10
model,10
appeared,10
jaws,10
senate-house,10
levy,10
striking,10
abhorr,10
dotage,10
chased,10
wilful,10
frankly,10
divinity,10
malady,10
floods,10
composed,10
member,10
midst,10
security,10
swoon,10
requests,10
madame,10
heralds,10
rat,10
alehouse,10
watchful,10
yeoman,10
rarest,10
mansion,10
exclaim,10
obscured,10
confused,10
humanity,10
agent,10
pulse,10
abandon,10
senior,10
uncertain,10
probable,10
meal,10
linger,10
watching,10
evidence,10
allowance,10
substitute,10
sphere,10
thorn,10
madonna,10
scar,10
spark,10
distinction,10
chambers,10
spider,10
'be,10
longs,10
schoolmaster,10
wary,10
heigh-ho,10
toss,10
shaking,10
entreaties,10
monsters,10
occupation,10
leonine,10
rarely,10
generous,10
drag,10
hearers,10
chorus,10
praising,10
tribe,10
he'ld,10
whistle,10
spell,10
globe,10
temperance,10
slanderous,10
walked,10
circumstances,10
affright,10
nicholas,10
courtiers,10
lysimachus,10
vaughan,10
images,10
impress,10
whereupon,10
rust,10
bondman,10
dirt,10
motley,10
chatillon,10
leather,10
licence,10
net,10
changing,10
philosopher,10
cope,10
offenders,10
votre,10
helenus,10
witnesses,10
murdered,10
freeze,10
tubal,10
dances,10
conception,10
irish,10
transported,10
debtor,10
corin,10
simply,10
takest,10
sap,10
illyria,10
biting,10
mess,10
poisonous,10
pages,10
gossip,10
whipp,10
verity,10
amaze,10
cedar,10
expressly,10
'shall,10
derive,10
herbs,10
sola,10
heave,10
web,10
dally,10
faintly,10
truest,10
controversy,10
path,10
pretence,10
wrestling,10
fooling,10
nightingale,10
stately,10
spoils,10
eloquence,10
flinty,10
chanced,10
consort,10
pupil,10
strangeness,10
happen,10
different,10
crooked,10
fidele,10
chapel,10
din,10
pilot,10
abhorred,10
sleeves,10
'when,10
carrying,10
crutch,10
vienna,10
education,10
serving-men,10
rehearse,10
contrived,10
madmen,10
receives,10
infants,10
sixpence,10
calpurnia,10
sped,10
plotted,10
'you,10
western,10
wiped,10
construe,10
beggarly,10
revive,10
spot,10
stark,10
gardiner,10
arguments,10
sports,10
vicious,9
exceeds,9
tawny,9
ordnance,9
accord,9
bellario,9
forgiveness,9
captives,9
admittance,9
hopeful,9
swan,9
breadth,9
starveling,9
cow,9
sinful,9
belie,9
cauldron,9
quietly,9
grapple,9
map,9
feign,9
incorporate,9
intolerable,9
isidore,9
dared,9
unborn,9
oration,9
'long,9
st.,9
kites,9
barr,9
verges,9
nations,9
blade,9
necessities,9
advantages,9
chop,9
guiltiness,9
ganymede,9
boatswain,9
ravenspurgh,9
invited,9
commanding,9
balance,9
kindle,9
puppet,9
prelate,9
smart,9
montjoy,9
briton,9
plough,9
judges,9
clubs,9
conversation,9
yard,9
hart,9
crime,9
harp,9
bon,9
puissant,9
crystal,9
surprise,9
austria,9
poetry,9
subdue,9
odious,9
goats,9
mistaking,9
greasy,9
echo,9
extremest,9
curtains,9
commended,9
planet,9
proclaims,9
bruised,9
reconcile,9
chides,9
wooden,9
trace,9
have't,9
loses,9
denial,9
thou'ldst,9
ligarius,9
confines,9
relation,9
venetian,9
lily,9
legate,9
hits,9
tenth,9
thigh,9
inconstant,9
trimm,9
ordain,9
buys,9
rhymes,9
christ,9
lick,9
idiot,9
faints,9
widows,9
hired,9
sprung,9
winking,9
purity,9
worships,9
nearest,9
calendar,9
fathom,9
blasted,9
sighing,9
prettiest,9
moulded,9
visor,9
bourn,9
gratify,9
redemption,9
important,9
flaw,9
crop,9
drowning,9
famed,9
groaning,9
howsoever,9
hale,9
insulting,9
dick,9
delivers,9
accordingly,9
gnaw,9
effected,9
mum,9
bags,9
tickle,9
dane,9
opens,9
dial,9
harfleur,9
judged,9
see'st,9
ending,9
whet,9
greekish,9
threat,9
plucked,9
sale,9
proudly,9
duck,9
shepherds,9
decline,9
quintus,9
seventh,9
thoroughly,9
dealing,9
basely,9
disdainful,9
eyne,9
smiled,9
whatever,9
call'st,9
provision,9
seemeth,9
headstrong,9
citizen,9
building,9
demanded,9
insolent,9
ability,9
gull,9
awaking,9
stealth,9
follower,9
chest,9
gregory,9
tunis,9
particulars,9
assembled,9
wherewith,9
poisons,9
pile,9
planted,9
perfections,9
whipping,9
treble,9
strato,9
salique,9
distract,9
stumble,9
forswore,9
dole,9
adversary,9
volumnius,9
inhabit,9
carve,9
affects,9
bauble,9
wedlock,9
strives,9
boughs,9
slightly,9
riotous,9
paul,9
snout,9
filth,9
ingenious,9
dinner-time,9
issues,9
brat,9
abode,9
consume,9
retain,9
trencher,9
climate,9
earnestly,9
travail,9
muffled,9
impression,9
dunghill,9
muddy,9
jolly,9
continual,9
iniquity,9
decreed,9
seals,9
beest,9
conflict,9
shaft,9
suns,9
new-made,9
costly,9
wretchedness,9
prized,9
shrift,9
adriana,9
rent,9
bag,9
baggage,9
il,9
displeased,9
wins,9
restrain,9
sonnet,9
compel,9
braggart,9
asses,9
urging,9
bretagne,9
owed,9
injustice,9
briers,9
puff,9
haunts,9
sparks,9
wooer,9
complaints,9
berkeley,9
hind,9
mutton,9
imitate,9
inspired,9
entirely,9
humbled,9
plate,9
characters,9
broach,9
sheathe,9
orb,9
patron,9
cheerfully,9
cleomenes,9
geffrey,9
detest,9
blossom,9
anchor,9
construction,9
incline,9
curtsy,9
continuance,9
hag,9
mire,9
'to,9
traitorous,9
rout,9
passages,9
uncles,9
casement,9
bitterly,9
mast,9
commendation,9
exempt,9
powder,9
salve,9
supper-time,9
lends,9
rusty,9
stem,9
plebeians,9
buds,9
spots,9
fitting,9
dissension,9
modern,9
wonted,9
cordial,9
pranks,9
girdle,9
rebellious,9
spectacle,9
fitter,9
tops,9
virgilia,9
easier,9
earls,9
alonso,9
courageous,9
queens,9
overdone,9
'for,9
martial,9
anything,9
bishops,9
doomsday,9
swells,9
dearth,9
lamentation,9
moons,9
contracted,9
shining,9
christians,9
nymphs,9
scant,9
lighted,9
needle,9
courts,9
non,9
blaze,9
usurer,9
therewithal,9
'he,9
antigonus,9
residence,9
members,9
wrinkles,9
confederates,9
inferior,9
breasts,9
veil,9
gulf,9
bawdy,9
ignoble,9
coronet,9
visited,9
answering,9
fitness,9
swallowed,9
miscarried,9
banners,9
supplied,9
navy,9
roundly,9
mines,9
summons,9
doubtless,9
warn,9
drugs,9
mistaken,9
braver,9
ante-chamber,9
offering,9
defect,9
lucullus,9
imports,9
forfend,8
wisdoms,8
fleece,8
furnished,8
accompany,8
passionate,8
valeria,8
opposition,8
declined,8
balls,8
scales,8
suggestion,8
seduced,8
ordinance,8
freshly,8
thyreus,8
elves,8
martius,8
skip,8
porpentine,8
sear,8
whelp,8
bigot,8
uncivil,8
dwelling,8
carefully,8
revengeful,8
sweeten,8
contains,8
aright,8
lowest,8
flute,8
foils,8
deliverance,8
expedient,8
scold,8
doves,8
catching,8
isis,8
ungracious,8
estates,8
rite,8
bedfellow,8
'hic,8
throughly,8
remembered,8
uttered,8
waiting,8
upbraid,8
enjoin,8
hearty,8
brake,8
propose,8
waving,8
betroth,8
thaw,8
hatches,8
violets,8
spectacles,8
gore,8
dispraise,8
satan,8
bitterness,8
clime,8
utterly,8
pictures,8
tigers,8
if't,8
domestic,8
baked,8
prerogative,8
tartar,8
fortnight,8
comparison,8
buckram,8
bubble,8
melting,8
sweets,8
hint,8
lousy,8
whale,8
pikes,8
succeeding,8
radiant,8
rooted,8
mould,8
mace,8
sailor,8
blasts,8
harmful,8
rivals,8
link,8
jocund,8
liquid,8
bestride,8
hereditary,8
glasses,8
edict,8
entering,8
cups,8
waxen,8
advancement,8
'but,8
bastardy,8
inhuman,8
blister,8
apparition,8
lenity,8
closed,8
nick,8
antic,8
dreaming,8
mary,8
rats,8
gesture,8
objects,8
creation,8
straightway,8
sways,8
gratis,8
apprehended,8
leaps,8
wight,8
tough,8
shipp,8
musty,8
dealt,8
drove,8
packing,8
limed,8
compounded,8
eager,8
claims,8
quest,8
angle,8
courtship,8
disobedience,8
justify,8
halter,8
livers,8
smack,8
'here,8
maidens,8
whispering,8
influence,8
taurus,8
slips,8
fails,8
'and,8
endeavours,8
litter,8
betide,8
correct,8
knots,8
begging,8
profits,8
comparisons,8
mariners,8
verge,8
grapes,8
hop,8
thaliard,8
mutinous,8
canidius,8
cherry,8
stored,8
castles,8
lamp,8
contrive,8
fouler,8
canopy,8
cobweb,8
antium,8
feigned,8
geese,8
whips,8
ewes,8
filling,8
jet,8
europe,8
club,8
hip,8
mustardseed,8
reveal,8
coal,8
legitimate,8
vale,8
surge,8
stratagem,8
usurper,8
pierced,8
tiber,8
harness,8
conceived,8
prattle,8
doit,8
dukedoms,8
nymph,8
smock,8
draught,8
lesson,8
jacob,8
firmly,8
cutting,8
childish,8
fist,8
aedile,8
cheques,8
method,8
bear'st,8
fondly,8
herod,8
solely,8
indian,8
cures,8
garlands,8
aunchient,8
brothel,8
knighthood,8
orderly,8
wanted,8
preferr,8
punished,8
hay,8
coffer,8
whoe'er,8
glittering,8
autolycus,8
barbary,8
escaped,8
decrees,8
persever,8
savour,8
advocate,8
hellish,8
unhallow,8
apple,8
gaping,8
guides,8
seasons,8
snuff,8
sew,8
scour,8
overcome,8
chronicle,8
toads,8
temperate,8
annoy,8
courtezan,8
speaker,8
ceres,8
failing,8
bedlam,8
covetous,8
porridge,8
breaths,8
sconce,8
heaved,8
reserve,8
thankfully,8
showed,8
pig,8
rides,8
industry,8
gasp,8
aemilius,8
drab,8
cleft,8
repetition,8
tongue-tied,8
moist,8
campeius,8
battlements,8
trembles,8
whereat,8
arrow,8
chastisement,8
bourdeaux,8
bated,8
milford,8
painful,8
egeus,8
grounds,8
mildly,8
unwholesome,8
forsook,8
givest,8
praying,8
'as,8
conrade,8
mustard,8
swine,8
consumed,8
faced,8
wrench,8
cord,8
neigh,8
liked,8
barber,8
confounds,8
spheres,8
ha't,8
doubted,8
healthful,8
pirate,8
eagles,8
savours,8
servile,8
functions,8
importing,8
hear'st,8
gorgeous,8
dissolve,8
drooping,8
owen,8
abundance,8
uttermost,8
aquitaine,8
suburbs,8
posterity,8
halt,8
turkish,8
spices,8
withhold,8
replied,8
frosty,8
dotes,8
bower,8
gamester,8
teaches,8
vizards,8
farm,8
transgression,8
rushes,8
reconciled,8
adding,8
majestical,8
sojourn,8
confounded,8
range,8
certainty,8
engine,8
forego,8
suppress,8
mocked,8
brands,8
disclosed,8
regions,8
spade,8
saddle,8
lantern,8
dressed,8
fetter,8
conjured,8
parchment,8
lieu,8
stings,8
iden,8
corners,8
consented,8
curtis,8
wrangling,8
cropp,8
closely,8
harlot,8
equally,8
sealed,8
avoided,8
hitherto,8
lawyer,8
depends,8
boil,8
bewray,8
counted,8
royally,8
commendable,8
languish,8
doctrine,8
irons,8
shillings,8
moderate,8
speakest,8
shriek,8
forfeiture,8
attorney,8
smelt,8
overcame,8
allowed,8
nicely,8
sacrament,8
pry,8
hiding,8
credulous,8
afterward,8
god-den,8
duteous,8
moonlight,8
remedies,8
recreation,8
sprites,8
posts,8
carlisle,8
athwart,8
feels,8
riddle,8
palate,8
timeless,8
railing,8
befits,8
parish,8
curio,8
talked,8
doubly,8
dig,8
gentles,8
braved,8
creeping,8
formal,8
fresher,8
deity,8
tarquin,8
greetings,8
devout,8
lastly,8
gorge,8
fickle,8
adversity,8
exact,8
planets,8
fraught,8
hood,8
morsel,8
holofernes,8
conquering,8
jars,8
bruise,8
confederate,8
coals,8
dedicate,8
duly,8
chaff,8
clamours,8
sequent,8
limits,8
suspected,7
interpret,7
strains,7
puritan,7
soar,7
consecrate,7
logs,7
pins,7
unwilling,7
skilful,7
effeminate,7
betake,7
o'erlook,7
offends,7
chimney,7
dart,7
abound,7
deceitful,7
'by,7
driving,7
scarus,7
scornful,7
lanthorn,7
bonny,7
washes,7
eternity,7
abides,7
abbess,7
qualify,7
covered,7
centaur,7
awry,7
churchmen,7
copper,7
james,7
seyton,7
dogberry,7
session,7
thames,7
o'ertake,7
philomel,7
ethiope,7
dive,7
obdurate,7
religiously,7
counts,7
drench,7
flag,7
womanish,7
fardel,7
behaviors,7
continues,7
roused,7
grease,7
stephen,7
using,7
wrestler,7
almighty,7
tewksbury,7
outrun,7
perfumed,7
solemnly,7
benefits,7
bracelet,7
wiltshire,7
scots,7
sufficeth,7
angus,7
butter,7
scape,7
darkly,7
beau,7
unjustly,7
gains,7
unquiet,7
unclasp,7
discern,7
gloucestershire,7
wrestle,7
jeweller,7
secretary,7
merrier,7
approaching,7
throughout,7
afflicted,7
fishermen,7
mischiefs,7
peaseblossom,7
ergo,7
monkey,7
brew,7
imminent,7
meek,7
bran,7
boarded,7
titan,7
brine,7
parallel,7
wooers,7
thump,7
defiled,7
brags,7
glow,7
family,7
wrongfully,7
summers,7
spotless,7
importuned,7
knavish,7
skirmish,7
probation,7
jar,7
death-bed,7
viands,7
bench,7
solace,7
thirst,7
raising,7
baleful,7
weaver,7
sores,7
corinth,7
ides,7
macmorris,7
contagion,7
ostler,7
prouder,7
preposterous,7
fingres,7
pursues,7
rascally,7
regiment,7
obsequies,7
stabbing,7
declare,7
excels,7
fainting,7
unprovided,7
reputed,7
millions,7
galled,7
lackey,7
melun,7
ram,7
endless,7
bravery,7
embark,7
flew,7
diamonds,7
repentance,7
boundless,7
resemble,7
acquit,7
packet,7
graze,7
swoons,7
lottery,7
wren,7
shrunk,7
eggs,7
liberties,7
gaol,7
fry,7
cog,7
butchers,7
moneys,7
ma,7
itch,7
pith,7
trenches,7
honestly,7
panthino,7
earn,7
hard-hearted,7
transformed,7
snail,7
brooks,7
herb,7
staves,7
discovers,7
conjunction,7
shin,7
touched,7
robbers,7
murdering,7
woodcock,7
maim,7
orphans,7
keepers,7
consorted,7
charter,7
jerusalem,7
wilderness,7
sot,7
misled,7
vine,7
bedchamber,7
highway,7
tragic,7
wildness,7
sand,7
ripen,7
instructions,7
b,7
churl,7
gobbo,7
physicians,7
clip,7
seigneur,7
audacious,7
hopeless,7
droop,7
doe,7
requital,7
fearfully,7
serpents,7
cadwal,7
hinds,7
bandy,7
ware,7
anguish,7
channel,7
peal,7
ungrateful,7
bit,7
translate,7
licio,7
ceremonious,7
entertained,7
womanhood,7
distinctly,7
convoy,7
generals,7
thereupon,7
desolate,7
dialogue,7
accounted,7
today,7
remote,7
woo't,7
sentinels,7
contention,7
threatens,7
adultery,7
somebody,7
missing,7
downfall,7
re,7
chuck,7
besiege,7
guards,7
grecians,7
mow,7
robs,7
conspire,7
consideration,7
disciplines,7
changeling,7
hidden,7
aliena,7
discomfort,7
goat,7
upper,7
subscribed,7
constrain,7
factions,7
cambio,7
direful,7
ish,7
darts,7
forester,7
convert,7
stable,7
travels,7
glamis,7
impudent,7
mildness,7
bees,7
pestilent,7
amiable,7
skies,7
differences,7
cage,7
kerns,7
knew'st,7
establish,7
cloy,7
alice,7
en,7
spaniel,7
indirectly,7
wasteful,7
kite,7
pentapolis,7
release,7
drudge,7
sall,7
excused,7
rapt,7
pedlar,7
owest,7
ginger,7
warp,7
sunshine,7
seemed,7
hearken,7
thirsty,7
amount,7
'she,7
tides,7
imposition,7
digg,7
liars,7
autumn,7
trivial,7
seleucus,7
player,7
grooms,7
uneven,7
syracusian,7
supreme,7
selves,7
recorded,7
eastcheap,7
cushion,7
threefold,7
winters,7
razed,7
horribly,7
assign,7
cross-gartered,7
salanio,7
ambush,7
organs,7
despiteful,7
tends,7
peculiar,7
wooes,7
flows,7
palaces,7
coupled,7
strongest,7
vail,7
spear,7
jewry,7
carthage,7
enlarge,7
stayed,7
entered,7
cornelius,7
'pardon,7
rancour,7
accompanied,7
mellow,7
broil,7
philostrate,7
letting,7
lass,7
thereon,7
musical,7
oxen,7
stepp,7
taunt,7
treads,7
liable,7
hook,7
fashions,7
turks,7
samson,7
wrangle,7
depth,7
taunts,7
truths,7
acted,7
combine,7
alcides,7
concord,7
blots,7
rushing,7
atone,7
epidamnum,7
armourer,7
tuesday,7
multitudes,7
o'erwhelm,7
hawk,7
lightens,7
rules,7
lengthen,7
dalliance,7
carriages,7
complexions,7
parthia,7
ostentation,7
quietness,7
befal,7
hovel,7
tumble,7
realms,7
bridal,7
bode,7
riding,7
indirect,7
perused,7
eke,7
graceful,7
soften,7
rosemary,7
alteration,7
hoar,7
suited,7
sycorax,7
wage,7
pockets,7
declining,7
havoc,7
dispense,7
untie,7
station,7
melody,7
miracles,7
venge,7
soldiership,7
ravenous,7
peasants,7
humbleness,7
delays,7
suborn,7
peerless,7
fa,7
welcomes,7
conveyance,7
brooch,7
spied,7
salerio,7
thorny,7
severe,7
stalk,7
precepts,7
sunday,7
accomplish,7
gay,7
snug,7
conclusions,7
aegeon,7
throned,7
bewitch,7
mature,7
artificial,7
tasted,7
ventures,7
overtake,7
honourably,7
mortals,7
testify,7
partake,7
laughs,7
nut,7
oftentimes,7
syria,7
temporal,7
loaden,7
mounting,7
cooling,7
doctors,7
mightiest,7
luxury,7
platform,7
normandy,7
inclining,7
haven,7
fruits,7
eve,7
striving,7
descends,7
ills,7
portion,7
lurk,7
raiment,7
ruminate,7
elsewhere,7
bourbon,7
sulphurous,7
ghostly,7
whores,7
juice,7
righteous,7
exton,7
bernardo,7
bended,7
pie,7
jig,7
seats,7
courtly,7
incest,7
weighs,7
portly,7
heigh,7
travell,7
constraint,7
gossips,7
lovel,7
huntsman,7
encountered,7
helmet,7
citadel,7
imagined,7
kissed,7
lucy,7
churchman,7
salutation,7
s,7
helping,7
lioness,7
prodigious,7
merchandise,7
entire,7
belonging,7
lances,7
lineal,7
bountiful,7
madest,7
dear'st,7
india,7
breeches,7
climbing,7
minded,7
withered,7
regards,7
regarded,7
attendance,7
wantonness,7
conspirators,7
malignant,7
merited,7
mean'st,7
hapless,7
cargo,7
proposed,7
lullaby,7
hasten,7
covering,7
buckle,7
negligent,7
feasting,7
abhorson,7
clothe,7
heart-blood,7
safest,7
crosses,7
interpreter,7
oyster,7
assail,7
unity,7
borrowed,7
tailors,7
acting,7
mistresses,6
warmth,6
eyeless,6
infectious,6
sicily,6
volscian,6
engender,6
saw't,6
lump,6
commanders,6
benediction,6
builds,6
plucking,6
ilion,6
whitmore,6
prunes,6
sentenced,6
consuls,6
rive,6
hats,6
reek,6
prolong,6
unable,6
danish,6
pageants,6
apothecary,6
brawling,6
cram,6
o'erthrown,6
theatre,6
kennel,6
meditation,6
hoping,6
hardness,6
creditor,6
charmed,6
brood,6
a-bed,6
madcap,6
examples,6
pat,6
pool,6
arden,6
nettles,6
confirmation,6
swinged,6
wrong'st,6
capulets,6
solemnized,6
discontents,6
nile,6
carpenter,6
coy,6
shameless,6
clout,6
card,6
shouting,6
awful,6
diseased,6
wheat,6
invest,6
nerves,6
arbitrement,6
graver,6
tending,6
deign,6
civility,6
imaginary,6
buckled,6
vulcan,6
bane,6
brutish,6
chariot,6
sharper,6
unadvised,6
enfranchisement,6
laments,6
rubs,6
agincourt,6
pretend,6
caskets,6
plea,6
'your,6
napkins,6
life-blood,6
empery,6
terrors,6
presenting,6
eastern,6
butts,6
exactly,6
gash,6
frights,6
slily,6
timorous,6
idol,6
recoil,6
forked,6
strip,6
great'st,6
spaniard,6
severn,6
stony,6
mated,6
'banished,6
unrest,6
clitus,6
robbery,6
offending,6
overborne,6
forbids,6
spared,6
dispositions,6
quarters,6
lamps,6
whipt,6
bleeds,6
errors,6
misuse,6
mightier,6
sentences,6
prospect,6
offspring,6
penury,6
tunes,6
elysium,6
humble-bee,6
exchequer,6
daniel,6
travellers,6
denying,6
dug,6
shunn,6
celebrate,6
xi,6
shifts,6
cats,6
wheresoe'er,6
affrighted,6
cart,6
unwillingly,6
aspiring,6
looking-glass,6
boats,6
plume,6
want'st,6
fun,6
cursing,6
issued,6
sandy,6
instances,6
lopp,6
namely,6
manifold,6
usual,6
register,6
first-born,6
longest,6
populous,6
flatteries,6
receiving,6
comforted,6
perplex,6
resides,6
attempts,6
go'st,6
departed,6
francisco,6
imputation,6
unsatisfied,6
advertised,6
countries,6
shorter,6
combined,6
impious,6
gored,6
admits,6
venison,6
gray,6
feat,6
bethought,6
accents,6
ix,6
unlucky,6
brotherhood,6
chancellor,6
swallowing,6
protestation,6
foresee,6
brawls,6
philario,6
genius,6
bathe,6
discarded,6
values,6
incur,6
exceedingly,6
bespoke,6
magistrates,6
spill,6
howsoe'er,6
hug,6
sacrifices,6
digested,6
censured,6
lamenting,6
royalties,6
saw'st,6
openly,6
merciless,6
presumption,6
disaster,6
hitherward,6
suggest,6
exposed,6
captivity,6
unite,6
auspicious,6
vainly,6
purgation,6
martyr,6
suppliant,6
dejected,6
confiscate,6
henceforward,6
stride,6
invites,6
reflection,6
promising,6
niggard,6
erpingham,6
chests,6
rails,6
masque,6
agrees,6
sempronius,6
challenger,6
osric,6
stains,6
carrier,6
stamps,6
ditch,6
rejoicing,6
respite,6
ooze,6
dulcet,6
deiphobus,6
delightful,6
forres,6
convince,6
pluto,6
recall,6
charming,6
shuts,6
toucheth,6
russian,6
pardons,6
basis,6
justices,6
trusting,6
encounters,6
sloth,6
necessaries,6
greyhound,6
privately,6
cushions,6
washed,6
halberds,6
brier,6
infirmities,6
ensues,6
soever,6
'in,6
keep'st,6
cottage,6
qualified,6
refuge,6
evident,6
myrmidons,6
hypocrite,6
wheels,6
stooping,6
waken,6
lethe,6
seem'st,6
unkindly,6
horrors,6
waft,6
prophecies,6
digestion,6
doubled,6
baited,6
orbs,6
outlaws,6
bestrid,6
monarchs,6
bits,6
defended,6
containing,6
daws,6
brandish,6
deservings,6
eyesight,6
potion,6
cloven,6
posted,6
grievously,6
elsinore,6
pulpit,6
roll,6
dusky,6
despairing,6
admire,6
hardy,6
confessed,6
nursed,6
doff,6
scout,6
overheard,6
shoots,6
exceptions,6
proportions,6
varrius,6
fee-simple,6
testy,6
alisander,6
galleys,6
believe't,6
presage,6
welshman,6
goth,6
lash,6
brach,6
replete,6
bristol,6
hobby-horse,6
forbearance,6
scared,6
reprieve,6
halfpenny,6
mannerly,6
saves,6
clog,6
formerly,6
beaver,6
'not,6
meals,6
swiftly,6
lineaments,6
caution,6
officious,6
quillets,6
melodious,6
judgement,6
unsettled,6
puissance,6
pricket,6
quondam,6
diligent,6
canary,6
strangle,6
parcels,6
embracing,6
exiled,6
creditors,6
instructed,6
marian,6
safeguard,6
dregs,6
mote,6
dolphin,6
vapours,6
outrageous,6
trodden,6
bawds,6
chrish,6
securely,6
puny,6
pauca,6
hog,6
allies,6
heaps,6
preservation,6
treasury,6
trump,6
tearing,6
military,6
abstract,6
mud,6
trail,6
bribe,6
'do,6
'let,6
quaintly,6
supple,6
implore,6
needy,6
aptly,6
juvenal,6
dropping,6
coeur-de-lion,6
elephant,6
partners,6
masks,6
firmament,6
bonnet,6
'amen,6
constantly,6
tickled,6
quell,6
slaughter-house,6
lucrece,6
rhetoric,6
gallop,6
ounce,6
poorest,6
finer,6
mamillius,6
authorities,6
con,6
enrolled,6
begs,6
skirts,6
target,6
hilts,6
salvation,6
couched,6
willoughby,6
obligation,6
coal-black,6
career,6
tinker,6
writers,6
shock,6
l,6
weeks,6
wrest,6
nonny,6
sea-side,6
beset,6
arithmetic,6
maintained,6
bout,6
spurns,6
babbling,6
whereas,6
lightness,6
gowns,6
dragons,6
pennyworth,6
exploits,6
nilus,6
sa,6
discuss,6
reformation,6
tripping,6
likest,6
broker,6
fog,6
gnats,6
pities,6
dirty,6
penitence,6
indignity,6
erst,6
fery,6
arraign,6
olympus,6
survive,6
revolts,6
providence,6
pent,6
dissolved,6
eighteen,6
dews,6
devices,6
pandulph,6
lucifer,6
drunkards,6
conspired,6
coach,6
sawest,6
tumult,6
ply,6
glean,6
bleak,6
acceptance,6
folded,6
rung,6
appellant,6
albion,6
brentford,6
fling,6
slipp,6
supplication,6
dowager,6
verified,6
aches,6
tickling,6
embracements,6
accomplished,6
servingmen,6
nunnery,6
source,6
poise,6
incontinent,6
lustful,6
covert,6
maw,6
rider,6
supplant,6
hen,6
reprove,6
wooed,6
haps,6
fitly,6
strucken,6
barks,6
depending,6
dawning,6
ravished,6
sweet-heart,6
sinister,6
aediles,6
stairs,6
sucking,6
poorly,6
engenders,6
sanctity,6
spiritual,6
strait,6
thetis,6
prevention,6
ruinous,6
'come,6
accusers,6
thanes,6
discreet,6
'farewell,6
tuned,6
sociable,6
blowing,6
richest,6
quarrelling,6
becoming,6
astonish,6
sicken,6
accusations,6
grin,6
roars,6
aims,6
foresaid,6
surveyor,6
ruler,6
prop,6
caves,6
lamented,6
tractable,6
arrival,6
wholly,6
childhood,6
unusual,6
heresy,6
pense,6
potency,6
paying,6
dungeon,6
expecting,6
distill,6
southwell,6
attired,6
devoted,6
obsequious,6
pelting,6
barons,6
heaviest,6
promontory,6
dion,6
fastolfe,6
finest,6
considered,6
macedon,6
shipping,6
sorely,6
singular,6
arrogance,6
wounding,6
violet,6
conquerors,6
innocency,6
ne,6
bespeak,6
partial,6
carved,6
currents,6
provinces,6
kindled,6
seed,6
seventeen,6
celerity,6
admiral,6
levity,6
festival,6
reckless,6
extended,6
persuades,6
customary,6
haunted,6
well-a-day,6
windy,6
intercession,6
bragging,6
berries,6
'alas,6
sincerity,6
soonest,6
nephews,6
ninth,6
wakest,6
dominions,6
waited,6
thanked,6
sued,6
ensign,6
glistering,6
mounts,6
oui,6
fort,6
bodes,6
cloister,6
professes,6
shipwreck,6
englishmen,6
hyperion,6
exclaims,6
across,6
gusts,6
hallow,6
governed,6
medlar,6
te,6
external,6
hoodwink,6
excepted,6
minola,6
refresh,6
aweary,6
vanities,6
durance,6
scolding,6
wondering,6
distrust,6
detestable,6
earthy,6
enjoys,6
misdoubt,6
lawless,6
shrine,6
colder,6
bolder,6
horseback,6
rates,6
germany,6
petitions,6
popular,6
dastard,6
descry,6
rhodes,6
canon,6
december,6
earthquake,6
sweetness,6
chaps,6
e,6
eminent,6
vizard,6
meteors,6
magnanimous,6
desirous,6
headlong,6
heretic,6
listening,6
grossness,6
laced,6
tenderly,6
obstinate,6
inside,6
marches,6
danced,6
voltimand,6
monday,6
agony,6
directions,6
unpleasing,6
stuffed,6
hastily,6
caper,6
enchanting,6
weasel,6
mix,6
deprived,6
befall'n,6
vapour,6
beheaded,6
massacre,6
authors,6
abbot,6
organ,6
trudge,6
cancel,6
paces,6
variable,6
dues,6
flea,6
excellently,6
enclosed,6
soe'er,6
kinder,6
thankfulness,6
weird,6
wart,6
thicket,5
impiety,5
interview,5
unclean,5
overboard,5
perils,5
hypocrisy,5
incapable,5
choughs,5
aspire,5
penetrate,5
faculties,5
repaid,5
simpleness,5
thracian,5
resisted,5
denny,5
sounding,5
businesses,5
contending,5
shone,5
eminence,5
victor,5
leaning,5
filed,5
importance,5
'go,5
monkeys,5
flaming,5
minions,5
greyhounds,5
motives,5
monk,5
kick,5
fated,5
expose,5
bequeathed,5
knocked,5
scarfs,5
quoted,5
carelessly,5
subjection,5
expound,5
prizes,5
calf's-skin,5
births,5
defective,5
dissuade,5
clearly,5
expostulate,5
parent,5
unseal,5
besmear,5
adventurous,5
lodges,5
fees,5
nun,5
carcass,5
flown,5
bashful,5
where'er,5
transformation,5
gem,5
plunge,5
brandon,5
misprision,5
examined,5
threatened,5
precisely,5
lodowick,5
winner,5
spiders,5
tumbled,5
blamed,5
fulsome,5
nursery,5
singly,5
wards,5
grievance,5
bestowing,5
crowd,5
rely,5
signieur,5
rival,5
clocks,5
possessions,5
unlook,5
riddles,5
traduced,5
shaped,5
wardrobe,5
via,5
welshmen,5
dutchman,5
petticoat,5
leeks,5
heedful,5
remaining,5
combatants,5
threshold,5
wrap,5
discords,5
string,5
currish,5
estimate,5
elinor,5
moi,5
strengths,5
arbitrate,5
g,5
hostile,5
replies,5
annoyance,5
'his,5
antipodes,5
holmedon,5
forfeited,5
valiantly,5
augustus,5
artillery,5
deformity,5
hies,5
loathes,5
matron,5
mon,5
shuns,5
spout,5
desperately,5
knightly,5
dispossess,5
brim,5
exception,5
magician,5
habited,5
mermaid,5
allied,5
apology,5
breeder,5
tyrus,5
examination,5
orisons,5
esteems,5
files,5
executioners,5
luxurious,5
fer,5
workman,5
foaming,5
twigs,5
overture,5
doers,5
untaught,5
outrages,5
leans,5
spritely,5
detect,5
adds,5
footman,5
remembering,5
widower,5
proverbs,5
weakest,5
shamest,5
enforcement,5
beach,5
celebration,5
buzz,5
brittany,5
convenience,5
stint,5
basin,5
consents,5
beck,5
validity,5
tempts,5
gust,5
undertaking,5
argosy,5
meads,5
judicious,5
drug,5
tamed,5
olive,5
chronicles,5
extremely,5
unprepared,5
vineyard,5
vehement,5
attentive,5
guardian,5
destinies,5
'love,5
slowly,5
jointure,5
garb,5
beseem,5
successful,5
ingrate,5
helicane,5
anthony,5
demonstrate,5
seeds,5
youths,5
devouring,5
pear,5
interchange,5
make't,5
foster,5
reference,5
codpiece,5
seriously,5
returning,5
expire,5
forge,5
arming,5
barefoot,5
pepin,5
taffeta,5
trophy,5
environed,5
andromache,5
heraldry,5
zealous,5
expel,5
shent,5
refrain,5
swear'st,5
sanctified,5
concealed,5
cowslip,5
healths,5
bounties,5
reservation,5
vacant,5
pudding,5
standard,5
cream,5
mince,5
fulness,5
violently,5
throngs,5
pours,5
roasted,5
esteemed,5
venturous,5
dimm,5
attaint,5
approves,5
aemilia,5
tellus,5
rattling,5
excel,5
lowliness,5
courser,5
gyves,5
fortitude,5
dolour,5
nevils,5
vantages,5
bridle,5
unfurnish,5
demean,5
genoa,5
indifferently,5
timandra,5
a-cold,5
flung,5
redoubted,5
mort,5
quittance,5
undoing,5
fretted,5
presages,5
defile,5
debating,5
vesture,5
swallows,5
transport,5
pillars,5
arrive,5
whoremaster,5
creeps,5
dumbness,5
concludes,5
graceless,5
unluckily,5
hurried,5
disfigure,5
unspotted,5
assemble,5
gallery,5
foundation,5
shaked,5
sorrowful,5
misused,5
freer,5
compassed,5
cracks,5
thunderbolt,5
cannons,5
enlargement,5
honoured,5
union,5
delighted,5
weep'st,5
innocents,5
immaculate,5
husks,5
goal,5
slime,5
lace,5
sweating,5
roughly,5
riots,5
darken,5
interr,5
mournful,5
gashes,5
wormwood,5
comfortless,5
dishonourable,5
strangled,5
engage,5
juggling,5
oily,5
mortified,5
brand,5
denis,5
jacks,5
unsure,5
rudeness,5
'tell,5
blacker,5
chink,5
taints,5
buck-basket,5
arragon,5
paste,5
gallus,5
bestows,5
odours,5
piety,5
moss,5
sheep-shearing,5
visiting,5
dexterity,5
roared,5
council-chamber,5
sty,5
unmeet,5
graciously,5
raze,5
determination,5
bier,5
moon-calf,5
chastised,5
affrights,5
infallible,5
sympathize,5
beholders,5
palates,5
conversed,5
mightiness,5
tributary,5
faiths,5
cripple,5
bolts,5
confederacy,5
cloaks,5
brabant,5
slavish,5
believing,5
begets,5
palpable,5
calumny,5
heathen,5
proceeds,5
infer,5
converted,5
conjurer,5
roger,5
jourdain,5
margery,5
worshipp,5
ancestor,5
headless,5
airs,5
insinuate,5
extempore,5
troublous,5
attribute,5
tutors,5
procession,5
gamut,5
belied,5
lout,5
milk-white,5
hoist,5
buz,5
reeking,5
complaining,5
pendent,5
buildings,5
entrap,5
dispute,5
steer,5
revenues,5
clad,5
i'faith,5
favourites,5
chastise,5
ding,5
visible,5
couples,5
reform,5
noisome,5
flattered,5
contemn,5
anew,5
southampton,5
retort,5
distemperature,5
hunted,5
simples,5
progeny,5
senator,5
rudely,5
varnish,5
truncheon,5
lordly,5
batter,5
deliberate,5
beetle,5
sumptuous,5
claps,5
grafted,5
doubting,5
stained,5
skipping,5
dwarfish,5
reverent,5
lag,5
earldom,5
midway,5
sweeting,5
violate,5
fantastic,5
usurers,5
understands,5
seconds,5
suspicious,5
supremacy,5
holes,5
presumptuous,5
team,5
operation,5
contradiction,5
unlock,5
mutually,5
'fair,5
competitors,5
crossing,5
desiring,5
forsaken,5
stewed,5
vessels,5
grosser,5
sinks,5
beseeming,5
surrender,5
audit,5
guided,5
subdues,5
god-a-mercy,5
worshipful,5
thrusting,5
arabia,5
factor,5
true-love,5
repulse,5
spilt,5
qui,5
ball,5
plumes,5
goot,5
'hold,5
tragical,5
gird,5
abraham,5
oaks,5
straws,5
importunate,5
virtuously,5
inter,5
unaccustom,5
descried,5
unawares,5
adders,5
montagues,5
loathe,5
grind,5
fulfill,5
forbidden,5
chairs,5
monuments,5
admiring,5
boasting,5
vanquished,5
tithe,5
shorten,5
earned,5
trains,5
damsel,5
crossed,5
inquired,5
disdains,5
snatches,5
prettily,5
extraordinary,5
pillage,5
falconbridge,5
nearly,5
larger,5
duller,5
hoop,5
increasing,5
seek'st,5
lionel,5
cape,5
gentlewomen,5
meditating,5
forgetting,5
craven,5
playfellow,5
tendering,5
tackle,5
fitzwater,5
smear,5
crete,5
enthroned,5
bullets,5
grieving,5
lessen,5
ungovern,5
camel,5
trifling,5
spells,5
vasty,5
unprofitable,5
purblind,5
margent,5
apparell,5
imperfect,5
abilities,5
stink,5
remnant,5
paramour,5
neighbouring,5
discredit,5
massy,5
verdict,5
bathed,5
defects,5
treaty,5
mickle,5
doings,5
retirement,5
cracking,5
remiss,5
ire,5
stew,5
patches,5
sues,5
'well,5
hover,5
laboured,5
scouts,5
busied,5
induced,5
starting,5
affable,5
snares,5
desirest,5
'greed,5
quote,5
rancorous,5
hermit,5
embossed,5
vestal,5
snakes,5
smelling,5
hey-day,5
gaolers,5
argue,5
ducat,5
deputation,5
wringing,5
cavil,5
swiftest,5
loam,5
revived,5
stratagems,5
inventory,5
furniture,5
nursing,5
expired,5
incestuous,5
requited,5
tires,5
jester,5
kill'st,5
ransomed,5
thirteen,5
conveniently,5
counterpoise,5
solus,5
wrung,5
prostrate,5
sauf,5
nettle,5
paths,5
blanket,5
parlous,5
sweats,5
uncleanly,5
pagan,5
nods,5
thrall,5
indies,5
buffets,5
wailing,5
distant,5
contradict,5
pipes,5
caterpillars,5
candles,5
everything,5
renounce,5
utters,5
cypress,5
touraine,5
polydore,5
feigning,5
modestly,5
moans,5
strangest,5
derision,5
unspeakable,5
cited,5
extent,5
luggage,5
perpend,5
incision,5
noblemen,5
infringe,5
drain,5
stumps,5
minstrels,5
chafe,5
hive,5
ravens,5
inconstancy,5
murmur,5
flowing,5
ken,5
befriend,5
synod,5
burthens,5
robbing,5
doigts,5
ilium,5
reynaldo,5
erring,5
clutch,5
sayings,5
rugged,5
rams,5
turtles,5
rialto,5
fairs,5
grasp,5
adopted,5
pleading,5
ghastly,5
dun,5
staring,5
cools,5
mots,5
bloodless,5
meagre,5
extort,5
knighted,5
silenced,5
provender,5
talkest,5
lacking,5
sucks,5
serviceable,5
hairy,5
instructs,5
scholars,5
stag,5
clerks,5
rambures,5
conceits,5
appeased,5
troublesome,5
aery,5
gotten,5
paved,5
goblins,5
islanders,5
infused,5
bonfires,5
comely,5
continued,5
pless,5
lawyers,5
shell,5
enfranchised,5
hearer,5
picking,5
volscians,5
besieged,5
lecture,5
wherever,5
retiring,5
thrifty,5
victors,5
pridge,5
cramm,5
flats,5
venomous,5
billow,5
skins,5
forwardness,5
colt,5
lined,5
poland,5
vaux,5
unbruised,5
ballads,5
feelingly,5
hunters,5
oats,5
libertine,5
gun,5
amber,5
rays,5
dank,5
iris,5
consciences,5
camps,5
horn-mad,5
spits,5
counsellors,5
feasted,5
travelling,5
stories,5
yoked,5
homeward,5
shilling,5
frets,5
anchors,5
adrian,5
reft,5
icy,5
amiens,5
gaudy,5
loosed,5
sprite,5
tortured,5
groves,5
blossoms,5
wive,5
kinds,5
'an,5
material,5
crickets,5
foulness,5
swarm,5
majesties,5
escapes,5
fulfil,5
commotion,5
fealty,5
parrot,5
deepest,5
may't,5
yearly,5
purest,5
afflictions,5
fawning,5
dogged,5
lunacy,5
poictiers,5
sparkling,5
excrement,5
tarpeian,5
saith,5
predominant,5
lease,5
elected,5
fines,5
apish,5
mongrel,5
wrecked,5
groat,5
begone,5
maccabaeus,5
embassage,5
prophetic,5
jollity,5
raught,5
pulls,5
animals,5
blazon,5
love-song,5
hoarse,5
properly,5
herring,5
adjudged,5
damask,5
supp,5
blench,5
lath,5
incite,5
vie,5
released,5
sisterhood,5
annual,5
stung,5
unloose,5
interrupt,5
'is,5
broached,5
neapolitan,5
stillness,5
watches,5
turf,5
nether,5
extenuate,5
conquered,5
appearing,5
hammer,5
railed,5
overweening,5
hedges,5
disgraces,5
quart,5
yawn,5
curled,5
told'st,5
enjoying,5
conspirator,5
monarchy,5
jesting,5
smote,5
cain,5
lucky,5
outface,5
orders,5
posture,5
gallops,5
shepherdess,5
transparent,5
gramercy,5
slough,5
favor,5
pang,5
precise,5
stoops,5
taxation,5
professed,5
gibes,5
meg,5
greedy,5
x.,5
prompts,5
villanies,5
surges,5
un,5
exhibition,5
idolatry,5
forestall,5
betime,5
monastery,5
esquire,5
darling,5
pander,5
cuff,5
gud,5
churches,5
mi,5
scald,5
privileged,5
shrill,5
drawer,5
halting,5
clapped,5
beguiles,5
crocodile,5
sol,5
doubtfully,4
faithless,4
lordships,4
balthazar,4
surmise,4
twinn,4
sixty,4
``,4
cormorant,4
define,4
abstinence,4
palter,4
legacy,4
dross,4
discourses,4
conjoin,4
wittenberg,4
fabric,4
euphronius,4
buzzing,4
tediousness,4
foremost,4
sinner,4
'lord,4
leprosy,4
impotent,4
additions,4
nineteen,4
hopkins,4
ruins,4
ivy,4
weighing,4
with't,4
schools,4
voluble,4
polack,4
endowments,4
meditations,4
staggers,4
denote,4
winning,4
throes,4
sea-fight,4
scanted,4
twins,4
test,4
dignified,4
intrusion,4
gum,4
sponge,4
plainer,4
bat,4
impudence,4
cared,4
contraries,4
desk,4
inevitable,4
imperfections,4
grateful,4
propagate,4
welcomed,4
core,4
tended,4
gonzago,4
alarm,4
aqua-vitae,4
customers,4
certes,4
betrayed,4
dercetas,4
guardsman,4
rag,4
groats,4
leave-taking,4
rhenish,4
punk,4
possesses,4
trusts,4
appliance,4
sleepers,4
swaggering,4
dreaded,4
solinus,4
strikest,4
prisons,4
hic,4
impossibility,4
infirm,4
kindnesses,4
perfumes,4
silks,4
fathoms,4
islands,4
compounds,4
bearer,4
beetles,4
cliff,4
button,4
prompted,4
spoon,4
lapwing,4
cheat,4
rarer,4
vial,4
shapeless,4
councils,4
puppies,4
oped,4
induce,4
tilting,4
unfolded,4
commerce,4
acknowledged,4
crust,4
unpitied,4
patrick,4
'there,4
matches,4
haggard,4
runn'st,4
horned,4
naming,4
rood,4
furthest,4
timely,4
restrained,4
strut,4
blindness,4
lifts,4
find'st,4
claribel,4
index,4
constrained,4
sinewy,4
housed,4
cozenage,4
cake,4
cassibelan,4
grape,4
attainder,4
luce,4
sterile,4
unheard,4
sparing,4
such-like,4
salutes,4
niggardly,4
gnat,4
'one,4
dates,4
whiteness,4
rubies,4
sauced,4
protests,4
hares,4
bullen,4
rebukes,4
tenders,4
sweetheart,4
perdy,4
defences,4
anatomy,4
eloquent,4
galls,4
scenes,4
distilled,4
galen,4
imposed,4
authentic,4
syracusa,4
preys,4
covenant,4
assistant,4
spouse,4
pertains,4
hearted,4
twin,4
meanly,4
stripes,4
helped,4
counters,4
faded,4
forgetfulness,4
pythagoras,4
inviting,4
alarbus,4
milder,4
poll,4
imitation,4
humane,4
stature,4
cipher,4
swiftness,4
ambles,4
andronici,4
viper,4
prabbles,4
vary,4
porch,4
prudent,4
tish,4
jamy,4
changeable,4
drave,4
lamely,4
appelez-vous,4
trades,4
opposing,4
havior,4
dit-il,4
saffron,4
adored,4
gazed,4
civet,4
marseilles,4
gratitude,4
cattle,4
cuckoldly,4
contaminated,4
supposition,4
rarity,4
span,4
drunkenness,4
diable,4
suis,4
jay,4
blanks,4
scraps,4
bid'st,4
bustle,4
consign,4
martext,4
cockle,4
closes,4
escanes,4
rake,4
sundry,4
turtle,4
lour,4
wasp,4
heroical,4
leer,4
orators,4
memorable,4
leander,4
hellespont,4
inveterate,4
blithe,4
yearn,4
high'st,4
barely,4
garnish,4
flash,4
unchaste,4
tatter,4
petter,4
justified,4
vicar,4
village,4
'ild,4
bawcock,4
timber,4
bough,4
floor,4
debase,4
nostril,4
donation,4
curiously,4
'gins,4
billows,4
pitiless,4
'od,4
austere,4
fingering,4
flatters,4
tuft,4
footed,4
euriphile,4
creating,4
conn,4
honneur,4
chins,4
foolishly,4
imp,4
coxcombs,4
spin,4
ventured,4
minding,4
burs,4
hem,4
undertook,4
lethargy,4
consist,4
largess,4
conjecture,4
multiplying,4
tinct,4
plutus,4
fittest,4
wrapp,4
disposing,4
sender,4
dulness,4
whetstone,4
maker,4
deceiving,4
butterflies,4
differs,4
servitude,4
nonpareil,4
allows,4
saturn,4
exercises,4
importunes,4
affirm,4
thrusts,4
goddesses,4
furies,4
limbo,4
abed,4
contriver,4
nakedness,4
mariner,4
perfidious,4
cuckolds,4
desperation,4
adulteress,4
believes,4
quail,4
court'sy,4
inland,4
metaphor,4
limp,4
puling,4
coun,4
pied,4
mysteries,4
whining,4
pard,4
hazards,4
decayed,4
minority,4
sauciness,4
patent,4
slipper,4
tyrian,4
venerable,4
flowery,4
roofs,4
hotter,4
carp,4
'why,4
hotly,4
peascod,4
hips,4
clasp,4
promotion,4
wreak,4
perfectly,4
rote,4
searching,4
rolls,4
muffler,4
restless,4
cruelly,4
shins,4
erewhile,4
forgiven,4
grandpre,4
invocation,4
crispian,4
crispin,4
mocker,4
intermission,4
cudgelled,4
murmuring,4
started,4
gardeners,4
lain,4
trembled,4
quirks,4
caphis,4
bath,4
antiates,4
'welcome,4
province,4
abergavenny,4
inheritor,4
hostages,4
pitying,4
worlds,4
embracement,4
casts,4
feverous,4
stoup,4
envied,4
incertain,4
disobedient,4
fliers,4
sweet'st,4
flashes,4
though't,4
extol,4
supposing,4
remembers,4
noting,4
manacles,4
conjuration,4
finished,4
customs,4
slide,4
concealment,4
ravin,4
afric,4
appetites,4
hoped,4
unmatchable,4
lots,4
foam,4
speeds,4
skulls,4
societies,4
consenting,4
scripture,4
pitifully,4
preposterously,4
drowns,4
seizes,4
readiest,4
unholy,4
tarried,4
mattock,4
habiliments,4
usher,4
vagabond,4
kernel,4
undeserved,4
disasters,4
libya,4
inhabits,4
larded,4
unhappily,4
egregious,4
noises,4
elders,4
botch,4
antiquity,4
fragments,4
resting,4
considering,4
ratified,4
pricking,4
foison,4
pales,4
plaster,4
trophies,4
ratify,4
volley,4
athenians,4
silius,4
acquire,4
envenom,4
delivery,4
masterly,4
moods,4
'caesar,4
warranted,4
serving,4
o'erflow,4
semblable,4
distil,4
commune,4
fairness,4
plod,4
sainted,4
abhors,4
downward,4
outwardly,4
lolling,4
peopled,4
neighbourhood,4
mandate,4
enfranchise,4
matrons,4
chickens,4
suggested,4
figs,4
encourage,4
grandmother,4
commoners,4
temperately,4
infects,4
parthian,4
moveables,4
banner,4
appease,4
agreeing,4
defied,4
tongueless,4
rapine,4
forges,4
chew,4
tastes,4
committing,4
'so,4
divines,4
threes,4
jovial,4
'solus,4
into't,4
nonino,4
affront,4
pish,4
languages,4
spongy,4
tereus,4
masham,4
steads,4
unworthiness,4
galliard,4
pebbles,4
founder,4
tempests,4
deities,4
whiter,4
predecessors,4
wagging,4
repast,4
spectators,4
pinches,4
'now,4
crescent,4
engines,4
trice,4
sharply,4
thrives,4
orange,4
untrue,4
sulphur,4
prone,4
sups,4
reins,4
fervor,4
amended,4
attention,4
sage,4
alps,4
comforting,4
dolours,4
lids,4
teachest,4
hilding,4
stalls,4
'bout,4
separation,4
competitor,4
blackness,4
ancestry,4
chooses,4
swerve,4
apparitions,4
buffet,4
vexed,4
vacancy,4
varying,4
fade,4
attest,4
savages,4
cough,4
licentious,4
brain-sick,4
wrings,4
eton,4
shooting,4
shifted,4
baboon,4
guile,4
yew,4
splitted,4
trained,4
knits,4
withheld,4
mint,4
upbraided,4
respecting,4
peering,4
phrases,4
vilest,4
teeming,4
hight,4
stumbling,4
brittle,4
effectual,4
fetches,4
blinded,4
successive,4
toothache,4
owners,4
happiest,4
wrinkle,4
pointed,4
issuing,4
cunningly,4
dwarf,4
rounded,4
uplifted,4
meddling,4
major,4
revoke,4
lot,4
amazedly,4
plaints,4
barbarism,4
visages,4
cleanly,4
omitted,4
possibly,4
clipp,4
snatching,4
'some,4
surfeits,4
smoking,4
ewe,4
catches,4
grate,4
clouded,4
pines,4
borrows,4
yorkshire,4
mincing,4
regreet,4
pined,4
disbursed,4
restitution,4
tortures,4
cumberland,4
passengers,4
perch,4
mis-shapen,4
fasts,4
angers,4
counterfeiting,4
lubber,4
miscreant,4
interchangeably,4
whoso,4
'scapes,4
patrimony,4
severity,4
burgonet,4
trent,4
westward,4
vanishes,4
indentures,4
tenants,4
beseeching,4
submissive,4
'great,4
momentary,4
gardon,4
complices,4
bleat,4
ditty,4
cheers,4
helpful,4
mail,4
ban,4
scare,4
plentiful,4
vere,4
blocks,4
mainly,4
erect,4
prescription,4
misbegotten,4
interlude,4
recourse,4
defendant,4
fire-new,4
smithfield,4
sanguine,4
school-boy,4
sheath,4
everlastingly,4
painfully,4
purposely,4
out-faced,4
nimbly,4
invincible,4
ordering,4
upholds,4
fantasies,4
flourishes,4
choosing,4
properties,4
tallow,4
extant,4
sequence,4
newer,4
ere't,4
masquers,4
mutter,4
birthright,4
curate,4
whatsoe'er,4
servitor,4
vulture,4
stirrup,4
slanderer,4
soothe,4
oppressed,4
cobham,4
hacked,4
wis,4
dauntless,4
chameleon,4
repossess,4
lasts,4
fangs,4
hymn,4
doleful,4
discolour,4
incomparable,4
robbed,4
brightest,4
plies,4
maidenheads,4
blushed,4
hundreds,4
talk'st,4
misty,4
pledges,4
immodest,4
thwarted,4
remorseful,4
harlotry,4
pell-mell,4
marrow,4
godlike,4
shrieks,4
confronted,4
tangle,4
fortified,4
portend,4
approacheth,4
consummate,4
trull,4
sceptres,4
o'erbear,4
oratory,4
chaos,4
disproportion,4
shares,4
jarring,4
'nay,4
revolting,4
fig,4
alacrity,4
achievements,4
sprightly,4
overcharged,4
performed,4
complot,4
lay'st,4
'thanks,4
limited,4
sparrows,4
fe,4
bulls,4
numb,4
thighs,4
ascension-day,4
mutinies,4
splitting,4
glib,4
bully-rook,4
trap,4
beseems,4
sinking,4
newest,4
dissentious,4
prodigy,4
meteor,4
repay,4
clears,4
shears,4
plantain,4
thereabouts,4
volumes,4
inly,4
unpeople,4
violation,4
patched,4
enriched,4
useth,4
prescribe,4
benison,4
munch,4
awkward,4
eye-balls,4
basilisk,4
dere,4
christian-like,4
reversion,4
rendezvous,4
insult,4
uproar,4
primrose,4
gin,4
troyan,4
reverse,4
vines,4
langley,4
benedictus,4
inflamed,4
pedigree,4
begotten,4
fighter,4
umpire,4
stretched,4
impediments,4
ignobly,4
o'er-run,4
chaplain,4
hostility,4
sinew,4
fading,4
poets,4
villages,4
flowering,4
dyed,4
privily,4
congeal,4
sandal,4
enchanted,4
translated,4
unknit,4
bides,4
keel,4
unfeeling,4
consists,4
scorning,4
unmanly,4
singer,4
accost,4
fork,4
phaethon,4
losers,4
southern,4
wildest,4
bloodily,4
phrygian,4
install,4
beautify,4
falchion,4
preach,4
singled,4
unsafe,4
professions,4
swinstead,4
embraces,4
sparkle,4
shortness,4
frustrate,4
peacock,4
helmets,4
numbering,4
flax,4
expert,4
wreath,4
dardanius,4
neighing,4
lavish,4
comet,4
'where,4
well-favoured,4
heated,4
braves,4
profaned,4
penn,4
insinuating,4
disprove,4
curbs,4
moulten,4
expend,4
bleed'st,4
lackeys,4
smoky,4
garlic,4
exposition,4
cates,4
fruitless,4
suspects,4
undoubted,4
unreasonable,4
gawds,4
lurking,4
renders,4
augment,4
clerkly,4
defaced,4
self-love,4
handmaid,4
varied,4
scabbard,4
dye,4
searched,4
consuming,4
comforter,4
fretful,4
masked,4
curiosity,4
confirms,4
fester,4
separated,4
bucklers,4
spring-time,4
poniards,4
shirts,4
usurps,4
scruples,4
resembles,4
trunks,4
sparta,4
remit,4
exhibit,4
thickest,4
fuel,4
specify,4
advertisement,4
prodigies,4
evasion,4
snores,4
vowed,4
stall,4
tore,4
interpretation,4
eel,4
bruising,4
foppery,4
immured,4
encompass,4
tarrying,4
closing,4
winded,4
surgery,4
foretell,4
untainted,4
beacon,4
dishonesty,4
brawn,4
avail,4
'give,4
absurd,4
'bove,4
took't,4
unhandsome,4
clink,4
saws,4
nap,4
withholds,4
joiner,4
canonized,4
waiting-gentlewoman,4
poorer,4
guns,4
crotchets,4
cardinals,4
brother-in-law,4
wilfully,4
triple,4
blackheath,4
adorn,4
avenged,4
jointly,4
incessant,4
champions,4
slaughters,4
offerings,4
traders,4
risen,4
perceives,4
philemon,4
fragrant,4
horner,4
booty,4
by't,4
pursuivant,4
schedule,4
observing,4
intelligent,4
extremities,4
rigor,4
uphold,4
guise,4
arrogant,4
unapt,4
delivering,4
distressful,4
boiling,4
pale-faced,4
luke,4
sleep'st,4
amazon,4
frogmore,4
abjure,4
oddly,4
bereave,4
stumbled,4
tying,4
conceited,4
morocco,4
politician,4
fume,4
harpy,4
endow,4
counties,4
hannibal,4
scottish,4
fable,4
unkindest,4
'how,4
agreement,4
lulla,4
'all,4
straining,4
covenants,4
armours,4
shrouded,4
environ,4
divorced,4
t'other,4
displease,4
lifeless,4
intercepted,4
position,4
inflame,4
foully,4
forgetful,4
assuredly,4
bondmen,4
clergy,4
lusts,4
smith,4
cozening,4
prosecute,4
bristle,4
remembrances,4
industrious,4
consistory,4
discomfited,4
mordake,4
consecrated,4
bee,4
leanness,4
handled,4
greediness,4
prophetess,4
apartment,4
we'ld,4
gargrave,4
sighed,4
meekness,4
gratulate,4
sinn,4
from't,4
squires,4
unwelcome,4
catalogue,4
forfeits,4
mislike,4
plain-dealing,4
excepting,4
'lo,4
sieve,4
disdaining,4
daub,4
disclose,4
behoves,4
three-pence,4
marchioness,4
hoofs,4
ca,4
rounds,4
popilius,4
prophesied,4
acres,4
expedience,4
adoption,4
accompt,4
poesy,4
determinate,4
intercept,4
ben,4
unsavoury,4
revolve,4
similes,4
beckons,4
marked,4
tug,4
braving,4
nero,4
superstitious,4
amendment,4
vocation,4
commonly,4
cometh,4
unthankfulness,4
crazed,4
'stand,4
unequal,4
father-in-law,4
permission,4
bagpipe,4
drone,4
fortify,4
hogshead,4
knaveries,4
vanished,4
manifested,4
informed,4
bulwark,4
night-gown,4
meanwhile,4
buff,4
carry't,4
approof,4
quips,4
lecher,4
espouse,4
bravest,4
jumps,4
'imprimis,4
tumultuous,4
sinners,4
gelded,4
ruffle,4
new-born,4
flocks,4
effusion,4
farmer,4
bruit,4
treasures,4
hard-favour,4
consult,4
musing,4
slumbers,4
montgomery,4
respective,4
benefactors,4
oftener,4
foretold,4
dumps,4
basilisks,4
chidden,4
commence,4
slavery,4
overflow,4
wield,4
emulous,4
germans,4
controlment,4
stabbed,4
heir-apparent,4
mules,4
fornication,4
christening,4
chafes,4
dieted,4
eyeballs,4
pulling,4
sardis,4
varlets,4
hawking,4
vaward,4
undaunted,4
equity,4
obtained,4
hags,4
enacted,4
hallowmas,4
presses,4
portents,4
butler,4
mopsa,4
dangerously,4
eyed,4
indenture,4
leathern,4
shamefully,4
a-birding,4
trib,4
ate,4
wanteth,4
wean,4
rashly,4
prevails,4
standest,4
craving,4
encamp,4
waning,4
traitorously,4
sufficiency,4
forcibly,4
default,4
roan,4
hearse,4
ireful,4
esperance,4
liveries,4
credo,4
set'st,4
infinitely,4
eclipse,4
haud,4
unavoided,4
mule,4
sobs,4
leash,4
flatly,4
doricles,4
'hem,4
huntsmen,4
abortive,4
fraud,4
godly,4
injured,4
victories,4
honester,4
lop,4
homicide,4
unskilful,4
lake,4
accustom,4
accuser,4
'prentice,4
guerdon,4
counterfeited,4
fretting,4
dealings,4
gelding,4
crutches,4
'loo,4
'mong,4
forerun,4
destined,4
unconstant,4
warrants,4
cable,4
active,4
fear'st,4
gazes,4
favourable,4
doublets,4
intellect,4
cakes,4
established,4
mice,4
obstruction,4
ninny,4
yards,4
terribly,4
gainsay,4
veriest,4
records,4
medicines,4
sportful,4
riseth,4
mad-brain,4
jephthah,4
hereof,4
mantuan,3
servant-monster,3
sufficiently,3
triumphing,3
combating,3
poisoner,3
pants,3
facility,3
outstare,3
devoutly,3
argus,3
talent,3
unready,3
candied,3
leopard,3
snare,3
blasting,3
merriest,3
'take,3
fierceness,3
hawks,3
blades,3
weakly,3
targets,3
obloquy,3
conquers,3
ludlow,3
carouses,3
produced,3
yell,3
fro,3
pitchy,3
posy,3
lingers,3
riddling,3
dependency,3
grisly,3
behold'st,3
journeys,3
scythe,3
snip,3
sorel,3
combination,3
sequestration,3
reformed,3
adamant,3
whirlwind,3
accurst,3
servitors,3
birth-day,3
recorders,3
servest,3
nourished,3
mixture,3
caroused,3
darkling,3
commiseration,3
stench,3
hent,3
cognizance,3
stricken,3
irks,3
partaker,3
augurers,3
attainted,3
mechanic,3
dissolute,3
log,3
dumb-show,3
picardy,3
tumbling,3
farthingale,3
riveted,3
mater,3
sworest,3
deject,3
twas,3
methoughts,3
skilless,3
tight,3
pia,3
blood-drinking,3
paradox,3
student,3
vane,3
fired,3
divinest,3
bodkin,3
apprehensions,3
bowls,3
complots,3
maliciously,3
thicker,3
droops,3
imaginations,3
feeders,3
bulwarks,3
bloom,3
fortress,3
smite,3
novice,3
exigent,3
phoebe,3
dictynna,3
adjoining,3
wasting,3
masculine,3
pursuivants,3
determines,3
urn,3
ties,3
fragment,3
bellow,3
portends,3
enact,3
pleaded,3
topp,3
scarcity,3
surer,3
cement,3
divisions,3
allowing,3
acre,3
edified,3
irreligious,3
debated,3
professors,3
gained,3
hangers,3
misgives,3
nomination,3
armagnac,3
dizzy,3
disquiet,3
topple,3
substitutes,3
trespasses,3
furtherance,3
prorogue,3
movest,3
carnal,3
delicious,3
random,3
daunted,3
orient,3
twinkling,3
glassy,3
unwieldy,3
downy,3
decays,3
thereat,3
cooks,3
vipers,3
'father,3
thou'dst,3
differing,3
plummet,3
conjures,3
blemishes,3
unsanctified,3
shades,3
cocks,3
hobgoblin,3
pah,3
feel't,3
succors,3
angling,3
gambols,3
europa,3
incurr,3
sects,3
sally,3
now-a-days,3
opportunities,3
expressure,3
fitchew,3
icarus,3
insinuation,3
centaurs,3
misenum,3
consumption,3
gave't,3
cydnus,3
preceding,3
signet,3
starlight,3
oars,3
perpetuity,3
dimpled,3
grinding,3
ch'ill,3
clustering,3
accidental,3
crouch,3
neglection,3
sicyon,3
ducks,3
usurped,3
qualm,3
asia,3
capet,3
wearisome,3
curfew,3
fetters,3
unfolds,3
sala,3
espoused,3
commits,3
inflaming,3
gloze,3
injunction,3
pharamond,3
wool,3
uncovered,3
decorum,3
vigilance,3
revelling,3
galling,3
divides,3
hawthorn,3
forage,3
ploughman,3
halloo,3
prescience,3
phrynia,3
suffocate,3
roast,3
plackets,3
nameless,3
amply,3
sessa,3
baptism,3
contriving,3
sextus,3
vouchsafed,3
composure,3
machiavel,3
portable,3
treats,3
repeals,3
unrelenting,3
errs,3
inspiration,3
a-field,3
signories,3
flush,3
suck'dst,3
miser,3
outright,3
stinging,3
reel,3
womanly,3
pompeius,3
ptolemy,3
deface,3
badness,3
dale,3
hissing,3
tempestuous,3
incident,3
disobey,3
garrison,3
severals,3
vials,3
usurp'st,3
mitigation,3
compromise,3
perfected,3
fleeting,3
hurry,3
sedition,3
decease,3
sacks,3
darnel,3
sorceress,3
afresh,3
chamber-door,3
clearer,3
hereby,3
conjectures,3
actium,3
gender,3
passado,3
recompensed,3
bestial,3
crosby,3
becomed,3
mann,3
hold'st,3
chertsey,3
lamentations,3
blackest,3
queasy,3
waged,3
snow-white,3
entice,3
requested,3
scrape,3
rift,3
handsomely,3
'with,3
potentates,3
rigg,3
contemning,3
aforesaid,3
pelican,3
mourner,3
appertaining,3
loveth,3
parings,3
mitigate,3
extemporal,3
film,3
sheeps,3
premeditated,3
parliament-house,3
jangling,3
removing,3
sprinkle,3
rested,3
pinion,3
standers,3
endeavor,3
cutpurse,3
genitive,3
ranges,3
flags,3
ulcerous,3
loathness,3
slaughtering,3
laden,3
pates,3
replication,3
egyptians,3
shops,3
pebble,3
viperous,3
watchmen,3
fitteth,3
humbler,3
ravel,3
unreverent,3
lunes,3
perverse,3
easiness,3
purer,3
enchant,3
pining,3
tours,3
objections,3
tasks,3
progenitors,3
discretions,3
grudging,3
reed,3
shortens,3
wavering,3
lowness,3
well-spoken,3
vassals,3
ebbs,3
nill,3
scatters,3
frivolous,3
argal,3
christmas,3
observances,3
decipher,3
outlives,3
privacy,3
'budget,3
'mum,3
retention,3
pickle,3
cistern,3
scaled,3
deanery,3
dogg,3
maugre,3
mazed,3
bounded,3
squadrons,3
foams,3
edges,3
claw,3
crowner,3
pronouncing,3
giver,3
unbated,3
norman,3
basset,3
scoffs,3
prejudice,3
unworthiest,3
arabian,3
dominator,3
scribes,3
fugitive,3
cheated,3
descant,3
mental,3
urchins,3
thereunto,3
dedication,3
chariots,3
crassus,3
whosoever,3
dip,3
ignominious,3
argued,3
represent,3
desist,3
pall,3
carping,3
reels,3
especial,3
bluntly,3
pink,3
minstrelsy,3
illustrious,3
elect,3
reprehend,3
spakest,3
contumelious,3
tombs,3
craved,3
piled,3
hugg,3
unwise,3
victuals,3
snore,3
fiddler,3
savoury,3
sully,3
woodman,3
polydote,3
backing,3
dorcas,3
casements,3
foundations,3
'peace,3
masques,3
roe,3
half-moon,3
'anon,3
buzzard,3
runaway,3
tang,3
censures,3
distinct,3
enigma,3
you.,3
invested,3
scornfully,3
charters,3
obscene,3
stamped,3
lud's-town,3
leafy,3
mountaineers,3
peppered,3
unbound,3
disclaim,3
call't,3
conversant,3
buckler,3
vain-glory,3
learns,3
interrupted,3
condemnation,3
sophy,3
infidel,3
russia,3
carcasses,3
sharing,3
nodding,3
aching,3
bum,3
geld,3
mastership,3
witless,3
resume,3
jesus,3
scimitar,3
paunch,3
lonely,3
fen,3
valleys,3
baits,3
criminal,3
need'st,3
surmises,3
profanation,3
unpaid,3
scapes,3
bolted,3
nuns,3
woollen,3
tilt,3
counsell,3
liberality,3
hest,3
bubbles,3
babies,3
heady,3
surcease,3
frontiers,3
maze,3
leaven,3
'courage,3
alighted,3
washing,3
madded,3
hoo,3
acheron,3
reeling,3
susan,3
colic,3
eruptions,3
exasperate,3
covers,3
'yea,3
jule,3
rapture,3
mummy,3
purchasing,3
ascends,3
trials,3
batters,3
blotted,3
bleared,3
answerable,3
bisson,3
wye,3
bring'st,3
poised,3
caparison,3
loathing,3
streaks,3
parasite,3
justicer,3
howbeit,3
evenly,3
gory,3
winnow,3
hospitable,3
equals,3
shuffle,3
mistrusted,3
interior,3
agues,3
tendance,3
mineral,3
essentially,3
lucina,3
wedged,3
bastinado,3
leonati,3
dignifies,3
disrobe,3
june,3
ivory,3
swoln,3
newness,3
betid,3
toes,3
mab,3
partisans,3
panting,3
senis,3
steterat,3
defunct,3
forum,3
bombast,3
ibat,3
manes,3
convented,3
kindest,3
mortally,3
earnestness,3
abatement,3
firstlings,3
swearers,3
shanks,3
keepest,3
'two,3
bugs,3
unguarded,3
strides,3
destroying,3
distaff,3
waved,3
cased,3
shedding,3
cooled,3
thrill,3
setter,3
garters,3
rap,3
bestrew,3
constrains,3
true-bred,3
nonce,3
triumphantly,3
rochester,3
cytherea,3
'longs,3
ewer,3
pilgrims,3
comparative,3
grub,3
'remember,3
coining,3
sorted,3
derogate,3
omnipotent,3
conduit,3
iteration,3
ally,3
dissolution,3
altered,3
redeeming,3
unsay,3
brisk,3
friended,3
assailed,3
fatherly,3
pester,3
remission,3
therewith,3
conserves,3
prest,3
ace,3
apartments,3
school-days,3
softer,3
'madam,3
alabaster,3
indignities,3
patroness,3
runagate,3
crabbed,3
looker,3
bed-chamber,3
receptacle,3
aspects,3
ragozine,3
prefix,3
menteith,3
deflower,3
veiled,3
irregular,3
vaulting,3
pagans,3
enjoyed,3
butchery,3
tainting,3
pant,3
wan,3
shaken,3
dump,3
step-dame,3
sicilius,3
reflect,3
resemblance,3
postern,3
countermand,3
obtaining,3
freshest,3
mercenary,3
signiors,3
levies,3
argosies,3
gamesome,3
tub,3
notion,3
vomit,3
mows,3
chatter,3
digging,3
partition,3
foresters,3
mouthed,3
semiramis,3
demesnes,3
hebrew,3
thankless,3
bores,3
whoop,3
habitation,3
long'st,3
glide,3
scarr,3
carriers,3
leak,3
flayed,3
assaults,3
christen,3
goddess-like,3
experienced,3
eld,3
pond,3
bots,3
gramercies,3
pick-purse,3
surname,3
streak,3
conceiving,3
essence,3
avised,3
unthrifty,3
threescore,3
temptation,3
squier,3
glowing,3
continually,3
unfledged,3
bitterest,3
addle,3
gaberdine,3
ignomy,3
hearth,3
pushes,3
outstretch,3
cite,3
mathematics,3
reside,3
hardiment,3
controll,3
incontinency,3
grange,3
predicament,3
agents,3
cherubins,3
subornation,3
casque,3
austerity,3
speediest,3
uncertainty,3
wronger,3
crisp,3
reeds,3
grains,3
allure,3
briefness,3
harts,3
say't,3
satisfying,3
thou'st,3
tools,3
pursuing,3
let'st,3
tripolis,3
topmast,3
cozeners,3
untender,3
conveyed,3
o'ercome,3
unlawfully,3
affecting,3
marquis,3
vitae,3
refer,3
burned,3
apprehends,3
me.,3
half-faced,3
brats,3
fusty,3
shuffling,3
hums,3
joyfully,3
sycamore,3
glorify,3
adulterate,3
wider,3
actaeon,3
unstain,3
hunts,3
scann,3
thwart,3
undertakings,3
fleer,3
crests,3
russians,3
adheres,3
exterior,3
owls,3
pratest,3
liveth,3
sorcerers,3
pottle,3
substantial,3
spends,3
archers,3
marriage-bed,3
soles,3
quis,3
hams,3
dighton,3
u,3
steeled,3
sunny,3
sip,3
carters,3
ad,3
familiarly,3
ensconce,3
forrest,3
rheims,3
table-book,3
maskers,3
well-advised,3
indued,3
scaped,3
vaunting,3
fencing,3
perplexity,3
gaming,3
kitchen,3
spherical,3
bogs,3
misconstrued,3
wares,3
adventures,3
meetings,3
grievances,3
detraction,3
insensible,3
swear't,3
bed-time,3
sea-sick,3
accepted,3
savageness,3
d,3
harbinger,3
muffle,3
embowell,3
unbraced,3
dainties,3
clifton,3
bridget,3
puddings,3
assays,3
promiseth,3
videlicet,3
fall'st,3
exampled,3
hydra,3
maintenance,3
lustier,3
'friend,3
cramps,3
grinning,3
stakes,3
pitched,3
unfinish,3
milky,3
pap,3
disarm,3
rememberest,3
a-work,3
aspic,3
asp,3
applies,3
neutral,3
faint-hearted,3
teen,3
unparallel,3
heedfully,3
flouted,3
baynard,3
levell,3
trimming,3
gules,3
mill,3
attires,3
sonnets,3
bearded,3
venuto,3
forcing,3
gibbet,3
turbulent,3
propertied,3
horace,3
miraculous,3
got'st,3
lecherous,3
offal,3
cogging,3
overpeer,3
espials,3
master-gunner,3
cinders,3
gunner,3
hammers,3
fiction,3
knog,3
rigorous,3
fay,3
crupper,3
custody,3
helpless,3
wend,3
spruce,3
epithet,3
statute,3
ambling,3
lenten,3
congregation,3
gig,3
eltham,3
aggravate,3
deform,3
foemen,3
excellency,3
somewhere,3
largely,3
fowls,3
beneficial,3
unsought,3
roaming,3
curer,3
'pless,3
gathering,3
impatiently,3
ebony,3
uncurrent,3
swart,3
promethean,3
parching,3
causer,3
inferr,3
fixing,3
comply,3
standards,3
misfortunes,3
tarre,3
rapiers,3
allons,3
jarteer,3
pentecost,3
shrug,3
engross,3
ruth,3
quarry,3
junius,3
extravagant,3
invulnerable,3
arguing,3
cherubim,3
slightest,3
redoubled,3
portentous,3
illusion,3
near'st,3
enterprises,3
demerits,3
singularity,3
bodily,3
squeak,3
'they,3
marriages,3
declines,3
dives,3
foxes,3
crammed,3
filled,3
feared,3
otter,3
viewing,3
'havior,3
bearers,3
apiece,3
younker,3
'true,3
denier,3
posterns,3
ell,3
'marry,3
lead'st,3
tam,3
defeated,3
a-weary,3
bed-fellow,3
pent-house,3
fronts,3
scone,3
majestic,3
murrain,3
spoons,3
rehearsed,3
collection,3
confessing,3
thankings,3
abridgement,3
preparations,3
ramping,3
conducted,3
couching,3
scotch,3
dreamer,3
lave,3
holloa,3
well-deserving,3
thriftless,3
casting,3
carbuncle,3
entomb,3
surfeited,3
delphos,3
sincerely,3
capering,3
rareness,3
butterfly,3
equivocator,3
faulty,3
colts,3
urine,3
volsce,3
boils,3
pillows,3
unfelt,3
altars,3
smokes,3
sensibly,3
helms,3
bats,3
kersey,3
sakes,3
harshly,3
rope's-end,3
sneaking,3
library,3
origin,3
outlaw,3
bray,3
badges,3
christopher,3
herbert,3
legion,3
vigilant,3
warwickshire,3
priory,3
draughts,3
frosts,3
nip,3
prevailing,3
impawn,3
ponderous,3
summit,3
hindered,3
fineness,3
tetchy,3
copied,3
insurrection,3
innovation,3
glow-worm,3
hull,3
tapestry,3
surnamed,3
posset,3
lengthens,3
cerberus,3
scent,3
'rested,3
knotted,3
blustering,3
whistling,3
reprehended,3
glanced,3
solid,3
assisted,3
norweyan,3
midsummer,3
plumed,3
accidentally,3
arose,3
sable,3
lifted,3
jelly,3
shipboard,3
votary,3
loop,3
superfluity,3
meats,3
rustling,3
od,3
laud,3
procured,3
altitude,3
gallantly,3
pegasus,3
waxes,3
grained,3
rice,3
all-souls,3
rooms,3
cankers,3
ver,3
tapsters,3
pressed,3
harlots,3
burdens,3
banns,3
mountebank,3
bachelors,3
importunity,3
credent,3
gnawing,3
cashier,3
untuned,3
counterfeit'st,3
'heart,3
shared,3
theoric,3
assistants,3
bien,3
bates,3
nothings,3
haught,3
atomies,3
catechise,3
lurks,3
needed,3
steeple,3
tripped,3
misplaced,3
prediction,3
vital,3
ill-favouredly,3
gurney,3
compared,3
unreverend,3
handiwork,3
livelong,3
ribbons,3
'ad,3
appointments,3
exalted,3
acorn,3
skittish,3
'sleep,3
williams,3
strand,3
vaulty,3
said'st,3
meritorious,3
flower-de-luce,3
profitable,3
skills,3
eclipses,3
seduce,3
breather,3
misprised,3
tyrannize,3
northampton,3
lawn,3
a-foot,3
gauntlet,3
she'ld,3
hopest,3
valley,3
slink,3
clod,3
tu,3
fearless,3
philoten,3
ottomites,3
maintains,3
messes,3
brimstone,3
sourest,3
wittingly,3
halters,3
ecoutez,3
supposes,3
bedded,3
satire,3
morgan,3
nostrils,3
deeps,3
plunged,3
brotherly,3
difficulty,3
hales,3
wade,3
sticking,3
'help,3
passport,3
m'en,3
'then,3
jour,3
heifer,3
forerunner,3
neglecting,3
coragio,3
graff,3
'have,3
nets,3
freed,3
decision,3
borough,3
pancakes,3
pieced,3
foi,3
chalky,3
hollowness,3
laurel,3
sont,3
borrowing,3
madding,3
paly,3
buckles,3
davy,3
thwarting,3
dubb,3
settle,3
unpeopled,3
earliest,3
happened,3
trots,3
disorders,3
personage,3
studying,3
seconded,3
awakes,3
athversary,3
prains,3
congealed,3
manors,3
welfare,3
pillar,3
smilest,3
bribes,3
ovid,3
plashy,3
intendment,3
features,3
dependants,3
vehemency,3
plentifully,3
cheshu,3
puppy,3
protects,3
upbraids,3
lustily,3
rigour,3
felon,3
poetical,3
affiance,3
holidame,3
harbours,3
plain-song,3
beweep,3
hateth,3
bushes,3
fogs,3
browner,3
scathe,3
bawdry,3
frames,3
teem,3
augmented,3
weightier,3
botcher,3
fin,3
gale,3
inter'gatories,3
matched,3
gilbert,3
stagger,3
collect,3
personally,3
prowess,3
boxes,3
orphan,3
willingness,3
stormy,3
outstrip,3
unfeignedly,3
rankness,3
dennis,3
devoured,3
binds,3
mistakest,3
strays,3
remorseless,3
sadder,3
gravel,3
lectures,3
controlling,3
melts,3
visions,3
predominance,3
haberdasher,3
july,3
sincere,3
gout,3
chants,3
asks,3
fined,3
marcheth,3
affability,3
godfather,3
reaches,3
insupportable,3
sapling,3
sunk,3
slower,3
barnet,3
honey-bag,3
memories,3
tradition,3
flourishing,3
paw,3
squirrel,3
hereabout,3
o'erthrow,3
nourishment,3
forever,3
loser,3
amounts,3
sect,3
bear-ward,3
nuts,3
louring,3
gentleman-like,3
manacle,3
blew,3
great-grandfather,3
puttock,3
'never,3
uncover,3
ducdame,3
trebles,3
new-married,3
scratching,3
impossibilities,3
o'ercharged,3
affined,3
stoutly,3
vell,3
stubbornness,3
accords,3
feeder,3
beak,3
grants,3
per,3
bevis,3
discoveries,3
obeying,3
capers,3
rendered,3
went'st,3
as't,3
sharpest,3
rolling,3
reposing,3
sedges,3
drones,3
onset,3
thatch,3
sunburnt,3
sinon,3
normans,3
tell-tale,3
curds,3
jack-an-apes,3
mastiffs,3
scauld,3
straying,3
circumference,3
ruffians,3
ropes,3
fang,3
crafts,3
pulled,3
loads,3
dragging,3
proscription,3
toasted,3
peat,3
unlikely,3
begetting,3
aprons,3
activity,3
united,3
narrowly,3
deservest,3
countless,3
prave,3
naturally,3
scum,3
signifies,3
spouts,3
leas,3
hemlock,3
o'erboard,3
scorch,3
spanish,3
teems,3
runaways,3
gardener,3
conceives,3
kerchief,3
viol,3
o'erheard,3
boskos,3
discard,3
furthermore,3
perseus,3
fallow,3
gabble,3
workmen,3
smooth-faced,3
ungently,3
sequester,3
befell,3
dugs,3
h,3
southwark,3
promotions,3
animal,3
repented,3
espy,3
stifle,3
reduce,3
excuses,3
ruthful,3
elbows,3
screech-owl,3
presenteth,3
furred,3
sightless,3
au,3
court'sies,3
moralize,3
departing,3
eased,3
icicles,3
roi,3
impregnable,3
dispatched,3
seizure,3
tinkers,3
irrevocable,3
playfellows,3
invent,3
funerals,3
inventions,3
d'angleterre,3
ransack,3
softest,3
matching,3
childishness,3
medicinable,3
quiver,3
whistles,3
dishonours,3
phrygia,3
unfirm,3
grounded,3
ce,3
schoolboy,3
sunset,3
officed,3
ostent,3
hempen,3
interruption,3
talons,3
call'dst,3
tar,3
des,3
losest,3
wrestled,3
sounder,3
inducement,3
weaken,3
spleens,3
commodities,3
thousand-fold,3
handling,3
demeanor,3
blameful,3
coverture,3
untutor,3
successfully,3
unsheathe,3
sportive,3
aguecheek,3
dismember,3
marries,3
caudle,3
applied,3
yawning,3
unfeigned,3
panther,3
monumental,3
wild-goose,3
games,3
jaded,3
bargains,3
counterfeits,3
emptying,3
repeated,3
bare-headed,3
laissez,3
mannish,3
disfurnish,3
counter,3
foot-cloth,3
apples,3
think't,3
glances,3
sodden,3
bob,3
older,3
lobby,3
ordered,3
'better,3
palmers,3
carpet,3
sagittary,3
frequent,3
disposer,3
archer,3
shrieking,3
confirmed,3
inherited,3
menace,3
comb,3
wheresoever,3
visits,3
increaseth,3
plagued,3
residing,3
solicited,3
suggestions,3
sanctimony,3
knoll,3
pinnace,3
worshipped,3
tout,3
counterpoised,3
blaspheme,3
smirch,3
braggarts,3
causeless,3
stables,3
familiarity,3
petitioners,3
figured,3
metals,3
godhead,3
marriage-day,3
suffrages,3
rough-cast,3
premises,3
sanctify,3
lawfully,3
unseasonable,3
oracles,3
honey-sweet,3
doubling,3
oven,3
bans,3
eagerly,3
fortunately,3
strawberries,3
magistrate,3
shall't,3
startle,3
forthcoming,3
barns,3
wasps,3
divulged,3
subtly,3
o'ergrown,3
perpetually,3
cicatrice,3
resteth,3
daphne,3
coronets,3
wantons,3
crawl,3
cannibals,3
intimate,3
redeems,3
stuffs,3
compt,3
pared,3
measuring,3
unstaid,3
speculation,3
pompous,3
eighth,3
pathetical,3
startles,3
unnecessary,3
chattels,3
offer'st,3
unacquainted,3
enthralled,3
rustic,3
derives,3
irksome,3
half-hour,3
simpcox,3
likelihoods,3
berwick,3
tottering,3
positive,3
concealing,3
hammering,3
'will,3
rheumatic,3
wrapt,3
disinherited,3
minx,3
sleek,3
impute,3
waspish,3
watched,3
rubb,3
rainy,3
diminish,3
undertakes,3
enamour,3
undermine,3
damage,3
communicate,3
buttock,3
larks,3
entail,3
grave-stone,3
ceased,3
disinherit,3
enkindled,3
thievish,3
wreathed,3
circumstantial,3
isbel,3
prophets,3
orpheus,3
pare,3
lank,3
gripes,3
fustian,3
credence,3
angerly,3
claws,3
distaste,3
crushed,3
marking,3
guildford,3
defiles,3
troth-plight,3
dissever,3
absolved,3
toast,3
deposing,3
refusing,3
clearness,3
quarrelsome,3
preferred,3
plausive,3
base-born,3
edmundsbury,3
catastrophe,3
sweeps,3
grumbling,3
flaws,3
spokest,3
college,3
splinter,3
hilt,3
meanings,3
sharpness,3
unmasking,3
needles,3
lodgings,3
quire,3
prologues,3
pleads,3
learnedly,3
o'erswell,3
noontide,3
expiration,3
calumnious,3
red-hot,3
sententious,3
woodbine,3
scouring,3
mechanical,3
expects,3
petitioner,3
cramp,3
lending,3
abusing,3
rainbow,3
harshness,3
insatiate,3
rectify,3
lied,3
dazzle,3
remnants,3
divert,3
muddied,3
espies,3
meetest,3
relics,3
inundation,3
converting,3
over-blown,3
overlook,3
resembled,3
refined,3
flouting,3
strove,3
sluttish,3
stripp,3
speeding,3
saint-like,3
ascribe,3
coldest,3
paler,3
spiteful,3
sailing,3
bled,3
sift,3
conferr,3
ferret,3
ill-favour,3
babble,3
sprays,3
woven,3
paced,3
epitaphs,3
musters,3
markets,3
forgets,3
commissions,3
properer,3
interred,3
put'st,3
alias,3
foggy,3
appeach,3
usest,3
furrow,3
guiding,3
'dear,3
bugle,3
compassing,3
condemns,3
exactions,3
hangings,3
confounding,3
preserver,3
clergymen,3
eater,3
satiety,3
requiring,3
bookish,3
ill-beseeming,3
opposites,3
practising,3
goodliest,3
putter,3
daughter-in-law,3
fondness,3
stifled,3
repairs,3
brush,3
gladness,3
molehill,3
covetousness,3
rejoices,3
leicester,3
malapert,3
chariot-wheels,3
revell,3
bays,3
prevailed,3
devours,3
debosh,3
gipsy,3
ceases,3
chronicled,3
chastely,3
traverse,3
surfeiting,3
dad,3
shrouds,3
reckonings,3
seacole,3
spice,3
virginal,3
spares,3
fanning,3
porn,3
pallas,3
winding,3
infuse,3
instigation,3
hungerly,3
inky,3
blasphemy,3
untruths,3
rumours,3
cheveril,3
wizard,3
ushered,3
persuading,3
blessedness,3
anchises,3
beer,3
rave,3
apron,3
darted,3
learnt,3
impressure,3
confessions,3
dotard,3
bead,3
curtal,3
faultless,3
mention,3
sibyl,3
posting,3
high-steward,3
tempting,3
pill,3
toll,3
overwhelm,3
perdu,3
temporize,3
incurable,3
finder,3
novelty,3
consequently,3
rapes,3
squash,3
ranker,3
votaress,3
capilet,3
lovedst,3
exclamation,3
wand,3
husbanded,3
nips,3
lincoln,3
berri,3
narbon,3
thievery,3
thinkings,3
removes,3
executors,3
motto,3
training,3
gerard,3
bladders,3
shrinks,3
adopt,3
scab,3
verbal,3
exaction,3
spurr,3
schoolmasters,3
signified,3
lisp,3
armipotent,3
crook,3
accounts,3
holily,3
circled,3
sop,3
marjoram,3
abreast,3
collars,3
nominate,3
abundant,3
prevents,3
du,3
acquittance,2
lid,2
pavement,2
jointed,2
overbear,2
ort,2
cudgels,2
founded,2
lizard,2
over-roasted,2
inestimable,2
supporter,2
lopped,2
idea,2
unforced,2
wiving,2
ton,2
debitor,2
supplie,2
joyous,2
trenched,2
tricksy,2
cap-a-pe,2
slandered,2
edgeless,2
decrease,2
stinted,2
attent,2
cleared,2
inhabitants,2
cudgell,2
'once,2
beteem,2
newt,2
clogs,2
golgotha,2
eye-offending,2
uncapable,2
vaporous,2
moles,2
corrupting,2
maws,2
aleppo,2
disfigured,2
bake,2
rhyming,2
expressing,2
unmann,2
verier,2
firk,2
dull-eyed,2
furbish,2
cynthia,2
alchemist,2
taper-light,2
splendor,2
a-hungry,2
ambiguities,2
unpruned,2
dove-house,2
unreal,2
fertility,2
'sir,2
solemnize,2
pardonner,2
postures,2
lammas-eve,2
shipman,2
lilies,2
inquiry,2
minerva,2
moys,2
intermingle,2
tenantless,2
resembling,2
possibilities,2
profitless,2
lees,2
alarum-bell,2
ceremoniously,2
thrice-worthy,2
chimneys,2
physics,2
hoa,2
carousing,2
o'erbearing,2
odouriferous,2
ingredients,2
yerk,2
pribbles,2
bellowing,2
lineament,2
stalks,2
adhere,2
likings,2
unthrift,2
evilly,2
foreshow,2
dissuaded,2
tres,2
worts,2
whereso'er,2
doo,2
hermits,2
a-land,2
belzebub,2
valorous,2
sewer,2
russet,2
misers,2
strangles,2
inspire,2
celebrated,2
pody,2
exposure,2
enacts,2
perdurable,2
skirr,2
'lady,2
sentinel,2
'armigero,2
wraths,2
competent,2
tell-tales,2
gaged,2
scrubbed,2
shark,2
tourney,2
defending,2
dissembler,2
'murder,2
mending,2
lustihood,2
'orld,2
bases,2
maps,2
buss,2
good-night,2
appals,2
emulate,2
watchers,2
toils,2
nightgown,2
unmake,2
foreknowing,2
cleitus,2
households,2
ales,2
observant,2
nipple,2
prain,2
empties,2
implements,2
harbingers,2
brightly,2
sweaty,2
differ,2
yoke-fellow,2
warder,2
drenched,2
por,2
cony-catching,2
martlet,2
deny't,2
formless,2
cashiered,2
nighted,2
conveniency,2
bard,2
wether,2
thirdly,2
bretons,2
ecus,2
pencil,2
disguising,2
tasting,2
unfix,2
disjoin,2
indirection,2
swarming,2
housekeeper,2
later,2
unswear,2
plaintiff,2
slice,2
fencer,2
operate,2
simular,2
turkey-cock,2
unschool,2
consisting,2
villain-like,2
sacrilegious,2
sabbath,2
prings,2
trappings,2
til,2
limping,2
pretending,2
kinswoman,2
dreading,2
excommunicate,2
dullard,2
filial,2
enfold,2
countervail,2
o'ercast,2
fidelicet,2
'te,2
hitting,2
o'erjoy,2
ork,2
direst,2
fitment,2
label,2
substances,2
'mollis,2
bed-rid,2
adjunct,2
font,2
aer,2
'mulier,2
recommends,2
pelf,2
acquitted,2
'scuse,2
hurly,2
plus,2
discreetly,2
sur,2
bettered,2
lien,2
vainness,2
disjoint,2
artist,2
lapp,2
inverness,2
perfectest,2
bilbo,2
deum,2
appeareth,2
choking,2
miller,2
imprisoned,2
awards,2
whipstock,2
becks,2
deracinate,2
darlings,2
savagery,2
'tybalt,2
ss,2
spinsters,2
'romeo,2
palatine,2
throstle,2
taxations,2
moated,2
pressing,2
pervert,2
disembark,2
cinque-ports,2
adorned,2
countesses,2
rosy,2
undervalued,2
choir,2
quenched,2
great-bellied,2
well-seeming,2
affianced,2
aqua,2
mutability,2
reproaches,2
york-place,2
paradoxes,2
roads,2
caesars,2
fair-play,2
dooms-day,2
'bless,2
conveniences,2
extracting,2
shy,2
soliciting,2
canakin,2
forespent,2
afire,2
stealer,2
packets,2
scaring,2
assent,2
detected,2
jasons,2
questionless,2
pantler,2
sea-maid,2
blubbering,2
'shrew,2
warmer,2
profitably,2
noised,2
em,2
contribution,2
interpreters,2
lay't,2
masterless,2
reasoning,2
kimbolton,2
procures,2
mexico,2
mulmutius,2
pannonians,2
charging,2
woolly,2
breeders,2
sergeant-at-arms,2
eaning,2
halts,2
menaced,2
mane,2
heresies,2
suggests,2
accountant,2
jewish,2
craftily,2
granting,2
notary,2
hazel,2
detests,2
nominated,2
benedicite,2
sectary,2
hollowly,2
estimable,2
pinching,2
sea-port,2
usuries,2
'save,2
footboy,2
barbarian,2
pollution,2
seaside,2
dalmatians,2
whitest,2
salt-water,2
prenzie,2
pork,2
usance,2
stainless,2
handed,2
undergoes,2
capucius,2
avow,2
pens,2
wife-like,2
blazoning,2
after-dinner,2
primero,2
serpigo,2
forget'st,2
laban,2
feodary,2
abram,2
chartreux,2
retorts,2
cambria,2
wived,2
preferments,2
tilts,2
aspired,2
influences,2
stretches,2
ever-burning,2
colbrand,2
curtsies,2
conformable,2
pots,2
dependent,2
satin,2
remembrancer,2
hand-fast,2
scan,2
cowslips,2
primroses,2
quickening,2
quits,2
vexations,2
three-pile,2
difficulties,2
'hath,2
unfolding,2
humblest,2
does't,2
advertise,2
delaying,2
wearies,2
reprieves,2
alleged,2
tossing,2
idiots,2
sluttery,2
unsolicited,2
garbage,2
mercies,2
numberless,2
injunctions,2
gradation,2
deflowered,2
unprizable,2
casual,2
intrude,2
villanously,2
unveiling,2
garden-house,2
drier,2
talker,2
scandalous,2
knowist,2
intemperate,2
lighten,2
arch-villain,2
facit,2
wagers,2
stopped,2
monachum,2
echoes,2
ridden,2
believest,2
wands,2
amplify,2
a-wooing,2
valentinus,2
reviving,2
burr,2
self-will,2
dilatory,2
reveller,2
unhandled,2
vinegar,2
bullens,2
propriety,2
unwittingly,2
strifes,2
musings,2
canopied,2
adornment,2
leisures,2
thinly,2
lown,2
gordian,2
mortifying,2
exhalation,2
screw,2
admonition,2
hollander,2
jaundice,2
continency,2
warranty,2
letters-patents,2
statesman,2
jury,2
mornings,2
tamely,2
demure,2
messages,2
mislead,2
tangled,2
unwonted,2
brimful,2
copest,2
well-beloved,2
ingredient,2
prudence,2
swagger,2
rottenness,2
dedicates,2
corrects,2
wherewithal,2
stump,2
balmy,2
enchants,2
fiddle,2
mistakes,2
edifice,2
standers-by,2
curtail,2
bellyful,2
rewarded,2
privilegio,2
'cum,2
janus,2
unshaked,2
parrots,2
hinge,2
bolster,2
'sweet,2
muttons,2
continuate,2
mead,2
actual,2
caithness,2
unlaid,2
consummation,2
whisperings,2
harbourage,2
divinely,2
fumes,2
excelling,2
hooks,2
deluding,2
accustomed,2
performances,2
interprets,2
muzzled,2
perishing,2
clasps,2
agitation,2
divination,2
perturbation,2
grovelling,2
occident,2
enrage,2
'lack,2
lading,2
demi-devil,2
purpled,2
latch,2
corns,2
thunder-stone,2
excite,2
'fear,2
chimney-sweepers,2
graved,2
speculative,2
lure,2
godliness,2
serviteur,2
robber,2
mountaineer,2
hist,2
wilds,2
reck,2
clotens,2
laps,2
enchafed,2
unlearn,2
clotpoll,2
maidhood,2
hostage,2
unlocks,2
riddance,2
deceives,2
leagued,2
bobb,2
azured,2
eglantine,2
brightness,2
furr,2
slubber,2
century,2
distresses,2
quand,2
blisters,2
meditate,2
laudable,2
sciences,2
fatherless,2
diminutive,2
green-eyed,2
bodements,2
mesh,2
cobwebs,2
unpractised,2
presumes,2
faithfulness,2
blent,2
bladed,2
geck,2
adjourn,2
docks,2
constitution,2
double-dealer,2
tip,2
coasts,2
teat,2
chime,2
frighting,2
magnificoes,2
freckled,2
cockerel,2
assumes,2
transpose,2
prolixity,2
dong,2
medicinal,2
overlooks,2
mousing,2
potpan,2
'havoc,2
deceits,2
scorned,2
vraiment,2
supplies,2
destitute,2
anon.,2
conjointly,2
fere,2
perseverance,2
smacks,2
play-fellow,2
synagogue,2
'our,2
performers,2
fair-faced,2
beginners,2
clothed,2
avarice,2
torturer,2
favourer,2
diffused,2
wagoner,2
runagates,2
yokes,2
cuckold-maker,2
waggish,2
self-slaughter,2
gentlemanlike,2
state-affairs,2
brakes,2
accoutrement,2
stomachers,2
teachers,2
guiltier,2
bianco,2
sand-blind,2
whereunto,2
governs,2
love-suit,2
untoward,2
angel-like,2
switch,2
exposing,2
confusions,2
laboursome,2
tilth,2
flowered,2
dobbin,2
tract,2
pump,2
leonardo,2
impertinent,2
subjected,2
unmatched,2
successors,2
ripp,2
malefactors,2
nob,2
chine,2
drest,2
treasonous,2
tool,2
split'st,2
scion,2
singe,2
comer,2
porringer,2
combustion,2
ipswich,2
three-foot,2
kitchens,2
quartered,2
housewives,2
godmother,2
interpreted,2
ripeness,2
star-like,2
grise,2
four-score,2
muzzle,2
trance,2
'away,2
'budge,2
testimonies,2
dashing,2
formally,2
aweless,2
undertaker,2
callat,2
duellist,2
rosed,2
votarist,2
scath,2
unexpected,2
fiend-like,2
producing,2
thews,2
stow,2
hell-hound,2
liker,2
crier,2
unhoused,2
slays,2
bribed,2
eld'st,2
unpin,2
journal,2
wrack,2
avouches,2
barbara,2
masquing,2
-,2
inscription,2
purgatory,2
dusty,2
treatise,2
wild-cat,2
weariness,2
palestine,2
float,2
rip,2
missed,2
encouragement,2
all-worthy,2
milkmaid,2
shadowing,2
hedged,2
torch-bearer,2
prompter,2
employments,2
penalties,2
glimpse,2
money-bags,2
a-bleeding,2
managing,2
clients,2
confining,2
julietta,2
pursuest,2
sciatica,2
spousal,2
inconsiderate,2
hardiness,2
rex,2
'whore,2
sanctimonious,2
hungary,2
whirl,2
worshippers,2
beldams,2
pristine,2
sundays,2
hallowed,2
hoard,2
standeth,2
tempers,2
milch-kine,2
hearkens,2
compelled,2
communication,2
speedier,2
lieth,2
conjunctive,2
draweth,2
breaches,2
betook,2
unlettered,2
verify,2
ouphes,2
postscript,2
warms,2
o'errule,2
thistle,2
irishman,2
riband,2
bennet,2
amazedness,2
moderately,2
'would,2
mads,2
magnificent,2
recanting,2
taunted,2
uncouple,2
leviathan,2
outswear,2
deluge,2
reprobate,2
'three,2
exhales,2
leman,2
butcheries,2
impetuous,2
props,2
'choose,2
sacrificing,2
unmanner,2
giant-like,2
quean,2
planetary,2
'which,2
scalp,2
barefaced,2
congruent,2
prat,2
a-down,2
compliments,2
nearness,2
mowing,2
'me,2
resolves,2
derivation,2
peard,2
straitly,2
baffled,2
spendthrift,2
easing,2
ulcer,2
grave-maker,2
curan,2
mumbling,2
warbling,2
cavaliers,2
folk,2
grandsires,2
pore,2
sheer,2
after-love,2
mason,2
shipwright,2
loathly,2
unyoke,2
lanced,2
tarries,2
contempts,2
sampler,2
contemplative,2
digs,2
behove,2
pight,2
shipped,2
black-friars,2
such-a-one,2
bottoms,2
chapless,2
mazzard,2
potential,2
fordone,2
unwillingness,2
godfathers,2
kibes,2
truckle-bed,2
portage,2
arme,2
anoint,2
chalice,2
showest,2
fiery-red,2
filching,2
black-brow,2
aurora,2
complements,2
astray,2
subscribes,2
daisies,2
'nointed,2
blameless,2
sliver,2
antics,2
besort,2
repents,2
sea-monster,2
'little,2
channels,2
thick-skin,2
pardoning,2
wolvish,2
sheathed,2
twofold,2
digressing,2
sneaping,2
jutty,2
greenly,2
sea-water,2
incony,2
l'anglois,2
dowers,2
rabbit,2
periods,2
shadowy,2
forests,2
bottled,2
mope,2
compulsive,2
ardour,2
panders,2
critical,2
focative,2
bras,2
turn'st,2
nasty,2
callest,2
plural,2
twentieth,2
c'est,2
reporting,2
horum,2
dites-moi,2
lapsed,2
descending,2
ongles,2
exist,2
troubler,2
agate,2
entitle,2
glares,2
presentment,2
buildeth,2
suspend,2
col,2
requites,2
shafalus,2
gems,2
'lapis,2
wedges,2
sustenance,2
aussi,2
two-fold,2
millstones,2
menton,2
nominativo,2
tofore,2
newborn,2
heaving,2
oublie,2
dallies,2
recorder,2
screen,2
effectless,2
saucily,2
excusez-moi,2
inmost,2
acute,2
abroach,2
reputes,2
darker,2
penetrable,2
conferring,2
dumbly,2
accusative,2
book-men,2
foulest,2
monthly,2
imposthume,2
waterish,2
peu,2
soundest,2
dew-lapp,2
dimensions,2
gad,2
gleaned,2
squeezing,2
convocation,2
includes,2
spartan,2
tressel,2
manager,2
fountains,2
uglier,2
portal,2
unused,2
essay,2
duello,2
excitements,2
butt-shaft,2
winks,2
gestures,2
solomon,2
transgressing,2
addrest,2
spills,2
sluiced,2
bleaching,2
bewept,2
aiming,2
dragg,2
matchless,2
heaves,2
joyless,2
gambol,2
thanksgiving,2
specialties,2
unction,2
deux,2
torturing,2
pursy,2
lunatics,2
allot,2
unfriended,2
short-lived,2
anglois,2
paddling,2
local,2
paddock,2
marriage-feast,2
comprehends,2
dismantle,2
votaries,2
nuptials,2
concernings,2
pumps,2
solicitor,2
kiln-hole,2
stripling,2
chapmen,2
dowerless,2
lug,2
tellest,2
converts,2
buyer,2
banquets,2
esquires,2
lazars,2
exhale,2
wear'st,2
barbason,2
drunkenly,2
persian,2
water-drops,2
shog,2
addiction,2
carver,2
ercles,2
shivering,2
iceland,2
bellows-mender,2
presuming,2
sleepest,2
lodgers,2
orange-tawny,2
attorneys,2
croak,2
courageously,2
fastest,2
tike,2
mare,2
cherishing,2
deceiveable,2
hedgehogs,2
tameness,2
self-born,2
buoy,2
pension,2
dateless,2
fracted,2
hymns,2
filths,2
springe,2
scepter,2
sizes,2
felicity,2
condole,2
flights,2
boasts,2
rocky,2
nedar,2
upshot,2
waiting-women,2
foot-path,2
stile,2
scambling,2
collied,2
raged,2
scaffold,2
betting,2
tenant,2
trample,2
unsubstantial,2
lazar,2
whites,2
enkindle,2
hot-blooded,2
hour-glass,2
spital,2
tuneable,2
fur,2
unbonneted,2
playhouse,2
kneading,2
stewardship,2
severely,2
unwind,2
glimmering,2
forefather,2
ariadne,2
porters,2
tiny,2
loo,2
great-uncle,2
raineth,2
heretics,2
beached,2
ringlets,2
piping,2
musk-roses,2
locked,2
whirlwinds,2
rotted,2
bog,2
undistinguishable,2
contentious,2
defends,2
traps,2
invade,2
coursing,2
grumble,2
invades,2
odorous,2
houseless,2
gasping,2
new-deliver,2
continents,2
undivulged,2
spangled,2
luscious,2
oxlips,2
provoking,2
spurring,2
thyme,2
mahu,2
armourers,2
working-days,2
modo,2
tithing,2
plainest,2
wanderer,2
tadpole,2
frog,2
germens,2
swimming,2
wilder,2
elbe,2
aroint,2
saxons,2
tennis-balls,2
head-piece,2
cod-piece,2
flibbertigibbet,2
louse,2
sparingly,2
lorraine,2
lendings,2
shady,2
hampton,2
filch,2
vor,2
fantastically,2
oyes,2
corrupter,2
infidels,2
cricket,2
scattering,2
caucasus,2
dialect,2
bride-bed,2
apricocks,2
o'ertop,2
pelion,2
sluts,2
instalment,2
whitsun,2
housewifery,2
grappling,2
deny'st,2
conjunct,2
tripp,2
over-proud,2
bin,2
zir,2
mutines,2
indiscretion,2
fruit-trees,2
withdrew,2
provident,2
supervise,2
supportance,2
inforced,2
mourners,2
revellers,2
stopping,2
aby,2
vouchers,2
recoveries,2
compassionate,2
shivers,2
dashes,2
vizarded,2
child-like,2
louvre,2
betrothed,2
equivocation,2
disparage,2
pinfold,2
kibe,2
corses,2
fann,2
archery,2
pertain,2
pilate,2
bitch,2
yorick,2
divest,2
leda,2
unking,2
mangle,2
love-juice,2
cackling,2
miscall,2
provocation,2
biding,2
strong'st,2
cannoneer,2
knapped,2
full-fraught,2
oeillades,2
arrives,2
cranny,2
remotion,2
bevy,2
complement,2
sustaining,2
withering,2
venomously,2
cockney,2
eels,2
yesty,2
dutiful,2
whensoever,2
wallow,2
augury,2
disclaiming,2
casualties,2
buttered,2
lakin,2
depraved,2
demonstration,2
lightnings,2
darkest,2
show'dst,2
bracelets,2
knacks,2
sweetmeats,2
blinding,2
assigns,2
elf,2
track,2
anchoring,2
ever-gentle,2
surgeons,2
comma,2
rankle,2
amities,2
debatement,2
farewells,2
gleek,2
frize,2
stocking,2
babylon,2
crow-keeper,2
popp,2
taverns,2
swearings,2
towering,2
carnation,2
whoa,2
shiver,2
incarnate,2
postmaster,2
gossamer,2
chough,2
sultry,2
deficient,2
fumble,2
infusion,2
infallibly,2
dismissed,2
polecats,2
procrus,2
besmirch,2
compiled,2
comments,2
gallimaufry,2
cygnet,2
muscovites,2
'via,2
sinfully,2
shafts,2
chopped,2
organ-pipe,2
inwardly,2
snail-paced,2
arrests,2
overhear,2
hests,2
brevity,2
endings,2
cataian,2
cavaleiro-justice,2
marullus,2
cobbler,2
beautified,2
thriving,2
awl,2
breton,2
fadge,2
strangling,2
sobriety,2
grated,2
declension,2
raves,2
unmeasurable,2
fordoes,2
addicted,2
razor,2
odour,2
vailing,2
pert,2
well-nigh,2
flexure,2
garish,2
goodwin,2
frugal,2
gapes,2
prenominate,2
fleeter,2
burying,2
drink'st,2
smaller,2
'gentleman,2
wrist,2
'closes,2
rents,2
o'ertook,2
untread,2
suffer'st,2
cloths,2
tennis,2
blessedly,2
brushes,2
plantagenets,2
sun-beamed,2
views,2
holp'st,2
blackamoors,2
posterior,2
endanger,2
positively,2
knotty,2
disturbers,2
predominate,2
cheapen,2
forgave,2
paphos,2
orthography,2
point-devise,2
faculty,2
insociable,2
'man,2
yellows,2
mockeries,2
unrespective,2
rived,2
ruminates,2
lupercal,2
dully,2
punto,2
ethiopian,2
pierces,2
aesculapius,2
sharpens,2
stages,2
seven-night,2
quod,2
south-west,2
whirls,2
bared,2
tediously,2
over-lusty,2
swound,2
pike,2
swounded,2
erected,2
snap,2
overheard'st,2
fishmonger,2
maggots,2
parlor,2
pensioners,2
mirrors,2
banqueting,2
accoutred,2
purging,2
notify,2
ba,2
attractions,2
nay-word,2
potently,2
embolden,2
chirrah,2
imperfection,2
cornish,2
privates,2
dungeons,2
roy,2
howled,2
observer,2
dreadfully,2
modesties,2
shouted,2
consonancy,2
hooted,2
forgeries,2
pease,2
'tide,2
flouts,2
tamworth,2
seaman,2
woodcocks,2
extinct,2
relapse,2
a-making,2
grazing,2
hiems,2
bullet,2
englutted,2
jill,2
pamper,2
'steal,2
wall-eyed,2
taller,2
thefts,2
sheds,2
hermitage,2
wassail,2
lining,2
traded,2
'these,2
twisted,2
mistemper,2
fashioning,2
covet,2
illegitimate,2
yearns,2
outwear,2
intention,2
sterling,2
meadows,2
dawn,2
mista'en,2
hastes,2
isles,2
cling,2
unvalued,2
circumscribed,2
slippers,2
urgest,2
mid,2
endeared,2
unmask,2
crabs,2
buttons,2
bonne,2
watchman,2
comrade,2
rooks,2
sensuality,2
gentilhomme,2
coughing,2
bear't,2
etes,2
borrower,2
lender,2
loan,2
lighter,2
tu-who,2
bosworth,2
tu-whit,2
pail,2
smocks,2
striketh,2
swinish,2
superstition,2
vaults,2
heart-strings,2
scraped,2
tetter,2
embattled,2
dout,2
pompion,2
whereuntil,2
boyish,2
pigmy,2
buckets,2
unscarr,2
wells,2
bitumed,2
hillo,2
whirling,2
justle,2
hyperboles,2
three-piled,2
tell-a,2
peaceable,2
amazons,2
'pothecary,2
undeserving,2
succeeders,2
pastimes,2
bettering,2
wails,2
brabbler,2
wots,2
reverberate,2
green-a,2
giddily,2
flask,2
circling,2
cheater,2
childbed,2
belching,2
goblin,2
lob,2
mercade,2
'light,2
dishclout,2
enjoined,2
hearsed,2
tightly,2
humming,2
slash,2
horridly,2
ates,2
carrions,2
high-born,2
deprive,2
nemean,2
nerve,2
tormenting,2
lightest,2
secondary,2
endued,2
reeky,2
jude,2
underprop,2
o'erpast,2
lewdness,2
itches,2
cuffs,2
rivets,2
january,2
scurrility,2
unmeritable,2
errands,2
perge,2
unkennel,2
three-fold,2
allusion,2
rivet,2
five-score,2
abjects,2
bene,2
omne,2
orts,2
university,2
brute,2
coped,2
attractive,2
indiscreet,2
sables,2
taker,2
replenished,2
delabreth,2
surest,2
steerage,2
unconfirmed,2
laundress,2
sackcloth,2
madams,2
lovingly,2
dreamed,2
vaudemont,2
clowns,2
'wilt,2
trippingly,2
ruby,2
fixture,2
paintings,2
cumber,2
ranging,2
lisping,2
nick-name,2
expectancy,2
retail,2
unmatch,2
successively,2
commencement,2
re-edified,2
buxom,2
achievement,2
bang,2
bouciqualt,2
torrent,2
o'ershot,2
lestrale,2
robustious,2
seizing,2
pitchers,2
foix,2
leisurely,2
fauconberg,2
roussi,2
tattling,2
drachmas,2
beaumont,2
slighted,2
itching,2
mutes,2
shallows,2
broom,2
provincial,2
malmsey-butt,2
frolic,2
obstacles,2
cheapest,2
fuller,2
devant,2
illustrate,2
distempered,2
tallest,2
erection,2
ainsi,2
weave,2
bergomask,2
accepts,2
rankest,2
reciterai,2
critic,2
nouns,2
criedst,2
seal'd-up,2
farthing,2
ribbon,2
thorn-bush,2
churchyards,2
pas,2
pupils,2
inkle,2
farthings,2
sleeper,2
dallying,2
cophetua,2
pills,2
epithets,2
green-sickness,2
stares,2
hangeth,2
orbed,2
vineyards,2
sheen,2
'slid,2
earlier,2
fois,2
whenever,2
une,2
neanmoins,2
nit,2
operant,2
unshaken,2
handful,2
redeemer,2
obscenely,2
smoothly,2
ill-favor,2
thunderbolts,2
monde,2
weathercock,2
wince,2
ill-temper,2
lucianus,2
speciously,2
witnesseth,2
saluteth,2
crawling,2
pax,2
half-part,2
particle,2
napping,2
urinals,2
madrigals,2
total,2
negotiate,2
overshot,2
hooded,2
o'ersway,2
unicorns,2
untired,2
demigod,2
stared,2
dismounted,2
posies,2
unsuspected,2
guildhall,2
ancientry,2
slop,2
prose,2
cyclops,2
eterne,2
appertain,2
spokes,2
nave,2
well-reputed,2
bird-bolt,2
warily,2
mobled,2
cinque,2
coaches,2
hyrcanian,2
scrivener,2
affectation,2
cockatrice,2
strung,2
hesperides,2
unhappiness,2
impure,2
mock-vater,2
mush,2
prompting,2
replying,2
retentive,2
disgracious,2
day-bed,2
row,2
statues,2
clapper-de-claw,2
rubbish,2
academes,2
infernal,2
colliers,2
burneth,2
cracked,2
mourns,2
endurance,2
cavern,2
adramadio,2
sallets,2
erebus,2
indictment,2
interpose,2
'wonder,2
verba,2
superstitiously,2
morrows,2
ti,2
artemidorus,2
unquietness,2
behaved,2
marvellously,2
advances,2
venetia,2
bottles,2
lena,2
disdained,2
slings,2
shocks,2
melteth,2
shuffled,2
alley,2
charactery,2
unnumber,2
broader,2
abridged,2
grunt,2
wrens,2
datchet-mead,2
longed,2
re-deliver,2
thronging,2
jack-a-lent,2
boldest,2
untouch,2
humidity,2
figo,2
nurses,2
flamed,2
expounded,2
grating,2
bodykins,2
insert,2
enforces,2
terrestrial,2
palfreys,2
make-a,2
intending,2
nutmeg,2
appal,2
naso,2
distraught,2
peak,2
hoof,2
unpregnant,2
feu,2
caret,2
'swounds,2
whelped,2
fatted,2
comprehend,2
'get,2
cheval,2
impeachment,2
domine,2
statua,2
rebuked,2
ut,2
lingered,2
closure,2
severing,2
impartial,2
hortensius,2
foster-nurse,2
defer,2
bequeathing,2
scoff,2
twit,2
presentation,2
muleters,2
countercheque,2
talbots,2
disabled,2
quip,2
ill-favoured,2
shrilly,2
rudiments,2
untuneable,2
carol,2
brides,2
mindless,2
gens,2
pelt,2
forenoon,2
dungy,2
betideth,2
scolds,2
shrill-tongued,2
heart-sore,2
inkhorn,2
simpering,2
dismission,2
smoothed,2
heart.,2
reguerdon,2
bellows,2
plated,2
rye,2
amort,2
adoration,2
warr'st,2
walled,2
resident,2
osiers,2
barking,2
sheep-cote,2
unworthily,2
swath,2
reclaim,2
infamous,2
shrinking,2
huswife,2
degraded,2
bottomless,2
superscription,2
glides,2
wreakful,2
placing,2
ipse,2
corrosive,2
diffidence,2
thrasonical,2
reverenced,2
persuasions,2
agone,2
poured,2
slaughtermen,2
rearward,2
edged,2
fainted,2
joint'st,2
fight'st,2
conversion,2
gouty,2
'down,2
prognostication,2
witnessing,2
emphasis,2
daw,2
glimmer,2
fewest,2
nodded,2
opulent,2
mandragora,2
temple-garden,2
rudest,2
haled,2
berry,2
roughest,2
daintily,2
usuring,2
equall,2
philotus,2
slew'st,2
captivate,2
rumor,2
stanch,2
considerate,2
fabulous,2
strong-knit,2
shrimp,2
healing,2
epicurean,2
compose,2
wearer,2
warr,2
donn,2
bruited,2
misconstrue,2
sapless,2
tiring,2
'speak,2
marrows,2
urgent,2
onion,2
consolation,2
noddy,2
discredited,2
pestiferous,2
revolution,2
entangled,2
importeth,2
lydia,2
patronage,2
metamorphosed,2
they'ld,2
oblique,2
deserver,2
equality,2
wassails,2
usurpation,2
swift-winged,2
menecrates,2
arbitrator,2
primal,2
despairs,2
voluptuousness,2
studious,2
thrived,2
wastes,2
giveth,2
mends,2
affect'st,2
quickens,2
garboils,2
paleness,2
banditti,2
faintness,2
holly,2
pantheon,2
solitary,2
wrongful,2
territory,2
reproachful,2
conjoined,2
pouch,2
upstart,2
pantaloon,2
dismall'st,2
furnace,2
condescend,2
dissembled,2
circe,2
proffers,2
manfully,2
inaccessible,2
quintessence,2
scrip,2
parishioners,2
wearied,2
opened,2
atalanta,2
survives,2
scythia,2
copulation,2
rind,2
sheaf,2
dinners,2
ind,2
proclamations,2
bell-wether,2
sufficed,2
nurture,2
re-salute,2
collop,2
warble,2
unfrequented,2
decrepit,2
cote,2
recks,2
obstacle,2
ratsbane,2
uncouth,2
polluted,2
chant,2
remember'st,2
espied,2
dreads,2
intruder,2
labyrinth,2
brabble,2
bolden,2
dispensation,2
taxing,2
whosoe'er,2
disgorge,2
disable,2
sensual,2
mischievous,2
enthrall,2
plighted,2
cleanse,2
vents,2
quo,2
biscuit,2
chanticleer,2
wags,2
styx,2
petitionary,2
new-fangled,2
puffing,2
simpler,2
fashionable,2
neighbourly,2
stags,2
gascony,2
falser,2
chevalier,2
heedless,2
girdled,2
exult,2
sterner,2
tilter,2
hemm,2
forfeiting,2
yelping,2
fables,2
worm-eaten,2
institute,2
'ever,2
holier,2
fridays,2
certified,2
patterns,2
dashed,2
managed,2
coloured,2
bandying,2
advises,2
trumpeter,2
thousandth,2
gondola,2
swam,2
patchery,2
unheedful,2
caparisoned,2
elegies,2
maidenhood,2
ungartered,2
interchanging,2
sunken,2
quotidian,2
guardant,2
carving,2
rescues,2
se'nnight,2
love-songs,2
giglot,2
ask'st,2
dropped,2
cork,2
untied,2
accoutrements,2
concave,2
assailing,2
chestnut,2
restraining,2
nibbling,2
brink,2
'many,2
o'ermatch,2
slut,2
notoriously,2
hard-favoured,2
thatched,2
nook,2
curing,2
noble-minded,2
ill-boding,2
fractions,2
scythian,2
burnish,2
hectors,2
applauding,2
tabourines,2
reigning,2
favouring,2
unrevenged,2
uncaught,2
carbonado,2
enamoured,2
massacres,2
gawsey,2
potions,2
maul,2
clouts,2
foul'st,2
demurely,2
nests,2
bringer,2
poor'st,2
lichas,2
advisedly,2
colossus,2
scutcheon,2
catechism,2
diminutives,2
forswearing,2
grimly,2
blossoming,2
tasking,2
dispraising,2
uprise,2
destroyed,2
carouse,2
turpitude,2
budding,2
thessaly,2
tributaries,2
harping,2
lookest,2
holdeth,2
await,2
invocate,2
whine,2
dis,2
hosts,2
performs,2
landlord,2
leaky,2
bowing,2
emptiness,2
unstate,2
abysm,2
conjurers,2
bass,2
ransomless,2
mudded,2
adieus,2
termagant,2
opportune,2
gunpowder,2
confutes,2
busily,2
mishap,2
comets,2
diminution,2
tresses,2
dazzled,2
pertly,2
mid-day,2
by-gone,2
emboss,2
flower-de-luces,2
vanishest,2
thunder-stroke,2
bareness,2
augurer,2
twenty-three,2
ebbing,2
undrown,2
fallible,2
voyages,2
bridges,2
rural,2
molest,2
lanes,2
edicts,2
council-board,2
guilders,2
gibbets,2
livia,2
lieve,2
freshness,2
o'er-raught,2
coinage,2
saddler,2
almanac,2
disparagement,2
inquisitive,2
draff,2
dilate,2
bellies,2
mishaps,2
fishers,2
burdened,2
floating,2
uplift,2
firebrand,2
'antony,2
branded,2
'ban,2
prophesying,2
contrarious,2
articulate,2
useful,2
ensued,2
corrigible,2
milks,2
invert,2
hurlyburly,2
cards,2
indistinct,2
'verily,2
piteously,2
remarkable,2
showering,2
foretells,2
abhorring,2
frailties,2
smites,2
condemning,2
crownets,2
swabber,2
mall,2
unbar,2
new-fall'n,2
shackles,2
writings,2
meeter,2
swum,2
pleasest,2
doncaster,2
guileful,2
grizzled,2
over-ruled,2
unhack,2
enfeebled,2
farest,2
galley,2
gathered,2
weepest,2
cookery,2
quagmire,2
reconciles,2
driveth,2
o'er-count,2
victual,2
gorgon,2
dispraised,2
corded,2
linstock,2
partisan,2
astraea,2
bacchanals,2
distrain,2
media,2
courteously,2
soho,2
pacorus,2
bacchus,2
glansdale,2
scarecrow,2
turret,2
ripens,2
alexandrian,2
nourisheth,2
banqueting-room,2
ptolemies,2
whelps,2
unhair,2
abel,2
auvergne,2
adjacent,2
endamage,2
engraved,2
yarely,2
arc,2
lacedaemon,2
bends,2
improvident,2
comic,2
undid,2
fans,2
cupids,2
flutes,2
love-sick,2
landing,2
defensive,2
adonis,2
importunacy,2
coins,2
precedence,2
gardens,2
lipp,2
'ah,2
slimy,2
festivals,2
lackest,2
scaling-ladders,2
quails,2
thickens,2
o'erpower,2
sorcery,2
demon,2
bearing-cloth,2
purposeth,2
captainship,2
munition,2
trumpery,2
rudder,2
hungerford,2
prescript,2
distractions,2
publicola,2
planks,2
lamentably,2
overplus,2
remaineth,2
dastards,2
reapers,2
slackness,2
toryne,2
spying,2
lated,2
mares,2
repays,2
xiii,2
perjure,2
hazarded,2
lessens,2
despiseth,2
xii,2
marring,2
dancer,2
bedew,2
august,2
encompassed,2
swerving,2
squares,2
lieutenantry,2
audacity,2
denounced,2
sealing,2
look'dst,2
accuses,2
spreading,2
reverently,2
vented,2
warders,2
indulgence,2
woodvile,2
recreants,2
north-gate,2
peel,2
shards,2
visitors,2
unbolt,2
adores,2
halcyon,2
'fool,2
adulterous,2
unloved,2
ordained,2
dissolves,2
passenger,2
contemptible,2
discase,2
levying,2
ascended,2
tribunal,2
neighs,2
castaway,2
protract,2
tempters,2
armenia,2
caesarion,2
shortened,2
reflex,2
mountebanks,2
gloomy,2
copies,2
retrograde,2
blinking,2
cottages,2
margarelon,2
unsuitable,2
vendible,2
inhibited,2
selling,2
highways,2
rational,2
clouted,2
shoon,2
resistance,2
assails,2
florentines,2
chatham,2
scribbled,2
apprehensive,2
heritage,2
slowness,2
termed,2
herrings,2
bricklayer,2
pedler,2
fair'st,2
palfrey,2
unnoted,2
hoops,2
felony,2
tuscan,2
amplest,2
cheapside,2
dragged,2
barricado,2
reliques,2
printing,2
jurisdiction,2
graybeards,2
grammar,2
forefathers,2
pies,2
chattering,2
usually,2
swept,2
executing,2
terra,2
roscius,2
reaching,2
palsy,2
extorted,2
coursers,2
point-blank,2
curls,2
withstand,2
arched,2
collateral,2
radiance,2
killingworth,2
kentish,2
inherits,2
matthew,2
scalding,2
goffe,2
languishes,2
london-stone,2
tisick,2
admiringly,2
abandoned,2
spun,2
tanner,2
threadbare,2
omitting,2
torment'st,2
printed,2
surmised,2
blaspheming,2
impostor,2
experiment,2
sources,2
boding,2
thought'st,2
sea-coast,2
wofull'st,2
prostitute,2
congregated,2
took'st,2
concert,2
frightful,2
peaceably,2
soft-hearted,2
unpolish,2
ungain,2
may-day,2
morris,2
tib,2
execrations,2
buttocks,2
damp,2
unquestion,2
flinch,2
practiser,2
lean-faced,2
daintiest,2
lizards,2
'her,2
charlemain,2
clothier,2
loneliness,2
gobbets,2
inclusive,2
forts,2
hating,2
revenging,2
forswear't,2
many-colour,2
thrones,2
curd,2
foregone,2
sithence,2
'excellent,2
sworder,2
tully,2
unlearned,2
puddle,2
master's-mate,2
accessary,2
dilated,2
novices,2
spurio,2
lustrous,2
calculate,2
heroes,2
bloody-minded,2
knowingly,2
gaultier,2
creaking,2
sphered,2
warnings,2
plodded,2
crest-fall'n,2
breech,2
cancell,2
shelves,2
culling,2
outstretched,2
crook-back,2
brinish,2
swains,2
parch,2
amazonian,2
type,2
struggle,2
cross-bows,2
unstanched,2
sicils,2
o'ershades,2
pandars,2
adage,2
vowing,2
cony,2
cureless,2
usurpers,2
paws,2
proveth,2
coffins,2
forgery,2
lifting,2
tickles,2
ariseth,2
shrub,2
possessor,2
nectar,2
toiling,2
cleaving,2
bechanced,2
'charge,2
flexible,2
luckless,2
wakefield,2
hewn,2
steely,2
withdrawn,2
kindling,2
attempting,2
coldness,2
deniest,2
night-owl,2
saddest,2
post-haste,2
big-swoln,2
long-tongued,2
safe-conduct,2
infringed,2
dub,2
'warwick,2
olympian,2
inexorable,2
opes,2
slaughter-man,2
commixture,2
glued,2
lasted,2
weeping-ripe,2
erroneous,2
dens,2
blazing,2
bereaved,2
great-sized,2
shear,2
inviolable,2
grasps,2
cites,2
pent-up,2
protectors,2
rabblement,2
hoped-for,2
presageth,2
priamus,2
mans,2
unlook'd-for,2
southam,2
somerville,2
exhort,2
sacrificed,2
fount,2
fawns,2
seditious,2
palmer,2
outcast,2
bone-ache,2
ruinate,2
'sallet,2
knower,2
conduce,2
splits,2
rids,2
wreaths,2
'commend,2
superficially,2
parks,2
redeemed,2
sallet,2
shrubs,2
infortunate,2
gallowglasses,2
bug,2
brick,2
memorial,2
placket,2
command'st,2
grudges,2
home-bred,2
winding-sheet,2
essex,2
'achilles,2
pash,2
forcible,2
forewarn,2
dishonoured,2
shambles,2
malcontent,2
pensive,2
lukewarm,2
uncrown,2
joins,2
becomest,2
disport,2
flanders,2
baiting,2
scrupulous,2
true-hearted,2
indigested,2
belgia,2
border,2
reave,2
stigmatic,2
particularities,2
incaged,2
aldermen,2
medea,2
waned,2
maketh,2
loud'st,2
eclipsed,2
envenomed,2
fruitfully,2
crab-tree,2
under't,2
multiplied,2
close-stool,2
describes,2
goaded,2
carbonadoed,2
asketh,2
conjurations,2
scratched,2
chill,2
supplications,2
lentus,2
quill,2
'against,2
salad,2
cornelia,2
rehearsal,2
cullions,2
courtezans,2
displaced,2
housekeeping,2
protestations,2
pennyworths,2
conjectural,2
science,2
displeasures,2
abase,2
perspective,2
soaking,2
noiseless,2
blames,2
grovel,2
o'erbears,2
protected,2
'slight,2
sickens,2
indebted,2
nessus,2
parallels,2
linguist,2
scores,2
tremblest,2
'first,2
epistles,2
screech-owls,2
trinkets,2
caterwauling,2
typhon,2
expertness,2
falconers,2
halloing,2
volubility,2
tragedians,2
armoury,2
callet,2
revives,2
ave-maries,2
helper,2
aiding,2
contemptuous,2
headsman,2
denay,2
dandle,2
boiled,2
exceeded,2
remainders,2
d'ecu,2
frenchwoman,2
commandments,2
commoner,2
'jesu,2
weke,2
curtle-axe,2
obstinacy,2
burghers,2
superficial,2
semblances,2
swashing,2
boar-spear,2
enticing,2
possibility,2
umber,2
teacheth,2
smoothness,2
inseparable,2
bringeth,2
ranged,2
peeps,2
coursed,2
expenses,2
commenting,2
implored,2
inquisition,2
liegemen,2
viceroy,2
confesses,2
reasonless,2
thrash,2
augmenting,2
flux,2
gallian,2
'',2
lucre,2
detract,2
'poor,2
petticoats,2
working-day,2
clapping,2
real,2
gentility,2
dunghills,2
blabb,2
handkercher,2
costs,2
onions,2
transporting,2
handless,2
exorcist,2
customer,2
equivocal,2
lordings,2
smoothing,2
circumspect,2
hogs,2
council-house,2
lamed,2
ruder,2
bounden,2
weights,2
elder-tree,2
princesses,2
scribe,2
marketable,2
philomela,2
unload,2
anatomize,2
duchy,2
befriended,2
underhand,2
cradles,2
'old,2
priesthood,2
dwelt,2
graft,2
manor,2
unto't,2
misprising,2
unbridled,2
shag-hair,2
isbels,2
ling,2
ruff,2
circuit,2
avails,2
kern,2
opposer,2
undiscover,2
fundamental,2
leaped,2
ashford,2
politicly,2
transgressed,2
chequer,2
rinaldo,2
envies,2
mildest,2
gagged,2
lowing,2
relenting,2
chicken,2
weaves,2
dardan,2
gins,2
subtlety,2
uncurable,2
wishest,2
mean-born,2
gazer,2
sinned,2
engirt,2
partridge,2
returneth,2
struggling,2
tugg,2
doer,2
dislikest,2
eunuchs,2
vengeful,2
lapse,2
coranto,2
scoured,2
controller,2
debile,2
pausing,2
hacks,2
travails,2
attracts,2
boded,2
personages,2
curbed,2
bear-baiting,2
spending,2
scorpion,2
bolting,2
leavening,2
hell-pains,2
recantation,2
cliffs,2
thou't,2
'accost,2
ill-thought,2
spleenful,2
tolerable,2
diverted,2
gnarling,2
shave,2
attributes,2
o'erflows,2
demanding,2
heaping,2
braid,2
hatfield,2
woodstock,2
titled,2
anatomized,2
philippe,2
snared,2
nevil,2
hottest,2
ambitiously,2
sand-bag,2
trumpeters,2
confirmations,2
fastened,2
beadles,2
scattered,2
townsmen,2
plum-tree,2
saunder,2
lyingest,2
pasty,2
emperial,2
acquired,2
module,2
mourned,2
a-piece,2
tartness,2
cherished,2
yarn,2
dutch,2
'prentices,2
winners,2
wrested,2
ore,2
confidently,2
promise-breaker,2
vaunts,2
unsounded,2
protectorship,2
goodlier,2
far-off,2
hoarded,2
condign,2
solicits,2
blab,2
whatsome'er,2
o'erta'en,2
passeth,2
hindmost,2
blindfold,2
foolhardy,2
swooned,2
par,2
succeeds,2
nipping,2
messaline,2
'came,2
waggon,2
dimension,2
hedge-corner,2
dismount,2
eaves,2
trow'st,2
virginius,2
smoked,2
fire-eyed,2
hoarding,2
bridled,2
'thwack,2
swims,2
fins,2
ravisher,2
merlin,2
ant,2
withers,2
aristotle,2
shreds,2
abjured,2
audible,2
writer,2
nag,2
velutus,2
axle-tree,2
ballad-makers,2
peas,2
directitude,2
metre,2
envying,2
priority,2
homes,2
packed,2
unbuckle,2
ruminated,2
countenances,2
smilingly,2
forbad,2
participate,2
'mortimer,2
sessions,2
malign,2
heating,2
competency,2
oldest,2
information,2
'kind,2
vincetino,2
scourged,2
rods,2
specially,2
nettled,2
griffin,2
tradesmen,2
rubbing,2
candy,2
garners,2
thwack,2
taming-school,2
upside,2
suckle,2
lovelier,2
razors,2
experiments,2
sewing,2
knack,2
show'st,2
dwellest,2
ithaca,2
batten,2
feed'st,2
steeples,2
cambric,2
cotus,2
franklin,2
auditor,2
'larum,2
topples,2
fellest,2
coral,2
billeted,2
particularly,2
bacon,2
permitted,2
anvil,2
pouring,2
smug,2
seventy,2
fisting,2
damm,2
cantle,2
circumvention,2
contest,2
fleas,2
dough,2
shunning,2
certainties,2
stools,2
loose-bodied,2
tench,2
twine,2
skein,2
northward,2
tuns,2
thimble,2
overblown,2
rebell,2
usury,2
haunting,2
assemblies,2
upbraidings,2
popularity,2
digestions,2
beardless,2
gibing,2
jesters,2
syrups,2
holidays,2
separate,2
salutations,2
ditches,2
bareheaded,2
frontier,2
singed,2
drank,2
preparing,2
blazed,2
furlongs,2
puddled,2
prophetically,2
hoisted,2
blunted,2
christophero,2
incursions,2
'fly,2
barr'st,2
good-friday,2
wombs,2
denials,2
sea-mark,2
breaker,2
icicle,2
cedars,2
fillip,2
embassies,2
profiting,2
'forgive,2
reviled,2
gosling,2
gorged,2
harrow,2
dedicated,2
verdure,2
dishonestly,2
alien,2
disturbed,2
palsied,2
scandalized,2
gossiping,2
humanely,2
awaken,2
pheasant,2
falter,2
afflicts,2
sarcenet,2
ravishing,2
ditties,2
pour'st,2
sympathized,2
commonalty,2
famously,2
hooting,2
beguiling,2
surplus,2
obeys,2
loseth,2
clusters,2
inkling,2
sweet-faced,2
discoursed,2
palms,2
smarting,2
defender,2
a-hold,2
juggler,2
hacket,2
leasing,2
harvest-home,2
milliner,2
inordinate,2
passable,2
drizzled,2
indent,2
priest-like,2
teacher,2
suppler,2
conduits,2
conveyances,2
froze,2
nightingales,2
bestir,2
trapp,2
shields,2
aptness,2
fulfilled,2
blackberries,2
exhalations,2
rannest,2
soaring,2
stolest,2
handkerchers,2
mingling,2
manifests,2
would'st,2
dislikes,2
speak't,2
stock-fish,2
tails,2
whereabout,2
closer,2
boar's-head,2
pertinent,2
shearers,2
rudesby,2
situate,2
prank,2
spawn,2
moveable,2
rayed,2
spoiled,2
pillory,2
bounding,2
'stay,2
'brutus,2
'citizens,2
prattling,2
daffodils,2
malkin,2
lutes,2
reechy,2
multitudinous,2
blended,2
clambering,2
twangling,2
ridges,2
horsed,2
'whoop,2
kates,2
storehouse,2
alderman,2
pother,2
vanquisher,2
racks,2
'longeth,2
bristled,2
ralph,2
'look,2
pewter,2
michaelmas,2
'pointed,2
begged,2
jog,2
youngling,2
gillyvors,2
wild-geese,2
hob,2
psalms,2
vintner,2
vouches,2
unswept,2
hearest,2
half-a-dozen,2
fewer,2
mountainous,2
endue,2
roguery,2
twos,2
southward,2
lessons,2
horseman,2
onward,2
kernels,2
waxed,2
lurch,2
'celsa,2
'regia,2
hostilius,2
reinforcement,2
gan,2
kendal,2
prig,2
pint,2
o'erleap,2
priami,2
sigeia,2
twink,2
simois,2
auburn,2
portance,2
bunch,2
tristful,2
piles,2
sham,2
sit'st,2
sheathing,2
fens,2
distribute,2
zounds,2
barne,2
fern-seed,2
quaked,2
overta'en,2
2s,2
rougher,2
distribution,2
bewitched,2
calmly,2
snorting,2
fiddlestick,2
'death,2
soothing,2
tribes,2
pharaoh,2
hyperbolical,2
tyrannical,2
select,2
unburied,2
abated,2
archdeacon,2
joined,2
beldam,2
nicanor,2
a-day,2
a-doing,2
assaulted,2
movers,2
induction,2
hangmen,2
physical,2
squared,2
opposers,2
cautelous,2
placeth,2
sermon,2
successes,2
mustachio,2
encountering,2
flay,2
despising,2
prayed,2
colted,2
white-bearded,2
precipitation,2
sops,2
companionship,2
lewdly,2
mockers,2
deucalion,2
herdsmen,2
daunt,2
wild-duck,2
lards,2
'larums,2
ripest,2
barn,2
oaken,2
disciplined,2
enroll,2
quaff,2
digress,2
skim,2
trident,2
unbind,2
pinched,2
barm,2
dries,2
disguises,2
waded,2
stoutness,2
misleader,2
cloak-bag,2
bombard,2
tape,2
miry,2
schoolboys,2
mills,2
baes,2
syllables,2
lulls,2
topping,2
throw't,2
allaying,2
wealthily,2
tun,2
converses,2
swearest,2
mulberry,2
all-hail,2
limitation,2
bawdy-houses,2
fobbed,2
siren,2
expulsion,2
dowlas,2
dwindle,2
contaminate,2
everywhere,2
hitherwards,2
gib,2
attempted,2
judgest,2
quiddities,2
tenantius,2
prosperously,2
grime,2
unmingled,2
hybla,2
noah,2
mayest,2
hear't,2
vestments,2
reverted,2
defeatures,2
well-beseeming,2
twist,2
strutting,2
eleventh,2
malt-horse,2
associate,2
weighed,2
curl,2
intemperance,2
bare-foot,2
measureless,2
exchanged,2
'silver,2
'music,2
'out,2
whined,2
ungalled,2
intestine,2
disloyalty,2
alleys,2
seal-ring,2
shes,2
football,2
holland,2
nimble-footed,2
carbuncles,2
grew'st,2
packthread,2
capons,2
basting,2
periwig,2
uneasy,2
dials,2
poop,2
wafts,2
hereabouts,2
empoison,2
argier,2
flame-coloured,2
locking,2
fraughtage,2
ding-dong,2
survivor,2
herefordshire,2
quailing,2
hell-fire,2
butchered,2
resolutely,2
misadventure,2
death's-head,2
battering,2
waftage,2
pheeze,2
bearest,2
o'erturn,2
otherwhere,2
oceans,2
prune,2
sere,2
partlet,2
estranged,2
computation,2
austerely,2
benches,2
retold,2
heart-burned,2
eyebrows,2
links,2
'bring,2
tortoise,2
capel,2
'lay,2
unurged,2
bawdy-house,2
dissolutely,2
wiles,2
bridgenorth,2
setebos,2
vaulted,2
serving-creature,2
cupbearer,2
delve,2
'hang,2
spites,2
featly,2
foul-mouthed,2
advantageous,2
intellectual,2
shrive,2
illusions,2
females,2
horsemanship,2
baffle,2
pacified,2
balk,2
sob,2
elm,2
displace,2
variation,2
daff,2
capitulate,2
flowerets,2
mist,2
shunned,2
commenced,2
answer'st,2
dullest,2
coign,2
resumes,2
enlarged,2
unwashed,2
whene'er,2
slug,2
bewail,2
males,2
pruning,2
scowl,2
doest,2
treading,2
peevishly,1
'gobbo,1
'because,1
quoifs,1
bowling,1
necklace,1
maidenly,1
canker-blossom,1
neaf,1
cadmus,1
malignancy,1
hinders,1
transgresses,1
discredits,1
swine-herds,1
quinapalus,1
shrewishness,1
five-fold,1
moving-delicate,1
maypole,1
unworthier,1
overfar,1
poking-sticks,1
cursed'st,1
resists,1
justles,1
statures,1
saltiers,1
extravagancy,1
bashfulness,1
dears,1
countenanced,1
maculation,1
distractedly,1
'launcelot,1
superpraise,1
surgere,1
inwardness,1
straited,1
cherries,1
changeful,1
'shylock,1
stupid,1
allayment,1
devilish-holy,1
'plain,1
causeth,1
sanded,1
unfilled,1
gloriously,1
'conscience,1
fancy-sick,1
scurrilous,1
o'er-rules,1
altering,1
pigrogromitus,1
guest-wise,1
expires,1
gaskins,1
'diluculo,1
boors,1
barful,1
proper-false,1
reclusive,1
'honest,1
pedlars,1
syllogism,1
lavolt,1
hasty-footed,1
satyrs,1
sigh'st,1
oes,1
engilds,1
untangle,1
constellation,1
impair,1
semblative,1
dumb-discoursive,1
qualifying,1
'forehand,1
marted,1
'above,1
notedly,1
'olivia,1
crams,1
fumbles,1
foul-tainted,1
sultan,1
chapter,1
valuing,1
tittle-tattling,1
reddest,1
solyman,1
constraineth,1
mock'st,1
shifting,1
lighter-heel,1
cruell'st,1
thaws,1
treasonable,1
new'st,1
entwist,1
schedules,1
sleeve-hand,1
giglots,1
inventoried,1
tawdry-lace,1
mollification,1
comedian,1
dear-a,1
bird-bolts,1
cavalery,1
overflown,1
cannon-bullets,1
pickle-herring,1
foreknowledge,1
distasted,1
tongs,1
zanies,1
experimental,1
bedabbled,1
tale-porter,1
shrewishly,1
scants,1
penned,1
red-hipped,1
best-regarded,1
...,1
honeysuckle,1
comptible,1
willfully,1
enrings,1
vixen,1
barky,1
catechising,1
charmeth,1
quicker,1
beefs,1
jole,1
knot-grass,1
hindering,1
outbrave,1
relished,1
cubs,1
pairs,1
minimus,1
she-bear,1
observations,1
'low,1
baldpate,1
neat-herds,1
cantons,1
cucullus,1
contemned,1
lasses,1
committ'st,1
misgovernment,1
ware-a,1
death-counterfeiting,1
wormy,1
crossways,1
utensil,1
fleshmonger,1
sternest,1
embrasures,1
batty,1
rejoindure,1
undiscovered,1
labelled,1
medler,1
expostulation,1
starry,1
milking-time,1
wear-a,1
mournest,1
overcast,1
adorations,1
dexterously,1
mired,1
doubler,1
waterflies,1
vapians,1
confixed,1
foining,1
love-news,1
enamell,1
lull,1
inheritors,1
milksops,1
strachy,1
jezebel,1
stone-bow,1
unmarried,1
over-canopied,1
branched,1
scrambling,1
torch-beare,1
bed-room,1
whorish,1
proserpina,1
disvalued,1
wode,1
slayeth,1
eye-lids,1
marigold,1
cars,1
shew,1
love-in-idleness,1
fancy-free,1
gormandise,1
smartly,1
countrywoman,1
roundel,1
musk-rose,1
bight,1
interchained,1
preceptial,1
squeezes,1
spinners,1
long-legg,1
best-esteem,1
weaving,1
wights,1
prayer-books,1
gauge,1
sheep-biter,1
green-sward,1
ribald,1
quarreling,1
box-tree,1
low-born,1
through't,1
blind-worms,1
trout,1
newts,1
torchbearers,1
peepeth,1
pastorals,1
hoots,1
rere-mice,1
attachment,1
jets,1
a-brewing,1
palating,1
quenching,1
sowter,1
bed-mate,1
carnations,1
shearing,1
clamber,1
simulation,1
inure,1
fortunate-unhappy,1
chaplet,1
hostess-ship,1
transformations,1
fashion-monging,1
jewess,1
hoary-headed,1
deprave,1
governess,1
tick,1
hagar,1
catlings,1
fire-robed,1
cetera,1
champaign,1
snail-slow,1
anticly,1
mazes,1
exultation,1
murrion,1
excites,1
childing,1
alphabetical,1
'cousin,1
original,1
soilure,1
mints,1
ruddiness,1
love-shaft,1
carnally,1
harmonious,1
lavender,1
numbness,1
uttering,1
good-fellowship,1
out-facing,1
big-bellied,1
embarked,1
dibble,1
belock,1
'besides,1
p,1
black-monday,1
spiced,1
brock,1
staniel,1
enfreed,1
ash-wednesday,1
piedness,1
squealing,1
henchman,1
wry-neck,1
shepherdesses,1
feather-bed,1
drivest,1
slights,1
impeticos,1
moonbeams,1
night-tapers,1
unbraided,1
humble-bees,1
honey-bags,1
mulberries,1
dewberries,1
sonties,1
gratillity,1
bottle-ale,1
hovel-post,1
testril,1
mellifluous,1
cloyment,1
politicians,1
peg-a-ramsey,1
franklins,1
consanguineous,1
'cuckoo,1
tillyvally,1
accusing,1
twelfth,1
finch,1
ousel,1
burglary,1
coziers,1
sneck,1
crook-knee,1
eftest,1
ox-beef,1
silently,1
bored,1
'unjust,1
unmitigated,1
she-angel,1
lawns,1
equinoctial,1
yielders,1
queubus,1
touse,1
cambrics,1
cawing,1
incarnal,1
true-begotten,1
caddisses,1
inkles,1
russet-pated,1
violenteth,1
fowler,1
mimic,1
nole,1
comfect,1
shallowest,1
nuptial-day,1
dissembly,1
mechanicals,1
night-rule,1
high-gravel,1
misdemeanors,1
asshead,1
cues,1
wild-fowl,1
beagle,1
'cucullus,1
tiring-house,1
hawthorn-brake,1
insufficiency,1
sphery,1
slanderers,1
well-warranted,1
eyelid,1
recollected,1
informal,1
coming-in,1
naughtily,1
kill-courtesy,1
lack-love,1
bugbear,1
giddy-paced,1
feste,1
knitters,1
strown,1
opal,1
capocchia,1
momentary-swift,1
candle-wasters,1
silence.,1
dildos,1
wisher,1
penthesilea,1
'ladies,1
'ninus,1
personated,1
consanguinity,1
fill-horse,1
singularities,1
crumbs,1
brisky,1
profoundly,1
'gree,1
chisel,1
lily-white,1
home-spuns,1
nayword,1
time-pleaser,1
famished,1
stretch-mouthed,1
affectioned,1
cons,1
'fair-ladies,1
swarths,1
opinioned,1
'jump,1
excellencies,1
hasted,1
householder,1
taciturnity,1
fadings,1
cater-cousins,1
frutify,1
moderation,1
continuing,1
unconstrained,1
frightening,1
traffickers,1
sleeveless,1
booties,1
mannerly-modest,1
batch,1
mouse-eaten,1
dog-fox,1
colchos,1
'flayed,1
blackberry,1
'stoned,1
behalfs,1
repenting,1
wenching,1
beckoning,1
marl,1
polydamas,1
want-wit,1
traitorly,1
brick-wall,1
overmastered,1
menon,1
stoned,1
good-will,1
crusty,1
doreus,1
tartly,1
colossus-wise,1
whore-masterly,1
courted,1
seemest,1
clapper-clawing,1
broth,1
o'ergalled,1
enrapt,1
warren,1
shrills,1
bullocks,1
ruptures,1
drovier,1
soul-vex,1
weather-bitten,1
leaders,1
piers,1
unburden,1
libertines,1
devising,1
guts-griping,1
'hundred,1
edifies,1
ill-well,1
adventuring,1
slops,1
successor,1
waggling,1
lookers,1
lames,1
heirless,1
ill-qualities,1
start-up,1
lute-string,1
perfumer,1
untowardly,1
sculls,1
whereout,1
understand'st,1
salved,1
court-word,1
began'st,1
toaze,1
desertless,1
strawy,1
otecake,1
subduements,1
untraded,1
court-contempt,1
court-odor,1
war-thoughts,1
well-famed,1
mower,1
basted,1
tuition,1
enfoldings,1
noseless,1
chipp,1
rustics,1
bias-drawing,1
engaging,1
baron,1
brothel-house,1
pleasantly,1
appropriation,1
concur,1
galathe,1
pashed,1
ram-tender,1
chapels,1
epistrophus,1
march-chick,1
cedius,1
convive,1
betroths,1
undoes,1
polyxenes,1
meshes,1
sheep-whistling,1
germane,1
upwards,1
hobby-horses,1
stithied,1
dearness,1
good-year,1
inspirations,1
over-name,1
namest,1
describe,1
amphimachus,1
accordant,1
thoas,1
thick-pleached,1
palamedes,1
clapper,1
precious-dear,1
rheums,1
haggerds,1
sleave-silk,1
potato-finger,1
halfpence,1
night-raven,1
laughable,1
cognition,1
worest,1
immaterial,1
singest,1
directs,1
indistinguishable,1
deceivers,1
recordation,1
kid-fox,1
bow-string,1
co-act,1
withdraws,1
weathers,1
arbour,1
rivelled,1
publishing,1
obstinately,1
quitted,1
deceptious,1
covertly,1
hastening,1
calumniate,1
limekilns,1
rump,1
astronomers,1
hisses,1
leers,1
pleached,1
gaging,1
pestered,1
earwax,1
enrobe,1
primitive,1
two-headed,1
honeysuckles,1
tassel,1
hearsay,1
rogero,1
proposing,1
shoeing-horn,1
false-hearted,1
flap,1
pleasant'st,1
evidences,1
detractions,1
greedily,1
necessarily,1
avoids,1
beholder,1
bag-piper,1
crossness,1
unanswer,1
daffed,1
afeared,1
negation,1
new-trothed,1
critics,1
taming,1
behind-hand,1
reportingly,1
constringed,1
twenty-one,1
dirt-rotten,1
palsies,1
cham,1
clipping,1
concupy,1
lethargies,1
prester,1
catarrhs,1
almond,1
tooth-picker,1
commodious,1
endowed,1
terminations,1
proselytes,1
gudgeon,1
over-much,1
huddling,1
exhortation,1
admonishment,1
overjoyed,1
bushels,1
turbulence,1
willow-tree,1
dock,1
pigmies,1
self-endeared,1
smalus,1
depravation,1
love-gods,1
hi,1
sanctimonies,1
worries,1
featured,1
ill-headed,1
unhopefullest,1
issueless,1
sciaticas,1
watchings,1
bi-fold,1
inseparate,1
orifex,1
ariachne,1
sicilian,1
woof,1
south-wind,1
purchaseth,1
benedict,1
five-finger-tied,1
o'er-eaten,1
shipmen,1
high-top,1
pleasant-spirited,1
wheezing,1
hurricano,1
ballad-maker,1
purely,1
vagrom,1
sorting,1
discontenting,1
quarreller,1
scoundrels,1
eanlings,1
throttle,1
subtractors,1
accosting,1
unbreathed,1
forefend,1
coystrill,1
disjunction,1
advertising,1
hard-handed,1
encounterers,1
forceless,1
aspiration,1
irremoveable,1
parish-top,1
undiscernible,1
muses,1
thebes,1
carduus,1
shovels,1
castiliano,1
tipsy,1
parti-colour,1
vulgo,1
blow'st,1
viol-de-gamboys,1
unthought-on,1
compromised,1
unpath,1
horn-ring,1
tinsel,1
unfoldeth,1
well-won,1
'saving,1
shoe-tie,1
'deceiving,1
pomander,1
blink,1
grim-look,1
wittiest,1
crannied,1
ticklish,1
sorrowed,1
julio,1
grazed,1
ninus,1
promise-breach,1
bounteously,1
remonstrance,1
alters,1
blabs,1
disordered,1
straps,1
impaired,1
quaffing,1
undream,1
prickest,1
agueface,1
inserted,1
anticipating,1
suffigance,1
misbeliever,1
cut-throat,1
woos,1
kickshawses,1
'be't,1
'paragon,1
handicraft,1
unfilial,1
non-come,1
high-soaring,1
back-trick,1
bald-pated,1
marred,1
sink-a-pace,1
formed,1
unprofited,1
nuncio,1
ampler,1
'most,1
excommunication,1
eternally,1
gaud,1
rubious,1
interjections,1
wood-birds,1
thessalian,1
seething,1
shaping,1
aquilon,1
remained,1
romano,1
holy-thistle,1
chambermaid,1
sneak,1
after-supper,1
latches,1
decerns,1
palabras,1
herdsman,1
'thought,1
transfigured,1
comprehended,1
imagining,1
aspicious,1
enchantment.,1
buttery-bar,1
overfond,1
outswell,1
sheep-hook,1
combatant,1
sheep-biting,1
appalled,1
pourquoi,1
usances,1
discovering,1
finch-egg,1
'pourquoi,1
arion,1
limander,1
confiscation,1
approached,1
separates,1
expectance,1
half-supp,1
bleats,1
church-bench,1
sheathes,1
bragless,1
squarer,1
stuffing,1
trencherman,1
vigitant,1
montferrat,1
destructions,1
mountanto,1
mirable,1
imminence,1
niobes,1
bleated,1
mouldeth,1
undescried,1
broker-lackey,1
neoptolemus,1
borrow'dst,1
disliken,1
achiever,1
itched,1
shill,1
ale-houses,1
stickler-like,1
feud,1
o'erspreads,1
baldrick,1
bidden,1
expecters,1
saxony,1
boy-queller,1
recheat,1
troths,1
befriends,1
three-score,1
seld,1
connive,1
frush,1
hare-finder,1
continuer,1
parrot-teacher,1
empale,1
double-,1
determinations,1
requisite,1
sibylla,1
aided,1
predestinate,1
turncoat,1
henned,1
cut-purse,1
putrefied,1
darking,1
elevated,1
hold-door,1
pettitoes,1
reader,1
bowers,1
thrum,1
angled,1
shakest,1
gleams,1
moused,1
bel,1
attentiveness,1
church-window,1
shaven,1
wane,1
smirched,1
lion-fell,1
rabato,1
land-thieves,1
silliest,1
whoo-bub,1
mural,1
underborne,1
unmuffles,1
nazarite,1
publican,1
squarest,1
congregate,1
definitive,1
instate,1
bluish,1
imbrue,1
water-thieves,1
multipotent,1
misprizing,1
squandered,1
unearned,1
field-dew,1
boards,1
eases,1
bequeathe,1
dexter,1
receiveth,1
church-way,1
screeching,1
behowls,1
commixtion,1
cousin-german,1
palpable-gross,1
drizzles,1
vindicative,1
five-and-thirty,1
overwatch,1
slandering,1
out-sleep,1
land-rats,1
deedless,1
cloistress,1
love-thoughts,1
stints,1
notably,1
water-rats,1
review,1
decking,1
humbling,1
imparts,1
endymion,1
jolt-head,1
heardest,1
cate-log,1
peds,1
credulity,1
water-spaniel,1
love-affairs,1
pabylon,1
colouring,1
city-gate,1
abridge,1
vagram,1
falls-,1
hibocrates,1
illiterate,1
melancholies,1
loiterer,1
opposes,1
stupefied,1
procure-a,1
patients,1
pittie-ward,1
park-ward,1
perversely,1
fehemently,1
brews,1
cutler,1
crusts,1
chollors,1
gelt,1
'blessing,1
trempling,1
lament'st,1
let-a,1
vherefore,1
plot-proof,1
phaeton,1
scall,1
'silvia,1
noddles,1
show't,1
weather-cock,1
heavings,1
merops,1
dickens,1
young-eyed,1
divulge,1
shelving,1
sun-bright,1
wedding-dower,1
fetching,1
vlouting-stog,1
anthem,1
unreversed,1
honey-mouth,1
meet-a,1
stockish,1
uncompassionate,1
laughing-stocks,1
silver-shedding,1
cockscomb,1
illumined,1
red-look,1
gaul,1
soul-curer,1
body-curer,1
no-verbs,1
stopt,1
a-feasting,1
persevers,1
quiring,1
esteemeth,1
fleming,1
'rato-lorum,1
vow'dst,1
'custalourum,1
devises,1
halidom,1
pible,1
foin,1
o'ernight,1
'coram,1
montant,1
falstaffs,1
conceitless,1
allycholly,1
vorld,1
wittol,1
recking,1
land-damn,1
py,1
masses,1
disparagements,1
well-favored,1
salt-butter,1
pissing,1
putter-on,1
passant,1
befortune,1
ransacked,1
dining-chamber,1
louses,1
gnawn,1
luces,1
amaimon,1
castalion-king-urinal,1
vitness,1
fawneth,1
dire-lamenting,1
clapper-claw,1
sweet-complaining,1
deploring,1
co-heirs,1
tank,1
cavaleiro,1
leviathans,1
direction-giver,1
heaven-bred,1
jack-an-ape,1
farm-house,1
wailful,1
forceful,1
lumpish,1
jack-dog,1
generations,1
spaniel-like,1
excus,1
twits,1
commending,1
crews,1
star-,1
honour-flaw,1
guest-justice,1
inter'gatory,1
rifle,1
mounseur,1
bu,1
mockwater,1
sojourned,1
manna,1
mock-water,1
be-gar,1
love-a,1
go-between,1
summer-swelling,1
cut'st,1
long-tail,1
heartlings,1
unearthly,1
turnips,1
ear-deafening,1
barrabas,1
o'erslips,1
'nearest,1
spokesman,1
barrow,1
new-year,1
inscrutable,1
arraigned,1
shelvy,1
a-year,1
wearers,1
dismayed,1
turd,1
principality,1
hasting,1
penitential,1
'omans,1
disability,1
fellow-servant,1
unmellow,1
venturing,1
cruel-hearted,1
god-fathers,1
recant,1
sourest-natured,1
launces,1
surpassing,1
conspiring,1
contradicts,1
swelled,1
kidney,1
datchet-lane,1
ordaining,1
impugn,1
fasted,1
derivative,1
distillation,1
suffocation,1
socks,1
horse-shoe,1
sufferd,1
etna,1
buck-baskets,1
pepper-box,1
robin-redbreast,1
urinal,1
rammed,1
snowballs,1
brewage,1
sceptred,1
chalices,1
blesseth,1
movingly,1
pullet-sperm,1
'yet,1
good-morrows,1
instigated,1
esteemest,1
ill-favoredly,1
peaking,1
cornuto,1
protested,1
droppeth,1
pad,1
bragged,1
regarding,1
uncape,1
turmoil,1
pumpion,1
jays,1
ship-tire,1
tire-valiant,1
unroosted,1
nooks,1
semi-circled,1
overtaketh,1
crone,1
sedge,1
unvenerable,1
enamell'ed,1
hawthorn-buds,1
bucklersbury,1
wo,1
hollaing,1
odd-conceited,1
woman-tired,1
intelligencing,1
nursh-a,1
patines,1
inlaid,1
publisher,1
entitling,1
aimed,1
tarriance,1
brew-house,1
staggering,1
whitsters,1
eyas-musket,1
back-door,1
unprevented,1
damm'st,1
counter-gate,1
betrays,1
drumble,1
under-stand,1
whiting-time,1
stand-under,1
lewd-tongued,1
liege-man,1
cowl-staff,1
avenue,1
reportest,1
expels,1
marriage-hour,1
datchet-meat,1
buck-washing,1
mad-woman,1
braggardism,1
parable,1
sweet-suggesting,1
lime-kiln,1
lozel,1
true-devoted,1
visibly,1
out-night,1
dimples,1
pretended,1
meaneth,1
aeson,1
soul-confirming,1
weak-hinged,1
o'ertrip,1
pon,1
assence,1
swarthy,1
bucking,1
wittolly,1
marriage-vow,1
sternness,1
veneys,1
softly-sprighted,1
goads,1
warrener,1
adown-a,1
beverage,1
vetch,1
boitier,1
vert,1
heartiness,1
'resolutely,1
'dissolutely,1
cordis,1
tremor,1
fait,1
chaud,1
cain-coloured,1
sovereignly,1
wee,1
virginalling,1
tester,1
blacks,1
o'er-dyed,1
operations,1
yellowness,1
malecontents,1
neat.,1
paring-knife,1
smutch,1
plessed,1
sea-coal,1
breed-bate,1
fecks,1
glover,1
vais,1
cour,1
grande,1
unsphere,1
baille,1
philosophers,1
little-a,1
jack'nape,1
sighted,1
give-a,1
shallenge,1
speak-a,1
limber,1
troat,1
dee,1
jack-a-nape,1
matter-a,1
lady-she,1
send-a,1
peace-a,1
temptations,1
ill-doing,1
affaire,1
mette,1
depeche,1
break-neck,1
take-a,1
qu'ai-j'oublie,1
wafting,1
phlegmatic,1
varld,1
changeth,1
frisk,1
larron,1
content-a,1
possitable,1
fullam,1
gourd,1
clerk-like,1
vultures,1
tap,1
cogitation,1
eye-glass,1
non-performance,1
hungarian,1
industriously,1
spigot,1
tinderbox,1
wilful-negligent,1
hoxes,1
inclinest,1
'convey,1
washer,1
cleansed,1
chamber-councils,1
benched,1
wringer,1
impudently,1
reiterate,1
scholarly,1
medal,1
temporizer,1
hovering,1
skulking,1
horsing,1
pippins,1
negative,1
stander-by,1
keisar,1
justify't,1
flax-wench,1
pheezar,1
thrifts,1
came't,1
so-forth,1
fico,1
coactive,1
burning-glass,1
guiana,1
laundry,1
fellow'st,1
exchequers,1
ill-favored,1
shrieked,1
bespice,1
humour-letter,1
sackerson,1
hailstones,1
skirted,1
communicatest,1
fixes,1
co-join,1
hardening,1
'sicilia,1
invitation,1
rounding,1
cony-catch,1
carves,1
knee-deep,1
inch-thick,1
neb,1
bents,1
unbreech,1
hardest,1
englished,1
reared,1
rover,1
exteriors,1
childness,1
gest,1
all-hallowmas,1
detection,1
ringwood,1
coach-fellow,1
geminy,1
baboons,1
plessing,1
passioning,1
pickt-hatch,1
unconfinable,1
cat-a-mountain,1
red-lattice,1
agood,1
distinguishment,1
bold-beating,1
swearer,1
well-willers,1
canaries,1
unseeing,1
abbey-wall,1
stoccadoes,1
mountain-foot,1
cuckoo-birds,1
humoured,1
drawling,1
mischances,1
ranting,1
guest-cavaleire,1
cotsall,1
rounder,1
egress,1
replenish,1
peradventures,1
regress,1
considers,1
an-heires,1
musk,1
rushling,1
alligant,1
stay'st,1
gainer,1
peaces,1
unseasoned,1
vizaments,1
compremises,1
engrossed,1
atonements,1
bold'st,1
loitering,1
'whip,1
enlargeth,1
war-like,1
court-like,1
benevolence,1
charities,1
whelm,1
federary,1
she-mercury,1
bed-swerver,1
eye-wink,1
lily-tincture,1
resurrections,1
death's-bed,1
sun-expelling,1
orld,1
distracts,1
new-found,1
frampold,1
letter.,1
vulgars,1
fartuous,1
true-confirmed,1
moyses,1
cabbage,1
adorns,1
banbury,1
love-letters,1
holiday-,1
attorneyed,1
childhoods,1
'ask,1
soldier-like,1
over-kind,1
latten,1
mountain-foreigner,1
insufficience,1
unweighed,1
flemish,1
semicircle,1
unintelligent,1
yead,1
enduring,1
ill-ta'en,1
labras,1
incidency,1
shortcake,1
distaffs,1
udge,1
careires,1
impriso,1
fap,1
good-jer,1
forbiddenly,1
fool's-head,1
nuthook,1
gainsaying,1
tougher,1
allicholy,1
multiply,1
magnificence,1
shovel-boards,1
archidamus,1
unrivall,1
fortuned,1
include,1
boom,1
chariness,1
pre-employ,1
nayward,1
lawlessly,1
hefts,1
umpires,1
bearts,1
without-door,1
shrugs,1
valerius,1
mephostophilus,1
antechamber,1
pawned,1
mill-sixpences,1
'green,1
well-behaved,1
affectations,1
uncomeliness,1
hundredth,1
psalm,1
tevil,1
twin-brother,1
fine-baited,1
edition,1
note-,1
giantess,1
prief,1
finally,1
'boarding,1
playing-day,1
attendeth,1
accidence,1
lubberly,1
unchary,1
aunts,1
unduteous,1
evitate,1
cockatrices,1
sow-skin,1
eschew,1
night-dogs,1
impetuosity,1
clodpole,1
goodwins,1
twanged,1
drawest,1
wanes,1
bum-baily,1
reproves,1
thrush,1
tirra-lyra,1
garcon,1
quirk,1
implacable,1
removedness,1
incensement,1
unhatched,1
doxy,1
fledged,1
intercepter,1
dubbed,1
assailant,1
pugging,1
tuck,1
paysan,1
orchard-end,1
budget,1
new-bent,1
littered,1
unconsidered,1
snapper-up,1
prevailment,1
unharden,1
regreets,1
incredulous,1
imprinted,1
chanting,1
biddy,1
'cast,1
thrice-blessed,1
earthlier,1
incites,1
unwished,1
sealing-day,1
fore-spurrer,1
nosegays,1
'fare,1
waylay,1
solemnities,1
uncheck,1
high-day,1
killest,1
merriments,1
spend'st,1
'youth,1
cherry-pit,1
pepper,1
interchanged,1
love-tokens,1
quieter,1
improbable,1
collier,1
firago,1
sea-cap,1
tods,1
missingly,1
'confess,1
vexest,1
gorboduc,1
sapphire,1
wittily,1
embroidery,1
glow-worms,1
lanterns,1
middle-earth,1
trial-fire,1
finger-end,1
prague,1
ann,1
peize,1
untried,1
tufts,1
barricadoes,1
clearstores,1
meadow-fairies,1
mettest,1
bede,1
new-crowned,1
puzzled,1
errest,1
swan-like,1
complainest,1
emerald,1
fertile-fresh,1
'honi,1
findings,1
soit,1
mal,1
y,1
pinse,1
bonos,1
o'erreaching,1
metheglins,1
puffed,1
job,1
fornications,1
friendships,1
o'erflourish,1
warmed,1
healed,1
hodge-pudding,1
punishes,1
drinkings,1
unsound,1
starings,1
flannel,1
befalls,1
couplet,1
frankfort,1
ancient'st,1
cowardship,1
fleshed,1
mentioned,1
aired,1
leah,1
ungird,1
seese,1
turquoise,1
late-walking,1
'seese,1
torturest,1
o'erween,1
'putter,1
stickest,1
fritters,1
'leven,1
concurs,1
malecontent,1
troll-my-dames,1
night-wanderers,1
grize,1
good-faced,1
hideth,1
bean-fed,1
filly,1
unmuzzled,1
enchantment,1
'vouchsafed,1
unrolled,1
gentile,1
foal,1
dewlap,1
mistaketh,1
'tailor,1
churn,1
bear-baitings,1
bailiff,1
acorn-cups,1
ape-bearer,1
dewdrops,1
accosted,1
dormouse,1
disabling,1
grand-jury-men,1
deplore,1
westward-ho,1
clause,1
goodfellow,1
inscriptions,1
process-server,1
villagery,1
quern,1
neeze,1
'pregnant,1
versing,1
gull-catcher,1
'element,1
pilchards,1
carest,1
bond-slave,1
antiopa,1
traytrip,1
rushy,1
perigenia,1
masqued,1
crost,1
mile-a,1
flora,1
entertainest,1
flaunts,1
aegle,1
over-worn,1
phillida,1
bouncing,1
'odours,1
'rain,1
good-sooth,1
torchbearer,1
steppe,1
garde,1
over-weather,1
folly-fall'n,1
buskin,1
stile-a,1
scarfed,1
unforfeited,1
obliged,1
out-dwells,1
freckles,1
banged,1
wroth,1
bow-strings,1
memorials,1
unhospitable,1
prospers,1
corruptly,1
unguided,1
treasure-house,1
lode-stars,1
casualty,1
pries,1
three-man-song-men,1
hurling,1
primrose-beds,1
augmentation,1
folding,1
unheedy,1
peasantry,1
knitteth,1
'behold,1
schooling,1
'please,1
over-full,1
cross-gartering,1
tod,1
self-affairs,1
shorn,1
purse-bearer,1
repaying,1
misgraffed,1
currants,1
momentany,1
nose-gays,1
portrait,1
new-varnish,1
horn-pipes,1
renegado,1
stitches,1
sailed,1
'thisne,1
thisne,1
cerecloth,1
straw-colour,1
brownist,1
rib,1
purple-in-grain,1
insculp,1
french-crown-colour,1
thoroughfares,1
bare-faced,1
shoulder-blade,1
mortal-breathing,1
balked,1
loathsomeness,1
condoling,1
ostents,1
cubiculo,1
wainropes,1
riping,1
warden,1
deliver't,1
manikin,1
outcries,1
goose-pen,1
phibbus,1
love-broker,1
inscroll,1
performing,1
nutmegs,1
glitters,1
raisins,1
bilberry,1
hearths,1
dardanian,1
table-talk,1
negro,1
bechance,1
jews,1
rasher,1
pork-eaters,1
thrummed,1
charybdis,1
scylla,1
flaying,1
love-book,1
forbade,1
oils,1
beadsman,1
note-worthy,1
sluggardized,1
wit-snapper,1
'cover,1
glisters,1
'quods,1
pronouns,1
quae,1
followest,1
'quies,1
'quaes,1
encertainties,1
preeches,1
birding-pieces,1
sprag,1
fodder,1
cheerest,1
'peer,1
pistols,1
dignify,1
home-keeping,1
toss-pots,1
unfool,1
overswear,1
vox,1
fortune-telling,1
tranect,1
daubery,1
gospels,1
severs,1
occurrence,1
walnut,1
fooleries,1
betray'dst,1
baby-daughter,1
'woe,1
polecat,1
cohere,1
unthought,1
madly-used,1
convents,1
frays,1
panderly,1
discontinued,1
ging,1
whirligig,1
pinioned,1
uncourteous,1
presupposed,1
table-sport,1
brazen-face,1
fidelity,1
cross-garter,1
nowhere,1
prettier,1
ferry,1
'baa,1
declensions,1
findest,1
genders,1
rendering,1
singulariter,1
alphonso,1
haec,1
tournaments,1
universities,1
hoc,1
fearful-hanging,1
fretten,1
'proteus,1
'love-wounded,1
easiest,1
hig,1
contemptuously,1
first-fruits,1
pronoun,1
lapis,1
journeying,1
inexecrable,1
offend'st,1
wreathe,1
harden,1
hideousness,1
tattlings,1
waver,1
wotting,1
owning,1
decks,1
keenness,1
pulcher,1
resembleth,1
relying,1
underta'en,1
baned,1
genitivo,1
hujus,1
exact'st,1
julla,1
testerned,1
apollos,1
hick,1
huddled,1
glancing,1
'noddy,1
brassy,1
flatness,1
profaneness,1
'horum,1
tardied,1
howso'er,1
understandings,1
unheedfully,1
mercatio,1
trampling,1
gingerly,1
accusativo,1
interpeter,1
starr,1
child-bed,1
hinc,1
'hang-hog,1
vocativo,1
jenny,1
tartars,1
churlishly,1
profferer,1
o'erlooked,1
harum,1
closest,1
'thrice-welcome,1
runyon,1
thin-faced,1
honest-true,1
prospered,1
double-dealing,1
loa,1
shuddering,1
chooser,1
affirmatives,1
rash-embraced,1
seemingly,1
threatenest,1
ailest,1
enrobed,1
ribands,1
flaring,1
midas,1
goliath,1
crest-fallen,1
demi-god,1
jamany,1
varletto,1
summary,1
underprizing,1
triplex,1
tertio,1
secundo,1
hilloa,1
faustuses,1
dilemma,1
primo,1
entertainments,1
cozen-germans,1
readins,1
colebrook,1
vlouting-stocks,1
shuttle,1
veiling,1
castle-ditch,1
flap-dragoned,1
piss,1
scut,1
potatoes,1
enwraps,1
kissing-comfits,1
eringoes,1
bibble,1
shoulder-bone,1
haunch,1
winked,1
lacked,1
seasoned,1
'hey,1
unraked,1
obscures,1
rut-time,1
guiled,1
disputes,1
boring,1
negatives,1
chantry,1
heart-break,1
main-mast,1
lewdsters,1
pold,1
fattest,1
snaky,1
watch-'ords,1
crisped,1
yest,1
pid,1
land-service,1
mussel-shell,1
trebled,1
bawbling,1
three-and-twenty,1
intercessors,1
break-from,1
thrower-out,1
interposer,1
rattles,1
sawpit,1
grizzle,1
incardinate,1
wronging,1
unwearied,1
cub,1
encircle,1
fairy-like,1
interchangement,1
idle-headed,1
blusters,1
two-and-twenty,1
passy,1
tincture,1
fortune-tell,1
ass-head,1
panyn,1
unpitifully,1
consisteth,1
forfeitures,1
lifelings,1
unvirtuous,1
peaten,1
impenetrable,1
othergates,1
winter-time,1
ragg,1
to-pinch,1
attested,1
scathful,1
anthropophaginian,1
trunk-work,1
unpleasant'st,1
perverseness,1
standing-bed,1
hushes,1
recommended,1
foamy,1
faithfull'st,1
behind-door-work,1
hallooed,1
ephesian,1
bohemian-tartar,1
unlesson,1
livings,1
unauspicious,1
boor,1
joinder,1
reveals,1
best-condition,1
dis-horn,1
browsing,1
chus,1
merchant-marring,1
lisbon,1
mores,1
non-regardance,1
marble-breasted,1
rating,1
taber,1
stair-work,1
screws,1
tricking,1
goodfellows,1
enfetter,1
snapped,1
sharp-provided,1
miranda.,1
wearily,1
all-ending,1
executor,1
undergone,1
outgrown,1
cacaliban,1
firing,1
dams,1
o'er-rule,1
opprobriously,1
scamels,1
filberts,1
icy-cold,1
marmoset,1
pomfret-castle,1
pignuts,1
puppy-headed,1
flesh-fly,1
brained,1
long-parted,1
nonage,1
dimming,1
freshes,1
butt-end,1
heart-sorrowing,1
high-swoln,1
sorcerer,1
new-heal,1
mutineer,1
stony-stratford,1
totters,1
'small,1
deboshed,1
wretched'st,1
a-growing,1
man-monster,1
dived,1
jumpeth,1
traditional,1
cellar,1
twill,1
tim,1
snoring,1
urchin,1
tragedian,1
inch-meal,1
infections,1
did't,1
securing,1
drawbridge,1
open-eyed,1
foresees,1
escapedst,1
covert'st,1
timorously,1
payest,1
lord-ship,1
feater,1
unnecessarily,1
cubit,1
sea-swallow,1
footfall,1
tower-walls,1
brewing,1
pailfuls,1
twelve-month,1
shriving,1
blood-suckers,1
neapolitans,1
trinculos,1
bed-fellows,1
acquaints,1
islander,1
expiate,1
crowning,1
holborn,1
legged,1
'ifs,1
poor-,1
startled,1
fish-,1
fearful'st,1
wezand,1
unwilligness,1
parcell,1
abstemious,1
dabbled,1
'clarence,1
vetches,1
barley,1
corollary,1
misdeeds,1
noon-tide,1
abates,1
mop,1
strong-framed,1
judgment-day,1
'judgment,1
accuseth,1
detects,1
murkiest,1
sour-eyed,1
aspersion,1
shamefast,1
turfy,1
ferryman,1
stover,1
reflecting,1
refreshing,1
honey-drops,1
diffusest,1
peacocks,1
grass-plot,1
gulls,1
rocky-hard,1
sea-marge,1
pole-clipt,1
lass-lorn,1
-groves,1
talkers,1
betrims,1
brims,1
twilled,1
wrecks,1
pioned,1
virgin-knot,1
convict,1
unwept,1
impeachments,1
demand'st,1
drollery,1
waiting-vassals,1
castaways,1
dulling,1
meanders,1
forth-rights,1
tabourer,1
while-ere,1
acquisition,1
troll,1
viceroys,1
overgo,1
surpasseth,1
unmoan,1
widow-dolour,1
utensils,1
rootedly,1
reversed,1
bouted,1
gentle-kind,1
wrong-incensed,1
compensation,1
heart-sorrow,1
unrip'dst,1
gallant-springing,1
requit,1
deceivest,1
fellow-ministers,1
dowle,1
thraldom,1
help'st,1
still-closing,1
bemock'd-at,1
award,1
never-surfeited,1
unviolable,1
putter-out,1
wallets,1
razorable,1
meet'st,1
listed,1
intestate,1
peg,1
murmur'st,1
hag-born,1
mill-wheels,1
revolving,1
client,1
unmitigable,1
report'st,1
copious,1
preciously,1
intercepts,1
hidest,1
blue-eyed,1
sorceries,1
graven,1
enointed,1
exclamations,1
grumblings,1
correspondent,1
spiriting,1
a-high,1
eyeball,1
neglect'st,1
worry,1
defacer,1
true-disposing,1
shrug'st,1
hag-seed,1
deservedly,1
pew-fellow,1
calibans,1
would't,1
intelligencer,1
brine-pits,1
strokedst,1
honeycomb,1
side-stitches,1
water-nymph,1
bunch-back,1
mistakings,1
flote,1
woe-wearied,1
vainer,1
peevish-fond,1
spicery,1
recomforture,1
rideth,1
zenith,1
hollow-hearted,1
sea-storm,1
unresolved,1
sea-sorrow,1
mediterranean,1
light-foot,1
steaded,1
linens,1
unmindful,1
undergoing,1
hoyday,1
white-liver,1
instinctively,1
bowsprit,1
precursors,1
thunder-claps,1
sight-outrunning,1
whetted,1
stone-hard,1
tackling,1
demise,1
bermoothes,1
still-vex,1
supposest,1
bleeding-hearts,1
engrave,1
badest,1
unadvisedly,1
advantaging,1
dull-brain,1
victress,1
'hell,1
up-staring,1
misusest,1
seniory,1
new-appearing,1
unsatiate,1
egally,1
blemished,1
recure,1
definitively,1
care-crazed,1
beauty-waning,1
bigamy,1
true-derived,1
fished,1
foul-faced,1
ascendeth,1
sowing,1
eets,1
dead-killing,1
ill-dispersing,1
'widow,1
wed'st,1
welcomer,1
'widower,1
breasted,1
oar,1
prayer-book,1
wave-worn,1
well-learned,1
shaw,1
penker,1
stripping,1
wink'st,1
drowsiness,1
bat-fowling,1
flat-long,1
mallows,1
nettle-seed,1
unexamined,1
sow't,1
seeth,1
dicipline,1
plantation,1
chirurgeonly,1
african,1
eighty,1
freezeth,1
courtsied,1
smothered,1
visitor,1
imposter,1
cradled,1
muscles,1
fresh-brook,1
fringed,1
'girdling,1
'almost,1
sea-nymphs,1
stander,1
sea-change,1
rash-levied,1
cock-a-diddle-dow,1
bow-wow,1
watch-dogs,1
dispersedly,1
unblown,1
whist,1
entertainer,1
dollar,1
brecknock,1
wiselier,1
iron-witted,1
new-dyed,1
glosses,1
high-reaching,1
rarities,1
vouched,1
totally,1
deep-revolving,1
dream'st,1
tear-falling,1
misses,1
lush,1
miss't,1
sing'st,1
uninhabitable,1
rougemont,1
troublest,1
bosky,1
unshrubb,1
short-grass,1
weaved-up,1
bucket,1
unagreeable,1
unbroke,1
long-since-due,1
detention,1
date-broke,1
clamourous,1
smit,1
reliances,1
ill-erected,1
pilates,1
foals,1
blinds,1
undeck,1
shineth,1
vain-glories,1
pomps,1
bums,1
outrunnest,1
emptier,1
not-withstanding,1
resignation,1
vauntingly,1
lie-giver,1
unaptness,1
streaming,1
saracens,1
ition,1
indispos,1
sometime't,1
appellants,1
plume-pluck,1
adopts,1
noblesse,1
deputy-elect,1
manure,1
woefullest,1
sureties,1
regalia,1
conveyers,1
jutting-out,1
restful,1
brevis,1
bleeding-new,1
dich,1
unhorse,1
lustiest,1
a-sleeping,1
windpipe,1
read'st,1
apperil,1
furor,1
thrusteth,1
'ira,1
discontentedly,1
scraping,1
shrill-voiced,1
sevenfold,1
outgoes,1
unpeaceable,1
out-pray,1
common'st,1
fatterers,1
zeals,1
stews,1
pupil-like,1
unrightful,1
endear,1
unkiss,1
visitations,1
'ld,1
singles,1
short'st,1
misgovern,1
imagery,1
bespake,1
well-graced,1
adoring,1
justs,1
unrestrained,1
depraves,1
hoy-day,1
manual,1
reacheth,1
'pardonne,1
monstrousness,1
recoverable,1
distaff-women,1
ardent,1
villainies,1
judases,1
uncurse,1
backwardly,1
scoffing,1
supported,1
bedrench,1
monarchize,1
infusing,1
oppresseth,1
chidest,1
dips,1
bountifully,1
'king,1
requesting,1
double-fatal,1
gluttonous,1
beadsmen,1
wondrously,1
balsam,1
rioter,1
discomfortable,1
briber,1
self-affrighted,1
o'erthrows,1
byzantium,1
repugnancy,1
outsides,1
care-tuned,1
misbegot,1
manslaughter,1
white-beards,1
hairless,1
behave,1
scalps,1
emboldens,1
clergyman,1
grassy,1
graft'st,1
dangling,1
goblets,1
half-caps,1
distasteful,1
corporate,1
tender-hearted,1
night-owls,1
unpleased,1
unwisely,1
fast-lost,1
comparing,1
feast-won,1
spilth,1
sea-walled,1
upturned,1
auditors,1
broad-spreading,1
exactest,1
depress,1
cold-moving,1
almsman,1
swell'st,1
barbed,1
belonged,1
thundering,1
nutriment,1
solidares,1
towardly,1
mustering,1
unbegot,1
'nothing,1
maid-pale,1
pastures,1
free-hearted,1
comprising,1
respectively,1
kn,1
ingeniously,1
ees,1
caked,1
omitt'st,1
apprehendest,1
dove-drawn,1
barnacles,1
prodigality,1
unshapen,1
pinch-spotted,1
convulsions,1
lay-to,1
foreheads,1
atonement,1
breathing-while,1
unrewarded,1
horse-piss,1
dropsy,1
ill-will,1
ennoble,1
frippery,1
servant-maid,1
foot-licker,1
slewest,1
pack-horse,1
line-grove,1
white-friars,1
weather-fends,1
repentant,1
useless,1
strong-based,1
spitteth,1
black-faced,1
rifted,1
bedimm,1
bedash,1
mushrooms,1
sharp-pointed,1
adoreth,1
demi-puppets,1
printless,1
encompasseth,1
lakes,1
'gaitist,1
kindlier,1
encloseth,1
wetting,1
o'erstunk,1
spell-stopp,1
bunches,1
rooting,1
'margaret,1
naiads,1
strew'st,1
charmingly,1
harmoniously,1
ensnareth,1
whet'st,1
bunchback,1
weeder-out,1
false-boding,1
marriage-blessing,1
waspish-headed,1
out-shining,1
uncharitably,1
gentle-sleeping,1
fatting,1
bed-right,1
elvish-mark,1
windring,1
begnaw,1
sedged,1
filthy-mantled,1
goss,1
rewarder,1
furzes,1
royalize,1
childish-foolish,1
cacodemon,1
calf-like,1
unback,1
insubstantial,1
drew'st,1
cloud-capp,1
baseless,1
rye-straw,1
snarling,1
sicklemen,1
ever-harmless,1
o'ershade,1
fellowly,1
chopping,1
bordeaux,1
beckon,1
never-quenching,1
translates,1
cicester,1
personate,1
brocas,1
seely,1
glass-faced,1
mournings,1
untirable,1
grim-visaged,1
barded,1
confluence,1
unfashionable,1
livelier,1
oozes,1
reciting,1
inductions,1
jouncing,1
awed,1
coronation-day,1
lobbies,1
'ldst,1
unclew,1
extoll,1
wistly,1
still-breeding,1
intermix,1
crushing,1
daintiness,1
pencill,1
traffics,1
frequents,1
cleansing,1
addressing,1
pregnantly,1
accompanying,1
sacrificial,1
all-hating,1
libels,1
frees,1
cheered,1
supportable,1
jingling,1
disobeys,1
chalk,1
chess,1
halbert,1
befitting,1
justled,1
oozy,1
irreparable,1
new-christen,1
subtilties,1
hell-govern,1
supposed-evils,1
expell,1
defused,1
furtherer,1
hedgehog,1
follow'st,1
diversity,1
key-cold,1
obsequiously,1
moping,1
deceiver,1
chick,1
cross-row,1
expeditious,1
woodville,1
gales,1
night-walking,1
dear-beloved,1
o'erworn,1
thrice-double,1
gentle-folks,1
buzzards,1
overmuch,1
post-horse,1
fly-blowing,1
bully-monster,1
infest,1
extirpate,1
unsway,1
unpossess,1
molto,1
nimble-pinion,1
wind-swift,1
signor,1
highmost,1
honorato,1
jaunt,1
jaunting,1
repliest,1
poultice,1
deliciousness,1
casa,1
nostra,1
'alla,1
trovato,1
cuore,1
love-devouring,1
tutto,1
'con,1
versal,1
mio,1
'leges,1
top-gallant,1
occupy,1
adriatic,1
indite,1
hoars,1
xanthippe,1
ropery,1
flirt-gills,1
socrates,1
skains-mates,1
florentius,1
quivers,1
shrived,1
tackled,1
'knocking,1
'sirrah,1
stair,1
pip,1
rebused,1
presenters,1
'broad,1
may'st,1
brooked,1
agile,1
amerce,1
fiery-footed,1
love-performing,1
untalk,1
sober-suited,1
taketh,1
three-legg,1
uncase,1
noddle,1
metaphysics,1
logic,1
maidenhoods,1
devote,1
stoics,1
bating,1
vowel,1
anna,1
'redime,1
captum,1
quam,1
idles,1
basta,1
cretan,1
quarrelled,1
wakened,1
agenor,1
easter,1
consort'st,1
longly,1
minimo,1
queas,1
alla,1
stoccata,1
rat-catcher,1
drybeat,1
pitcher,1
church-door,1
drivelling,1
aglet-baby,1
bedaub,1
entertain'st,1
tassel-gentle,1
silver-sweet,1
mother-wit,1
loving-jealous,1
grey-eyed,1
hazel-twig,1
chequering,1
flecked,1
askance,1
sallow,1
combless,1
up-fill,1
osier,1
precious-juiced,1
misapplied,1
slow-wing,1
unstuff,1
earliness,1
mad-cup,1
grissel,1
incredible,1
vied,1
basins,1
flourisheth,1
skipper,1
graybeard,1
found'st,1
bepaint,1
baptists,1
perjuries,1
o'sunday,1
tips,1
fruit-tree,1
ripening,1
flattering-sweet,1
curstest,1
meacock,1
falconer,1
protesting,1
up-roused,1
join'd-stool,1
singleness,1
flowed,1
bondmaid,1
fishified,1
younges,1
out-talk,1
chiders,1
petrarch,1
contributors,1
clang,1
laura,1
chid'st,1
kitchen-wench,1
be-rhyme,1
dowdy,1
hildings,1
assisting,1
binaca,1
single-soled,1
rope-tricks,1
jested,1
perdona-mi,1
helding,1
fashion-mongers,1
bad'st,1
waverer,1
bow-boy,1
prick-song,1
super-dainty,1
minim,1
uttereth,1
reverso,1
'frets,1
proud-minded,1
leases,1
widowhood,1
decreased,1
hai,1
baccare,1
fantasticoes,1
tuners,1
death-darting,1
gore-blood,1
prorogued,1
arbitrating,1
outcry,1
restorative,1
yew-tree,1
smatter,1
grubs,1
mammet,1
immoderately,1
long-experienced,1
charnel-house,1
chamber-maids,1
engrossing,1
o'er-cover,1
unfurnished,1
world-wearied,1
inauspicious,1
gadding,1
behests,1
behoveful,1
mis-sheathed,1
warns,1
conspires,1
prefixed,1
drizzle,1
merriman,1
rains,1
jeronimy,1
pallabris,1
overset,1
paucas,1
tempest-tossed,1
chop-logic,1
'proud,1
slys,1
prouds,1
fettle,1
glooming,1
severest,1
hurdle,1
tallow-face,1
thrills,1
betossed,1
clowder,1
baskets,1
angelica,1
booted,1
cot-quean,1
soundpost,1
rebeck,1
catling,1
simon,1
mouse-hunt,1
griping,1
freezes,1
dry-beat,1
logger-head,1
slug-a-bed,1
undraws,1
minstrel,1
spited,1
beguil,1
uncomfortable,1
curfew-bell,1
post-horses,1
pastry,1
quinces,1
savage-wild,1
wrenching,1
wanders,1
yew-trees,1
suspecting,1
searchers,1
healthsome,1
franciscan,1
starveth,1
life-weary,1
soon-speeding,1
earthen,1
festering,1
mandrakes,1
ill-shaped,1
alligator,1
overwhelming,1
expect'st,1
belman,1
perdonato,1
workmanly,1
quarts,1
maiden-widowed,1
wedding-bed,1
jugs,1
'banishment,1
hence-banished,1
mis-term,1
leet,1
cutt'st,1
caged,1
io,1
carrion-flies,1
studded,1
sharp-ground,1
howlings,1
sin-absolver,1
displant,1
unmade,1
cicely,1
rear-ward,1
naps,1
turph,1
dear-loved,1
angelical,1
dove-feather,1
plash,1
bentivolii,1
wolvish-ravening,1
dissemblers,1
lombardy,1
three-hours,1
tumbling-trick,1
gambold,1
comondy,1
undress,1
al'ce,1
tybalts,1
needly,1
pimpernell,1
heartsick,1
mist-like,1
merest,1
hunt's-up,1
'honour,1
divideth,1
appurtenances,1
over-merry,1
overjoy,1
obeisance,1
barthol'mew,1
affray,1
buttery,1
infold,1
over-eyeing,1
goeth,1
soto,1
ill-divining,1
asunder.,1
'will't,1
diaper,1
rose-water,1
sharps,1
'lordship,1
day-light,1
tiptoe,1
unseemly,1
bestraught,1
rail'st,1
abound'st,1
bedeck,1
misshapen,1
wincot,1
ale-wife,1
bear-herd,1
skitless,1
transmutation,1
cardmaker,1
burtonheath,1
over-leather,1
misbehaved,1
pout'st,1
pomegranate-tree,1
ewers,1
o'er-perch,1
safe-conducting,1
sewed,1
long-lane,1
misadventured,1
account'st,1
peereth,1
overthrows,1
death-mark,1
mete-yard,1
sampson,1
be-mete,1
demi-cannon,1
collar,1
winter-cricket,1
half-yard,1
three-quarters,1
better-fashion,1
censer,1
slish,1
apple-tart,1
star-cross,1
blindly,1
ferrers,1
let't,1
milk-sop,1
bedazzled,1
stragglers,1
yoemen,1
spangle,1
rush-candle,1
appendix,1
parsley,1
marsh,1
solum,1
imprimendum,1
pittance,1
richmonds,1
hearkening,1
long-usurped,1
affied,1
beareth,1
heartless,1
custard-coffin,1
dowery,1
dresser,1
new-risen,1
good-morrow,1
planteth,1
pathways,1
still-waking,1
joltheads,1
trenchers,1
theretake,1
preserving,1
walnut-shell,1
flap-ear,1
beetle-headed,1
welcome.,1
mark-man,1
unharm,1
unpink,1
gabriel,1
saint-seducing,1
all-cheering,1
full-gorged,1
rooteth,1
coverlet,1
ruffling,1
profaners,1
neighbour-stained,1
free-town,1
fardingales,1
ruffs,1
judgment-place,1
swung,1
tripe,1
tripoli,1
format,1
mercatante,1
dog-weary,1
cullion,1
womankind,1
proceeders,1
amid,1
travellest,1
distain,1
logger-headed,1
under-take,1
swills,1
trough,1
furze,1
'mercy,1
glut,1
widest,1
wide-chapp,1
battalion,1
sunrising,1
cabins,1
cock-shut,1
nutshell,1
noisemaker,1
incharitable,1
cheering,1
blasphemous,1
bawling,1
main-course,1
fraughting,1
dallied,1
heard'st,1
concluding,1
unbow,1
deafness,1
devonshire,1
courtney,1
guildfords,1
substitution,1
lorded,1
o'er-prized,1
closeness,1
mistrusting,1
attend'st,1
urswick,1
harford-west,1
over-topping,1
ap,1
wish't,1
all-seer,1
roarers,1
flaky,1
crack-hemp,1
cony-catched,1
high-rear,1
hasty-witted,1
dewy,1
quick-witted,1
foreward,1
sheweth,1
slit,1
hailed,1
'jockey,1
mortal-staring,1
dickon,1
vagabonds,1
bergamo,1
o'er-cloyed,1
sailmaker,1
'cerns,1
copatain,1
vomits,1
simile,1
fairest-boding,1
sluggard,1
halves,1
peise,1
stab'dst,1
topsail,1
aground,1
oweth,1
punched,1
ill-seeming,1
under-foot,1
new-built,1
swinge,1
guiltily,1
untroubled,1
perturbations,1
katarina,1
village-cock,1
apostle,1
eaves-dropper,1
earth-treading,1
horse-tail,1
stumblest,1
groweth,1
untangled,1
puffs,1
dew-dropping,1
clef,1
pithy,1
briefer,1
joint-stools,1
court-cupboard,1
marchpane,1
trooping,1
aeacides,1
grindstone,1
pedascule,1
'priami,1
unplagued,1
'sigeia,1
'simois,1
celsa,1
elflocks,1
bakes,1
ceremonial,1
plats,1
lampass,1
grey-coated,1
mose,1
hazel-nut,1
glanders,1
coachmakers,1
tithe-pig,1
stirrups,1
mothy,1
hipped,1
benefice,1
chapeless,1
town-armory,1
candle-cases,1
ambuscadoes,1
'point,1
five-fathom,1
snowy,1
regia,1
spavins,1
white-upturned,1
quivering,1
mistres,1
medlars,1
caetera,1
needlework,1
poperin,1
field-bed,1
twinkle,1
valance,1
well-govern,1
boss,1
turkey,1
bestrides,1
canopies,1
counterpoints,1
lazy-pacing,1
baptized,1
bescreen,1
sixscore,1
moveth,1
'only,1
stirreth,1
cock-a-hoop,1
princox,1
chinks,1
tiberio,1
petrucio,1
'juliet,1
betwitched,1
new-beloved,1
tempering,1
climbs,1
breeching,1
'supposed,1
'dove,1
beggar-maid,1
heareth,1
out-vied,1
galliases,1
wingdalls,1
fives,1
brushed,1
ladybird,1
valentio,1
saddles,1
carpets,1
jills,1
unattainted,1
wedding-garment,1
strewed,1
all-seeing,1
trimmed,1
all-amazed,1
'jack,1
three-inch,1
lammas-tide,1
tames,1
junkets,1
kated,1
domineer,1
jogging,1
imprimis,1
nieces,1
placentio,1
vitravio,1
combed,1
well-apparell,1
shoemaker,1
sleekly,1
fisher,1
sugarsop,1
learned.,1
joseph,1
plaintain-leaf,1
mad-man,1
unexperienced,1
tormented,1
gi,1
'signior,1
martino,1
bemoiled,1
anselme,1
muscadel,1
gogs-wouns,1
traces,1
stick'st,1
girth,1
repaired,1
head-stall,1
enpierced,1
deformities,1
half-chequed,1
candle-holder,1
sir-reverence,1
dreamers,1
waddled,1
near-legged,1
shoulder-shotten,1
agate-stone,1
fore-finger,1
wagon-spokes,1
swayed,1
begnawn,1
grasshoppers,1
without-book,1
torch-bearers,1
velure,1
pantry,1
curster,1
narrow-prying,1
greybeard,1
over-reach,1
'dost,1
fellow-school-master,1
unparted,1
concerneth,1
bump,1
eye-sore,1
mean-apparell,1
pricked,1
'fall'st,1
gartered,1
boot-hose,1
endart,1
studs,1
heavy-gaited,1
barkloughly,1
high-proof,1
specialty,1
amidst,1
self-bounty,1
leave't,1
insisture,1
keep't,1
oak-,1
recoiling,1
foragers,1
mastic,1
inference,1
importless,1
jesses,1
heartstrings,1
chamberers,1
prerogatived,1
stretch'd-out,1
breeze,1
unshunnable,1
franker,1
fixure,1
imprese,1
primogenitive,1
imbecility,1
weigh'st,1
oppugnancy,1
delations,1
untune,1
whereinto,1
laurels,1
leets,1
law-days,1
communities,1
imperfectly,1
filches,1
enriches,1
dividable,1
fineless,1
brotherhoods,1
suspicions,1
exsufflicate,1
reserves,1
acknown,1
ray,1
largeness,1
denoted,1
thicken,1
errant,1
tortive,1
aspics,1
pontic,1
conflux,1
propontic,1
proposition,1
co-rivall,1
maxim,1
crusadoes,1
unarms,1
fruitfulness,1
minced,1
castigation,1
drayman,1
charmer,1
'cursed,1
unbodied,1
supervisor,1
suffocating,1
poppy,1
untimber,1
strong-ribb,1
owedst,1
boreas,1
pioners,1
winnows,1
tranquil,1
spirit-stirring,1
ear-piercing,1
unread,1
ocular,1
persistive,1
protractive,1
accumulate,1
abash,1
begrimed,1
superior,1
forehand,1
scurril,1
indexes,1
night-brawler,1
self-charity,1
directive,1
miscarrying,1
bega,1
subsequent,1
partially,1
outran,1
scantling,1
unblessed,1
publication,1
perspicuous,1
offenceless,1
relates,1
squabble,1
pleasance,1
unperfectness,1
moraler,1
nd,1
blockish,1
myrmidon,1
brainless,1
auld,1
affairs.,1
equinox,1
horologe,1
loathsomest,1
toadstool,1
handsomeness,1
ingraft,1
vinewedst,1
twiggen,1
beef-witted,1
diablo,1
bitch-wolf,1
botchy,1
devesting,1
unwitted,1
unlace,1
befallen,1
overbulk,1
'indeed,1
mammering,1
gorget,1
polite,1
guilty-like,1
reconciliation,1
palsy-fumbling,1
unsquared,1
a-mending,1
o'er-wrested,1
to-be-pitied,1
maturity,1
dispraisingly,1
scaffoldage,1
hamstring,1
nourishing,1
difficult,1
discern'st,1
topless,1
likedst,1
fortification,1
affinity,1
wind-instrument,1
preventions,1
seeded,1
vantbrace,1
denotement,1
long-continued,1
probal,1
symbols,1
dirges,1
transcends,1
repining,1
distains,1
debonair,1
enmesh,1
swing,1
closet-war,1
wind-instruments,1
mappery,1
bed-work,1
lose't,1
dolts,1
bloodied,1
deathbed,1
'las,1
whoring,1
happ,1
cunning'st,1
execrable,1
blood-stain,1
relume,1
unreconciled,1
stifles,1
whipster,1
death.,1
misbelieving,1
chrysolite,1
dolt,1
lives.,1
smell't,1
plotter,1
reprobation,1
gastness,1
breast-deep,1
relieves,1
lust-stain,1
expectations,1
solicitation,1
depute,1
immures,1
mauritania,1
horrorable,1
suppertime,1
'willow,1
orgulous,1
next.,1
undo't,1
joint-ring,1
devoid,1
beast-like,1
quat,1
he.,1
unblest,1
recognizance,1
ice-brook,1
deep-drawing,1
enticeth,1
melius,1
progne,1
marriage-pleasures,1
pasties,1
hell-hounds,1
o'erreach,1
thrice-valiant,1
death-like,1
waggon-wheel,1
ill-starr,1
martyrs,1
waggoner,1
surance,1
obscurity,1
lurking-place,1
wouldest,1
danceth,1
habiliment,1
eo,1
antiquius,1
bonum,1
restoratives,1
steep-down,1
gulfs,1
architect,1
ensnared,1
heathenish,1
citing,1
turban,1
circumcised,1
vaunter,1
loading,1
auditory,1
throb,1
sad-faced,1
assuming,1
ember-eves,1
holy-ales,1
balcony,1
tenedos,1
suppliest,1
'troilus,1
baking,1
indues,1
black-a-moor,1
friday,1
arraigning,1
handlest,1
indicted,1
state-matters,1
indrench,1
guesses,1
confess.,1
'hereafter,1
circumstanced,1
unauthorized,1
venial,1
fonder,1
bestow't,1
protectress,1
tamer,1
stubborn-chaste,1
afield,1
'may,1
demonstrable,1
compasses,1
conserved,1
veritable,1
'pluck't,1
startingly,1
'jupiter,1
mill-stones,1
lifter,1
briareus,1
fetch't,1
crowded,1
futurity,1
se,1
thrice-gentle,1
foresaw,1
advocation,1
unhatch,1
convinced,1
vaunt,1
daffest,1
rose-lipp,1
cyprus.,1
new-create,1
chetas,1
helias,1
procreants,1
unmoving,1
garner,1
tymbria,1
cherubin,1
epilepsy,1
smell'st,1
six-gated,1
small'st,1
bewhored,1
pavilions,1
seamy,1
divorcement,1
dealest,1
troien,1
well-painted,1
deputing,1
unprovide,1
unproper,1
arch-mock,1
o'erwhelmed,1
unsuiting,1
encave,1
fleers,1
unbookish,1
sperr,1
fulfilling,1
corresponsive,1
scored,1
sea-bank,1
venetians,1
staples,1
lolls,1
antenorides,1
a-killing,1
almain,1
grumblest,1
swag-bellied,1
overshines,1
wheeling,1
repured,1
lily-beds,1
tinder,1
transportance,1
oppresses,1
charon,1
stygian,1
prated,1
antiquary,1
gallantry,1
affectionately,1
seethes,1
complimental,1
magnifico,1
signiory,1
hulks,1
out-tongue,1
swooning,1
gondolier,1
odd-even,1
subtle-potent,1
counter-caster,1
moorship,1
monstruosity,1
cherubims,1
dreg,1
knee-crooking,1
abruption,1
billing,1
tercel,1
extern,1
fee-farm,1
thicklips,1
vassalage,1
new-ta'en,1
distempering,1
frayed,1
gennets,1
promulgate,1
circumscription,1
discharging,1
overhold,1
facile,1
death-tokens,1
plaguy,1
self-breath,1
untent,1
self-admission,1
engendering,1
steering,1
pettish,1
haste-post-haste,1
injointed,1
underwrite,1
self-assumption,1
restem,1
luccicos,1
post-post-haste,1
ottoman,1
flood-gate,1
importancy,1
statesmen,1
bond-slaves,1
bastes,1
milo,1
bull-bearing,1
carack,1
guardage,1
sooty,1
erudition,1
self-affected,1
pelter,1
minerals,1
knead,1
entertaining,1
cancer,1
disputed,1
enlard,1
assubjugate,1
abuser,1
seam,1
be-lee,1
unsecret,1
under-honest,1
missions,1
restrains,1
prohibit,1
slides,1
polyxena,1
swimmer,1
unveil,1
uncomprehensive,1
employer,1
bookful,1
ingratitudes,1
carpet-mangers,1
o'er-dusted,1
'baby,1
'scorn,1
'horn,1
calumniating,1
'school,1
trampled,1
dew-drop,1
omission,1
over-kindness,1
beliest,1
'right,1
captain-general,1
'just,1
'certain,1
transshape,1
properest,1
gossip-like,1
discontinue,1
six-or-seven-times-honoured,1
lackbeard,1
secondarily,1
unarmed,1
language-less,1
land-fish,1
cudgelling,1
reasoned,1
plaintiffs,1
forthright,1
unkissed,1
toged,1
mediators,1
pipers,1
troiluses,1
goers-between,1
off-capp,1
stepdame,1
characterless,1
evades,1
nonsuits,1
'certes,1
wallet,1
arithmetician,1
waterdrops,1
plantage,1
affronted,1
squadron,1
spinster,1
outliving,1
ramp,1
punishments,1
tipped,1
cressids,1
brokers-between,1
praiseworthy,1
dapples,1
fronting,1
reverberates,1
mealy,1
disdainfully,1
unplausive,1
negotiations,1
luckier,1
gentle-women,1
enigmatical,1
february,1
cloudiness,1
sequestering,1
certainer,1
wit-crackers,1
epigram,1
engluts,1
untasted,1
potting,1
cod,1
infectiously,1
wild-cats,1
attributive,1
prizer,1
birdlime,1
hare-hearts,1
disorb,1
praisest,1
salmon,1
calms,1
beholds,1
marvels,1
spans,1
fathomless,1
ounces,1
ensnare,1
gyve,1
tenths,1
pilots,1
bellied,1
parlors,1
enwheel,1
paragons,1
retract,1
propugnation,1
essential,1
propension,1
ingener,1
raptures,1
justness,1
mid-age,1
raving,1
gutter,1
'inestimable,1
ensteep,1
anticipates,1
launch,1
extincted,1
wranglers,1
clyster-pipes,1
olympus-high,1
worths,1
potations,1
scurvy-valiant,1
assinego,1
inwards,1
night-cap,1
egregiously,1
sodden-witted,1
tin,1
outsport,1
pottle-deep,1
dismes,1
fluster,1
pun,1
isle.,1
cobloaf,1
shouldest,1
barkest,1
proserpine,1
railest,1
displanting,1
modicums,1
qualification,1
favourably,1
pegs,1
searches,1
'deliver,1
loveliness,1
clotpoles,1
draught-oxen,1
disrelish,1
mouldy,1
conscionable,1
voluntarily,1
requisites,1
fig's-end,1
paddle,1
mutualities,1
nineth,1
bobbed,1
evasions,1
besotted,1
unfamed,1
outfly,1
dullness,1
prover,1
depended,1
slipped,1
thrice-driven,1
agnise,1
accommodation,1
levels,1
light-wing,1
disports,1
serpentine,1
short-armed,1
skillet,1
indign,1
adversities,1
incontinently,1
silliness,1
caduceus,1
villainous,1
preferring,1
suffices,1
intentively,1
pliant,1
tented,1
unvarnish,1
mixtures,1
disunite,1
overt,1
affordeth,1
sieges,1
fraction,1
disastrous,1
hair-breadth,1
antres,1
quarries,1
anthropophagi,1
house-affairs,1
inveigled,1
lion-sick,1
appertainments,1
guinea-hen,1
thunder-darter,1
arrivance,1
ever-fixed,1
highwrought,1
persist,1
mortise,1
refractory,1
well-order,1
segregation,1
wind-shaked,1
benumbed,1
molestation,1
lettuce,1
enshelter,1
embay,1
designment,1
allege,1
veronesa,1
glozed,1
aerial,1
spaces,1
extenuates,1
quay,1
snipe,1
ne'ertheless,1
hyssop,1
manured,1
unbitted,1
enginer,1
'sfoot,1
roisting,1
cables,1
toughness,1
moors,1
locusts,1
canonize,1
coloquintida,1
sated,1
dependance,1
supersubtle,1
re-tell,1
propend,1
hay-stacks,1
copp,1
him.,1
courier,1
breathest,1
crouching,1
pathway,1
traversed,1
intitle,1
hav,1
imported,1
boundeth,1
unremoveably,1
daring-hardy,1
untrodden,1
fragile,1
sprightfully,1
triumphers,1
reverend'st,1
whittle,1
appeals,1
recanter,1
self-mould,1
decimation,1
tithed,1
bluster,1
firmness,1
appeall,1
wrath-kindled,1
make-peace,1
caitiffs,1
withstood,1
leopards,1
ten-times-barr'd-up,1
beggar-fear,1
insculpture,1
out-dared,1
lambert,1
regular,1
uncharged,1
alarms,1
rampired,1
springing,1
cauterizing,1
regenerate,1
scorn'dst,1
redeem'st,1
plaining,1
administer,1
clogging,1
lagging,1
straggling,1
hatest,1
betraying,1
oppressing,1
oil-dried,1
comfort'st,1
time-bewasted,1
party-verdict,1
perpetual-sober,1
exceptless,1
return'st,1
disclaim'st,1
grant'st,1
viler,1
personating,1
portcullis,1
engaol,1
unstringed,1
amazing,1
made-up,1
uncontroll,1
spears,1
honest-natured,1
fostered,1
draw'st,1
eagle-winged,1
settlest,1
sky-aspiring,1
plough'st,1
rival-hating,1
rigg'st,1
resounding,1
black-corner,1
opulency,1
softness,1
abhorr'dst,1
unstooping,1
uncheque,1
'suum,1
reclined,1
honouring,1
gallant'st,1
overshine,1
deafen,1
abuts,1
seizeth,1
cuique,1
ensigns,1
jewel-like,1
staleness,1
caterpillar,1
favors,1
equivalent,1
interrupter,1
glows,1
country-woman,1
wand-like,1
hymenaeus,1
strived,1
sumptuously,1
rubied,1
love-day,1
snowball,1
malleable,1
thornier,1
ploughed,1
women-kind,1
pained'st,1
doorkeeper,1
coistrel,1
inquiring,1
truth-betrothed,1
receptacles,1
remunerate,1
professest,1
dreary,1
dumbs,1
composes,1
silver-voiced,1
starves,1
droplets,1
pius,1
time-honour,1
anchorage,1
jading,1
high-stomach,1
uprightness,1
inhabitable,1
accit,1
chivalrous,1
continence,1
feebleness,1
complotted,1
soon-believing,1
favorers,1
caverns,1
soars,1
patrons,1
leech,1
partialize,1
untold,1
fair-betrothed,1
night-oblations,1
re-lives,1
candidatus,1
falseness,1
late-deceased,1
palliament,1
beget'st,1
solon,1
disappears,1
argentine,1
inhospitable,1
triumpher,1
eftsoons,1
pageantry,1
priestess,1
maid-child,1
appearer,1
unappeased,1
fratrum,1
apprenticehood,1
journeyman,1
door-keeper,1
glazed,1
waterton,1
regardfully,1
voiced,1
quoint,1
canons,1
broking,1
misanthropos,1
life-harming,1
perspectives,1
rother,1
thrice-gracious,1
route,1
beaumond,1
embalms,1
spital-house,1
wappen,1
religions,1
untruth,1
norbery,1
ramston,1
tubs,1
rainold,1
rug-headed,1
n,1
trenchant,1
high-viced,1
ot,1
attorneys-general,1
well-disposed,1
disburden,1
penurious,1
calamities,1
tub-fast,1
rose-cheeked,1
taxes,1
benevolences,1
burthenous,1
baths,1
blanc,1
carts,1
dividant,1
window-bars,1
destroyers,1
minute-jacks,1
abet,1
trencher-friends,1
neuter,1
reposeth,1
bay-trees,1
lean-look,1
crossly,1
parasites,1
procreation,1
unhappied,1
misinterpret,1
sprinkles,1
mouth-friends,1
suitable,1
godheads,1
summer-birds,1
dispark,1
girdlest,1
bankrupts,1
trusters,1
large-handed,1
disorderly,1
proportionable,1
unpossible,1
seashore,1
delectable,1
cotswold,1
all-shunn,1
familiars,1
blains,1
fevers,1
sweetened,1
whencesoever,1
seymour,1
surmounts,1
'grace,1
night-rest,1
unthrifts,1
milk-paps,1
stringless,1
havens,1
encertain,1
meddlers,1
glose,1
knewest,1
undeaf,1
confectionary,1
passive,1
contentless,1
metres,1
enforcedly,1
o'er-night,1
castigate,1
limps,1
sour-cold,1
buzzed,1
lack'st,1
flatter'st,1
expiring,1
conflicting,1
livedst,1
draymen,1
unicorn,1
oyster-wench,1
tread'st,1
composture,1
attraction,1
antidotes,1
seethe,1
lanceth,1
trueborn,1
covetously,1
north-east,1
falling-from,1
craftsmen,1
underbearing,1
solder'st,1
defiler,1
king-killer,1
mangy,1
jurors,1
eden,1
demi-paradise,1
sickliness,1
turncoats,1
tapp,1
conceptious,1
ensear,1
well-meaning,1
beagles,1
curl'd-pate,1
flamen,1
consumptions,1
shudders,1
moat,1
respect'st,1
oathable,1
spilling,1
tormentors,1
sullens,1
mountant,1
yells,1
exhaust,1
marbled,1
plough-torn,1
liquorish,1
chasing,1
leased,1
tenement,1
point'st,1
outlived,1
approachers,1
carper,1
abstains,1
a-dying,1
flatterest,1
sicker,1
commit'st,1
slave-like,1
greases,1
bondslave,1
unctuous,1
lean-witted,1
morsels,1
bonjour,1
thoughten,1
misinterpreting,1
provexit,1
nec,1
jaculis,1
'piu,1
mauri,1
eget,1
dulzura,1
fuerza,1
pompae,1
apex,1
title-page,1
'quod,1
alit,1
extinguit,1
'sic,1
spectanda,1
fides,1
hac,1
spe,1
mihi,1
vita,1
arcu,1
tua,1
enceladus,1
younglings,1
blowse,1
'keep,1
twixt,1
seams,1
condolements,1
vails,1
ow,1
morr,1
reception,1
gat,1
renowns,1
explain,1
blackamoor,1
'lux,1
wrapped,1
vivo,1
framing,1
shallow-hearted,1
magni,1
scelera,1
blither,1
drouth,1
eche,1
audis,1
poli,1
dern,1
coigns,1
'stuprum,1
purus,1
slunk,1
dooms,1
y-ravished,1
varies,1
disgorges,1
well-a-near,1
sea-tost,1
deafening,1
vides,1
sware,1
bear-whelps,1
fore,1
glads,1
scelerisque,1
doin,1
standing-bowl,1
'integer,1
shrivell,1
stunk,1
rape.,1
bundle,1
enjoineth,1
strictly,1
playeth,1
myself.,1
fosters,1
y-slaked,1
o'er-fed,1
crouches,1
fisherman,1
craver,1
stormest,1
unlicensed,1
mistership,1
o'erspread,1
high-witted,1
minister'st,1
reprovest,1
proud'st,1
ecstasies,1
libelling,1
scrolls,1
benign,1
relating,1
wreaks,1
wondered,1
jetted,1
nousle,1
willful,1
prosperities,1
favourers,1
after-nourishment,1
mis-dread,1
slaughterman,1
us.,1
crevice,1
codding,1
befit,1
claspings,1
adorest,1
defiling,1
popish,1
'vengeance,1
sprawl,1
successantly,1
effectually,1
honey-stalks,1
over-heard,1
partakes,1
well-experienced,1
high-resolved,1
'prince,1
mightful,1
mite,1
flap-jacks,1
tattle,1
unsearch,1
whales,1
man-of-war,1
reliquit,1
terras,1
belfry,1
whey,1
finny,1
recollect,1
speken,1
tennis-court,1
substituted,1
muli,1
quoth-a,1
fasting-days,1
self-blood,1
white-limed,1
moreo'er,1
mouthful,1
tumbles,1
big-boned,1
jovem,1
egal,1
killen,1
tost,1
plebs,1
perishen,1
gibbet-maker,1
escapen,1
aries,1
pilch,1
virgo,1
martem,1
patch-breech,1
stirrest,1
wanion,1
porpus,1
apollinem,1
bounced,1
tragedies,1
quotes,1
herb-woman,1
cowers,1
poniard,1
mistletoe,1
'ticed,1
disproved,1
bowed,1
listened,1
hearkened,1
watered,1
cimmerian,1
uncurls,1
veroles,1
bargained,1
swarth,1
sojourner,1
horning,1
lewdly-inclined,1
new-transformed,1
venereal,1
wil,1
hatched,1
chequins,1
roast-meat,1
chilling,1
ladder-tackle,1
canvas-climber,1
'ha,1
blood-stained,1
unhallowed,1
new-shed,1
imply,1
rude-growing,1
deflow,1
begg'st,1
roguing,1
valdes,1
nice-preserved,1
wenchless,1
transylvanian,1
pooped,1
unroll,1
deadly-standing,1
haling,1
vestals,1
departs,1
over-ween,1
biggest,1
o'ershower,1
embarks,1
birth-child,1
prometheus,1
preached,1
rutting,1
counsel-keeping,1
priapus,1
highest-peering,1
virginities,1
zodiac,1
to-bless,1
resorters,1
name't,1
climbeth,1
motes,1
dancing-rapier,1
foul-spoken,1
thunder'st,1
blurted,1
well-tuned,1
rolled,1
gleeful,1
abjectly,1
vehor,1
styga,1
cockles,1
nefas,1
gaps,1
well-sailing,1
aut,1
fas,1
languishment,1
shive,1
loaf,1
glideth,1
clasping,1
o'er-runs,1
metamorphoses,1
all-to,1
priestly,1
warded,1
battle-axe,1
caulked,1
bewet,1
shipwrecked,1
deuce,1
principals,1
immortality,1
honey-dew,1
infusions,1
vegetives,1
brine-pit,1
disturbances,1
belches,1
caulk,1
entreasured,1
downwards,1
sent'st,1
aetna,1
nicander,1
sorrow-wreathen,1
tosseth,1
blustrous,1
rudeliest,1
fresh-new,1
somewhither,1
reprehending,1
sea-farer,1
bolins,1
sea-room,1
alphabet,1
complainer,1
franticly,1
sea-salt,1
unfriendly,1
e'er-remaining,1
shells,1
tenfold,1
mundane,1
waxing,1
true-divining,1
darks,1
sleided,1
bubbling,1
scrowl,1
never-heard-of,1
hurting,1
overshades,1
night-bird,1
contends,1
cocytus,1
unrecuring,1
sea-shore,1
blues,1
marigolds,1
summer-days,1
whirring,1
sorrowing,1
embrewed,1
westerly,1
weaved,1
marriage-rite,1
fast-growing,1
craftier,1
disdaineth,1
bright-burning,1
o'erpress,1
stirr'st,1
entranced,1
faggot,1
fringes,1
devourers,1
litigious,1
wanderingly,1
offendeth,1
unscissor,1
gentlest,1
drought,1
urns,1
languor,1
aspen-leaves,1
raven-colour,1
epitome,1
vulgarly,1
dispatch.,1
van,1
unloading,1
safed,1
outstrike,1
droven,1
bench-holes,1
scotches,1
runner,1
ten-fold,1
gests,1
doughty-handed,1
congealment,1
nourishes,1
carbuncled,1
shiny,1
embattle,1
disponge,1
master-leaver,1
vales,1
triple-turn,1
discandy,1
three-nook,1
rebukeable,1
immoment,1
fumblest,1
luxuriously,1
plighter,1
basan,1
outroar,1
civilly,1
hipparchus,1
enfranched,1
terrene,1
cold-hearted,1
discandying,1
pelleted,1
graveless,1
sea-like,1
treble-sinew,1
estridge,1
restores,1
onion-eyed,1
dolorous,1
landmen,1
unbuckles,1
daff't,1
overtopp,1
crownet,1
monster-like,1
doits,1
pauses,1
haters,1
persisted,1
unreconciliable,1
equalness,1
preparedly,1
disarms,1
varletry,1
censuring,1
water-flies,1
pyramides,1
crested,1
reaping,1
dolphin-like,1
plates,1
rebound,1
'make,1
scutcheons,1
treasurer,1
soulless,1
vouchsafing,1
briefest,1
chares,1
strong-wing,1
seven-fold,1
fell'st,1
telamon,1
xiv,1
dragonish,1
vesper,1
dislimns,1
annex,1
false-play,1
depart'st,1
entangles,1
demuring,1
prosecution,1
defeat'st,1
pleach,1
penetrative,1
unpurposed,1
thrice-nobler,1
sufficing,1
xv,1
full-fortuned,1
unregister,1
cneius,1
seel,1
photinus,1
market-maid,1
unshown,1
supplying,1
obstruct,1
bocchus,1
archelaus,1
cappadocia,1
philadelphos,1
paphlagonia,1
adallas,1
malchus,1
pont,1
mithridates,1
comagene,1
polemon,1
amyntas,1
mede,1
lycaonia,1
unbewail,1
abominations,1
forspoke,1
triumvirate,1
unrestored,1
phoenicia,1
faultiness,1
plied,1
bards,1
builded,1
down-feather,1
inclines,1
out-go,1
rewell,1
low-voiced,1
perceive't,1
harried,1
cilicia,1
excusable,1
scantly,1
destroys,1
branchless,1
reconciler,1
solder,1
rivality,1
stablishment,1
show-place,1
puzzle,1
president,1
viciousness,1
tarentum,1
treaties,1
dodge,1
morn-dew,1
myrtle-leaf,1
submits,1
all-disgraced,1
meered,1
principalities,1
high-battled,1
staged,1
earns,1
shrowd,1
all-obeying,1
mused,1
fullest,1
'ho,1
muss,1
cringe,1
unpress,1
forborne,1
boggler,1
tow,1
'stroy,1
unnoble,1
a-ducking,1
brundusium,1
ionian,1
pharsalia,1
ingross,1
war-mark,1
footmen,1
unexecuted,1
full-mann,1
phoenicians,1
justeius,1
unqualitied,1
caelius,1
antoniad,1
ribaudred,1
breese,1
hoists,1
loof,1
sea-wing,1
mallard,1
peloponnesus,1
lordliness,1
mediation,1
miscarries,1
cherry-stone,1
'respice,1
finem,1
'beware,1
incivility,1
perdie,1
revile,1
kitchen-maid,1
kitchen-vestal,1
goodwill,1
rope-maker,1
monstrously,1
hinderd,1
distemperatures,1
life-preserving,1
assaying,1
abbey-gate,1
a-row,1
pails,1
preaches,1
scissors,1
nicks,1
heats,1
supping,1
misthought,1
spoon-meat,1
chargeful,1
debted,1
disburse,1
apparently,1
balsamum,1
dowsabel,1
ill-faced,1
bodied,1
stigmatical,1
back-friend,1
shoulder-clapper,1
countermands,1
creeks,1
dryfoot,1
well-acquainted,1
lapland,1
new-apparelled,1
bass-viol,1
'rests,1
morris-pike,1
hoy,1
chargeth,1
heady-rash,1
fortune-teller,1
hollow-eyed,1
tauntingly,1
kingly-crowned,1
muniments,1
store-house,1
cranks,1
'though,1
flour,1
bale,1
scabs,1
hailstone,1
hews,1
feebling,1
cobbled,1
abundantly,1
an-hungry,1
complainings,1
generosity,1
'sdeath,1
unroof,1
themes,1
mutiners,1
viand,1
cupboarding,1
unactive,1
raft,1
sharp-looking,1
dead-looking,1
outfacing,1
dankish,1
abbey-walls,1
intricate,1
sap-consuming,1
deciphers,1
floated,1
antipholuses,1
fob,1
dromios,1
menaphon,1
thirty-three,1
calendars,1
festivity,1
particularise,1
rakes,1
soft-conscienced,1
store-houses,1
carat,1
persia,1
self-wrong,1
fool-begg,1
wind-obeying,1
weepings,1
plainings,1
sinking-ripe,1
latter-born,1
seafaring,1
epidaurus,1
encounterd,1
sorrowest,1
coasting,1
disannul,1
procrastinate,1
foolishness,1
undisposed,1
jugglers,1
dark-working,1
soul-killing,1
cheaters,1
controls,1
preeminence,1
unwed,1
increased,1
departed'st,1
marts,1
heeded,1
enclouded,1
lictors,1
strumpets,1
rhymers,1
comedians,1
extemporally,1
squeaking,1
chare,1
marble-constant,1
longings,1
syracusians,1
intrinsicate,1
unpolicied,1
applying,1
sought'st,1
tremblingly,1
fig-leaves,1
well-dealing,1
excludes,1
synods,1
unmoved,1
cuckold-mad,1
diviner,1
loureth,1
maud,1
cicel,1
gillian,1
ginn,1
mome,1
'knave,1
unviolated,1
love-springs,1
secret-false,1
eeds,1
earthy-gross,1
springeth,1
'sir-reverence,1
barrenness,1
america,1
embellished,1
sapphires,1
armadoes,1
caracks,1
ballast,1
netherlands,1
handwriting,1
carcanet,1
shrewish,1
falsing,1
alluring,1
blunts,1
self-harming,1
enamelled,1
felt'st,1
jeer,1
crannies,1
dealers,1
dealer,1
sweet-savor,1
dines,1
undividable,1
diminishing,1
harlot-brow,1
wedding-ring,1
deep-divorcing,1
strumpeted,1
undishonoured,1
abetting,1
fallacy,1
non-pareil,1
ne'er-yet-beaten,1
well-paid,1
fancy-monger,1
unquestionable,1
unbanded,1
unbuttoned,1
demonstrating,1
point-device,1
apter,1
whippers,1
moonish,1
monastic,1
capricious,1
ill-inhabited,1
'poetical,1
sluttishness,1
horn-beasts,1
ourage,1
what-ye-call't,1
wainscot,1
panel,1
horse-stealer,1
goblet,1
'was,1
love-shaked,1
deifying,1
magical,1
brambles,1
vehemence,1
hooping,1
south-sea,1
stammer,1
narrow-,1
gargantua,1
propositions,1
'holla,1
curvets,1
unseasonably,1
bringest,1
christened,1
goldsmiths,1
conned,1
vacation,1
fringe,1
taxed,1
half-pence,1
'rosalind,1
odes,1
hawthorns,1
confirmer,1
puisny,1
feedeth,1
injure,1
coming-on,1
saturdays,1
cock-pigeon,1
hyen,1
waywarder,1
key-hole,1
'wit,1
break-promise,1
unfaithful,1
examines,1
love-prate,1
portugal,1
swaggerer,1
freestone-colour,1
for-challengers,1
defies,1
giant-rude,1
phebes,1
purlieus,1
fenced,1
pacing,1
sestos,1
'hero,1
coroners,1
riper,1
frail'st,1
sale-work,1
entame,1
scoffer,1
olives,1
extermined,1
reaps,1
carlot,1
redness,1
omittance,1
love-cause,1
taunting,1
extracted,1
rumination,1
wraps,1
heart-whole,1
horn-maker,1
gravelled,1
cleanliest,1
videlicit,1
earthquakes,1
be-rhymed,1
palm-tree,1
stanzos,1
unregarded,1
providently,1
caters,1
liquors,1
unbashful,1
debility,1
prunest,1
wearying,1
abruptly,1
a-night,1
jane,1
batlet,1
chopt,1
milked,1
cods,1
'wear,1
fleeces,1
hospitality,1
sheepcote,1
buying,1
greenwood,1
envenoms,1
priser,1
hisperia,1
sermons,1
foiled,1
quintain,1
misconstrues,1
swans,1
outstay,1
provoketh,1
assailants,1
clownish,1
co-mates,1
dappled,1
roynish,1
haunches,1
bursting,1
worldlings,1
'sweep,1
invectively,1
pierceth,1
dwelling-place,1
sobbing,1
untreasured,1
stanzo,1
dog-apes,1
scrippage,1
disputable,1
thrice-crowned,1
huntress,1
unexpressive,1
ill-roasted,1
mockable,1
fells,1
tarred,1
worms-meat,1
labourer,1
she-lamb,1
crooked-pated,1
suppers,1
sleeping-hours,1
butter-women,1
stretching,1
violated,1
rosalinda,1
wide-enlarged,1
lucretia,1
pulpiter,1
homily,1
expediently,1
residue,1
limn,1
city-woman,1
'ducdame,1
bask,1
'call,1
poke,1
lack-lustre,1
deep-contemplative,1
squandering,1
headed,1
hugely,1
unclaim,1
effigies,1
despiser,1
exits,1
entrances,1
mewling,1
puking,1
satchel,1
eyebrow,1
shank,1
eventful,1
chewing,1
unlink,1
indented,1
malefactor,1
nereides,1
mermaids,1
adornings,1
steers,1
flower-soft,1
wharfs,1
panted,1
variety,1
satisfies,1
riggish,1
inhoop,1
receive't,1
billiards,1
tawny-finn,1
diver,1
salt-fish,1
fervency,1
mantles,1
philippan,1
bluest,1
ill-uttering,1
divers-colour,1
outwork,1
o'er-picturing,1
uncurbable,1
shave't,1
stomaching,1
embers,1
leaner,1
curstness,1
derogately,1
contestation,1
fronted,1
snaffle,1
shrewdness,1
tissue,1
rioting,1
gibe,1
missive,1
unslipping,1
'agrippa,1
wild-boars,1
pursed,1
reporter,1
cloth-of-gold,1
tart,1
wire,1
ne'er-lust-wearied,1
'yes,1
transmigrates,1
epicure,1
quick-sands,1
inclips,1
world-sharers,1
thee't,1
forbear't,1
plumpy,1
fats,1
enobarb,1
antick,1
darting,1
revenger,1
orodes,1
parthians,1
mesopotamia,1
shelters,1
routed,1
sossius,1
accumulation,1
darkens,1
pyramises,1
seedsman,1
pyramid,1
undinted,1
submerged,1
narcissus,1
factors,1
revengers,1
ghosted,1
all-honour,1
rig,1
sardinia,1
targes,1
timelier,1
raises,1
apollodorus,1
mattress,1
treaty.,1
weep't,1
strangler,1
variance,1
ill-rooted,1
high-coloured,1
alms-drink,1
enmities,1
surfeiter,1
udders,1
worky-day,1
stalking-horse,1
wedlock-hymn,1
questioning,1
peoples,1
resorted,1
revelry,1
bridegrooms,1
convertites,1
well-deserved,1
victuall,1
epilogues,1
philo,1
scuffles,1
reneges,1
grates,1
scarce-bearded,1
blushest,1
homager,1
weet,1
beloving,1
o'erflowing,1
peacemaker,1
counter-cheque,1
copulatives,1
giddiness,1
catlike,1
hurtling,1
recountments,1
recovers,1
homewards,1
'thank,1
boorish,1
perishest,1
o'errun,1
heart-heaviness,1
motley-minded,1
insomuch,1
straits,1
inconvenient,1
ungentleness,1
spitting,1
gipsies,1
corn-field,1
forest-born,1
ark,1
soothsay,1
fifty-fold,1
cloyless,1
heartbreaking,1
inroads,1
borders,1
maritime,1
modena,1
hirtius,1
pansa,1
fought'st,1
browsed'st,1
unseminar,1
wot'st,1
demi-atlas,1
broad-fronted,1
'say,1
soberly,1
arm-gaunt,1
well-divided,1
met'st,1
justest,1
auguring,1
fuming,1
sharpen,1
keels,1
lackeying,1
biddings,1
shoved,1
loose-wived,1
uncuckolded,1
joining,1
teller,1
labienus,1
euphrates,1
ionia,1
earing,1
lowering,1
compelling,1
dryness,1
almanacs,1
mouth-made,1
meetly,1
herculean,1
becomings,1
man-like,1
indulgent,1
tippling,1
soils,1
be-mock,1
pretences,1
ladyships,1
giants,1
sharded,1
full-wing,1
unpaid-for,1
uncross,1
corresponding,1
freezing,1
fore-end,1
conceiving.,1
reft'st,1
self-explication,1
staider,1
tender'st,1
winterly,1
drug-damn,1
out-craftied,1
'thy,1
outvenoms,1
where't,1
prohibition,1
cravens,1
afore't,1
turbans,1
accessible,1
dieter,1
costlier,1
unscalable,1
'saw,1
'overcame,1
baubles,1
egg-shells,1
lud,1
franchise,1
poisonous-tongued,1
'do't,1
virgin-like,1
astronomer,1
med'cinable,1
forfeiters,1
'justice,1
dominion,1
-but,1
fainter,1
smothering,1
hence-going,1
nimbler,1
riding-suit,1
scriptures,1
corrupters,1
disedged,1
tirest,1
resty,1
browse,1
divineness,1
provider,1
churls,1
ballasting,1
free't,1
nothing-gift,1
out-peer,1
fall'n-off,1
creates,1
preconsul,1
supplyant,1
mapped,1
oppositions,1
imperceiverant,1
testiness,1
meeting-place,1
disprovest,1
heart-sick,1
how'er,1
sorer,1
mountain-top,1
rejoicingly,1
fore-thinking,1
perturb,1
unbent,1
self-danger,1
niceness,1
handmaids,1
quick-answer,1
quarrelous,1
common-kissing,1
trims,1
supplyment,1
insultment,1
stomach-qualm,1
unkinglike,1
over-land,1
ripely,1
loudest,1
outsells,1
'worthy,1
lint,1
remember't,1
paled,1
ribbed,1
prides,1
derogation,1
oft-times,1
furnaces,1
openness,1
feeler,1
slaver,1
by-peeping,1
unlustrous,1
mutest,1
tomboys,1
self-exhibition,1
ramps,1
solicit'st,1
romish,1
adventured,1
chaffless,1
stowage,1
lengthening,1
outstood,1
up-cast,1
jackanapes,1
jack-slave,1
raps,1
ravening,1
satiate,1
confections,1
excelled,1
unparagoned,1
outprized,1
ponds,1
estimations,1
o'ervalues,1
hugeness,1
unseduced,1
languishing,1
allayments,1
cloyed,1
stupefy,1
locking-up,1
depender,1
prethee,1
changest,1
liegers,1
thief-stol'n,1
definite,1
allured,1
inferiors,1
endurest,1
covetings,1
o'er-labour,1
not-fearing,1
courages,1
approvers,1
comers,1
speediness,1
sparkles,1
tapesty,1
workmanship,1
chimney-piece,1
bathing,1
cutter,1
outwent,1
andirons,1
outsell,1
limb-meal,1
half-workers,1
coiner,1
pudency,1
unsunn,1
full-acorn,1
ambitions,1
statist,1
arrearages,1
o'erpays,1
calves'-guts,1
unparagon,1
under-peep,1
azure,1
cinque-spotted,1
voucher,1
good-conceited,1
chaliced,1
mary-buds,1
horse-hairs,1
unpaved,1
casually,1
vouchsafes,1
rangers,1
discourtesy,1
self-figured,1
styled,1
under-hangman,1
south-fog,1
dorothy,1
sprited,1
broths,1
commix,1
hatching,1
prince-like,1
excited,1
inlay,1
rejoiced,1
by-dependencies,1
counterchange,1
freeness,1
philarmonus,1
personates,1
scarce-cold,1
illume,1
harrows,1
combated,1
sledded,1
polacks,1
eruption,1
shipwrights,1
joint-labourer,1
unimproved,1
resolutes,1
compulsatory,1
romage,1
assumed,1
incivil,1
untwine,1
comelius,1
pictured,1
gallowses,1
preservers,1
larges,1
shameless-desperate,1
nurse-like,1
'live,1
eyest,1
unspoken,1
laming,1
straight-pight,1
kitchen-trolls,1
unspeaking,1
sots,1
'gan,1
averting,1
chamber-hanging,1
torturers,1
leonitus,1
'given,1
confection,1
palmy,1
sheeted,1
gibber,1
precurse,1
re-speaking,1
unweeded,1
satyr,1
niobe,1
unrighteous,1
flushing,1
truster,1
fellow-student,1
fear-surprised,1
frowningly,1
tenable,1
primy,1
permanent,1
suppliance,1
cautel,1
unmaster,1
chariest,1
blastments,1
pastors,1
rede,1
unproportioned,1
unprevailing,1
unfortified,1
incorrect,1
eastward,1
omen,1
demonstrated,1
climatures,1
countrymen.,1
uphoarded,1
shrill-sounding,1
crowing,1
saviour,1
singeth,1
befitted,1
condolement,1
jointress,1
dirge,1
supposal,1
colleagued,1
delated,1
instrumental,1
vailed,1
'seems,1
suspiration,1
tooth-ache,1
procuring,1
tavern-bills,1
wood-leaves,1
fanes,1
rotting,1
all-dreaded,1
exorciser,1
strewings,1
fitt'st,1
herblets,1
'ods,1
pittikins,1
cave-keeper,1
mercurial,1
brawns,1
irregulous,1
main-top,1
horrider,1
gailia,1
confiners,1
syenna,1
sunbeams,1
champ,1
it.,1
wench-like,1
winter-ground,1
rich-left,1
zephyrs,1
'those,1
law-breaker,1
blurr,1
mutation,1
raved,1
foresay,1
creek,1
weringly,1
blazon'st,1
skipp,1
sore-shaming,1
leaping-time,1
sluggish,1
crare,1
easiliest,1
diedst,1
brogues,1
harebell,1
out-sweeten,1
ruddock,1
pickaxes,1
daisied,1
payments,1
loyally,1
debtors,1
thunder-master,1
adulteries,1
shielded,1
earth-vexing,1
ript,1
jealosy,1
stiller,1
thunderer,1
sky-planted,1
rebelling,1
never-withering,1
opprest,1
low-laid,1
tablet,1
crystalline,1
ascension,1
cloys,1
behest,1
fangled,1
cooked,1
clement,1
stricter,1
wrists,1
carl,1
importantly,1
tamings,1
rowel,1
valuation,1
wrying,1
vanquisheth,1
disarmeth,1
revengingly,1
enfeebles,1
knighthoods,1
omnes,1
routs,1
reinforce,1
full-hearted,1
striplings-lads,1
backwards,1
accommodated,1
chaser,1
backdoor,1
resumed,1
outlustres,1
hand-in-hand,1
adorer,1
man-enter,1
timed,1
shunless,1
aidless,1
re-quicken,1
fatigate,1
muck,1
covets,1
suffrage,1
unaching,1
recommend,1
marketplace,1
many-headed,1
diversely,1
block-head,1
consulship,1
counterfeitly,1
bewitchment,1
desirers,1
woolvish,1
toge,1
heapt,1
brunt,1
brow-bound,1
attemptable,1
o'er-press,1
nicely-gawded,1
napless,1
pleaders,1
dispropertied,1
freedoms,1
camels,1
provand,1
stubble,1
consulships,1
carelessness,1
ascent,1
bonneted,1
after-meeting,1
well-found,1
inclinable,1
hereto,1
disbench,1
soothed,1
feebly,1
haver,1
dictator,1
o'er-peer,1
official,1
methink,1
'aged,1
suppliants,1
time-pleasers,1
paltering,1
mutable,1
rank-scented,1
measles,1
triton,1
minnows,1
navel,1
over-measure,1
unstable,1
slightness,1
mangles,1
bereaves,1
become't,1
control't,1
innovator,1
(,1
),1
'tribunes,1
'patricians,1
repined,1
suffer't,1
safe-guard,1
sued-for,1
friendliness,1
arriving,1
malignantly,1
plebeii,1
fore-advised,1
endures,1
unelected,1
rectorship,1
asker,1
gibingly,1
refusal,1
ungravely,1
preoccupied,1
youngly,1
marcians,1
ancus,1
numa,1
censorinus,1
censor,1
scaling,1
flamens,1
seld-shown,1
bulks,1
bragg,1
agued,1
widens,1
fool-hardiness,1
outdares,1
thunder-like,1
percussion,1
madst,1
drachm,1
misguide,1
interims,1
conveying,1
before-time,1
mantled,1
bedward,1
ransoming,1
disadvantage,1
balms,1
outweighs,1
centuries,1
guider,1
owns,1
ladders,1
pinn,1
tutus,1
'head,1
freelier,1
tender-bodied,1
comeliness,1
picture-like,1
sprang,1
man-child,1
voluptuously,1
wiping,1
harvest-man,1
house-keepers,1
fielded,1
school-master,1
catched,1
mammocked,1
stitchery,1
husewife,1
unreasonably,1
penelope,1
moths,1
solemness,1
budger,1
traducement,1
lockram,1
spire,1
perfecter,1
giber,1
bencher,1
entombed,1
pack-,1
empiricutic,1
preservative,1
horse-drench,1
fidiused,1
outdone,1
pow,1
wow,1
cicatrices,1
twenty-five,1
twenty-seven,1
ushers,1
nervy,1
deed-achieving,1
crab-trees,1
spectacled,1
chats,1
chamber-pot,1
mummers,1
rejourn,1
right-hand,1
'marcius,1
false-faced,1
wretch.,1
acclamations,1
undercrest,1
potch,1
fane,1
embarquements,1
enormity,1
infant-like,1
fosset-seller,1
napes,1
unmeriting,1
patrician,1
tinder-like,1
wealsmen,1
lycurguses,1
adversely,1
microcosm,1
conspectuities,1
'sicinius,1
'coriolanus,1
unbuild,1
seducing,1
mechanics,1
cluck,1
restrain'st,1
a-fire,1
counter-seal,1
corner-stone,1
differency,1
eight-year-old,1
sours,1
corslet,1
fellow-tribune,1
dislodged,1
tarquins,1
recomforted,1
sackbuts,1
psalteries,1
fifes,1
tabours,1
cymbals,1
unshout,1
pretext,1
unvulnerable,1
curdied,1
corrected,1
spectatorship,1
unfill,1
pout,1
'rise,1
amplified,1
lapsing,1
factionary,1
pushed,1
dotant,1
half-pint,1
crueller,1
unproperly,1
assuage,1
servanted,1
wind-shaken,1
godded,1
sourly,1
grandchild,1
curt'sy,1
'deny,1
unsaluted,1
heighten,1
unswayable,1
grief-shot,1
joint-servant,1
stepmothers,1
evil-eyed,1
loyal'st,1
heap'st,1
overbuys,1
neat-herd,1
goer-back,1
thoroughfare,1
backside,1
question'dst,1
after-eye,1
eye-strings,1
smallness,1
tabled,1
items,1
wonderfully,1
o'er-rate,1
experiences,1
vouching,1
affirmation,1
constant-qualified,1
slackly,1
swathing-clothes,1
dotards,1
'tear,1
projects,1
designments,1
marvell,1
subsisting,1
perfidiously,1
admitting,1
annals,1
dove-cote,1
flutter,1
folds-in,1
feated,1
aufidiuses,1
mournfully,1
unchilded,1
referr,1
endows,1
sur-addition,1
learnings,1
receiver,1
sample,1
unhearts,1
pleader,1
barbarians,1
birth-place,1
insisting,1
scratches,1
fold-in,1
defying,1
raying,1
defenders,1
trier,1
occupations,1
salter,1
heart-hardening,1
exposture,1
needer,1
rove,1
sided,1
foxship,1
unclog,1
juno-like,1
insurrections,1
centurions,1
edifices,1
unseparable,1
'fine,1
distributed,1
evade,1
congregations,1
calved,1
tag,1
depopulate,1
comes't,1
eject,1
kam,1
gangrened,1
tiger-footed,1
unscann,1
thwartings,1
'mildly,1
unsever,1
louts,1
bussing,1
correcting,1
calmness,1
unbarbed,1
quired,1
inherent,1
valiantness,1
interjoin,1
disturbing,1
never-needed,1
unmuffling,1
temporized,1
self-loving,1
inshell,1
rumourer,1
young'st,1
violentest,1
contrariety,1
associated,1
o'erborne,1
franchises,1
auger,1
apron-men,1
garlic-eaters,1
'beseech,1
crafted,1
hoot,1
proudlier,1
dragon-like,1
osprey,1
titleless,1
unburnt,1
pestering,1
destroyer,1
getter,1
scotched,1
unmusical,1
'voided,1
banishers,1
maims,1
weeded,1
ash,1
splinters,1
unbuckling,1
o'er-bear,1
notched,1
mulled,1
carbon,1
cannibally,1
broiled,1
sanctifies,1
sowl,1
polled,1
burrows,1
conies,1
apoplexy,1
rib-breaking,1
trowel,1
dulls,1
rhodope,1
rich-jewel,1
darius,1
artois,1
wallon,1
banqueted,1
'st,1
chamber-doors,1
partakers,1
precinct,1
relieving,1
platforms,1
over-veil,1
new-come,1
turtle-doves,1
applauded,1
unbidden,1
welcomest,1
tomyris,1
cyrus,1
writhled,1
abrupt,1
memphis,1
pyramis,1
paysans,1
statelier,1
ponton,1
santrailles,1
barter,1
fists,1
minute-while,1
skirmishes,1
o'ercame,1
vieweth,1
avenge,1
lifteth,1
puzzel,1
dogfish,1
pursueth,1
chaseth,1
high-minded,1
hungry-starved,1
whirled,1
potter,1
hives,1
oft-subdued,1
friars,1
certify,1
blood-thirsty,1
laughest,1
contai,1
strong-fixed,1
slaughterer,1
overpass,1
pamphlets,1
studiously,1
intend'st,1
verbatim,1
laid'st,1
sifted,1
preferreth,1
gloster,1
roam,1
gnaws,1
tawny-coats,1
'stones,1
banding,1
slaughtered,1
serveth,1
willeth,1
disanimates,1
slothful,1
admonishments,1
mortimers,1
weening,1
crestless,1
contrarieties,1
yoketh,1
razeth,1
subverts,1
temple-hall,1
significants,1
true-born,1
objected,1
conversing,1
yeomen,1
heroic,1
attached,1
decaying,1
nestor-like,1
burthening,1
pithless,1
strengthless,1
witting,1
first-begotten,1
percies,1
turrets,1
spy'st,1
inconvenience,1
bull-beeves,1
sparking,1
subtle-witted,1
judgement-day,1
over-awe,1
discomfiture,1
guienne,1
champagne,1
guysors,1
muttered,1
disputing,1
new-begot,1
disgraceful,1
intermissive,1
flieth,1
doubt'st,1
overrun,1
enrank,1
confusedly,1
agazed,1
walloon,1
craveth,1
pursuers,1
ill-spirited,1
embowel,1
shot-free,1
valiant-young,1
considerations,1
misquote,1
hair-brain,1
oath-breaking,1
cital,1
crossest,1
yielder,1
semblably,1
scoring,1
embowelled,1
ragamuffins,1
get'st,1
unlooked,1
ungrown,1
luckily,1
shirley,1
ill-weaved,1
ignominy,1
spieth,1
otherwhiles,1
killeth,1
intrench,1
'midst,1
martin,1
ceaseth,1
included,1
mahomet,1
constantine,1
immortalized,1
imperiously,1
willed,1
warrantize,1
prizest,1
humphry,1
proditor,1
contrivedst,1
indulgences,1
canvass,1
damascus,1
hurly-,1
burly,1
contumeliously,1
o'ercharging,1
dwelling-places,1
distrustful,1
shrives,1
sueth,1
gimmors,1
fighteth,1
froissart,1
olivers,1
rowlands,1
samsons,1
goliases,1
sendeth,1
raw-boned,1
hare-brain,1
appall,1
deborah,1
sibyls,1
unfallible,1
untrain,1
deigned,1
unpremeditated,1
vanquishest,1
keen-edged,1
overcomes,1
fightest,1
rulers,1
pauvres,1
coelestibus,1
coveting,1
fruition,1
preface,1
full-replete,1
forsaketh,1
market-men,1
attorneyship,1
bindeth,1
perplexed,1
procurator,1
sicil,1
calaber,1
alder-liefest,1
over-joy,1
y-clad,1
thirtieth,1
duchies,1
cancelling,1
blotting,1
razing,1
defacing,1
peroration,1
hulk,1
unvanquish,1
practisants,1
chokes,1
banning,1
enchantress,1
allotted,1
cygnets,1
quid,1
servility,1
fickleness,1
easy-held,1
minotaurs,1
surmount,1
extinguish,1
bachelorship,1
misconceived,1
rigorously,1
effused,1
faggots,1
barrels,1
warranteth,1
homicides,1
preciseness,1
deluded,1
dims,1
dowries,1
fifteenth,1
bickerings,1
regentship,1
extortions,1
hamper,1
quadrangle,1
garret,1
prevaileth,1
exorcisms,1
wizards,1
ban-dogs,1
conjuro,1
adsum,1
asmath,1
threatest,1
'aio,1
aeacida,1
romanos,1
vincere,1
posse,1
awaits,1
smooth'st,1
tantaene,1
vaunted,1
tilt-yard,1
apostles,1
cathedral,1
'humphrey,1
hoise,1
althaea,1
calydon,1
church-like,1
dear-bought,1
over-ripen,1
enchased,1
office-badge,1
ill-nurtured,1
ran'st,1
stumbling-blocks,1
under-ground,1
propounded,1
attainture,1
enclosing,1
melford,1
township,1
sayst,1
governance,1
plaguing,1
spelling,1
unchain,1
war-wearied,1
installed,1
patay,1
profaning,1
hedge-born,1
stubbornly,1
repugn,1
confutation,1
brainsick,1
emulations,1
decide,1
disagree,1
wist,1
shouldering,1
quartering,1
air-braving,1
unconquer,1
rascal-like,1
moody-mad,1
lowted,1
blois,1
over-daring,1
disgracing,1
stouter,1
ascribes,1
enshrines,1
joineth,1
talbotites,1
excursion,1
grey-beard,1
paramours,1
foot-boys,1
late-betrayed,1
crazy,1
pendragon,1
erects,1
fortresses,1
gleeks,1
exequies,1
remedied,1
policies,1
extirped,1
expulsed,1
paris-ward,1
over-tedious,1
cannon-shot,1
sullied,1
perisheth,1
droopeth,1
entrapp,1
sheffield,1
thrice-victorious,1
magnifiest,1
fly-blown,1
nemesis,1
putrefy,1
'stablish,1
immanity,1
co-equal,1
inshipp,1
clothing,1
parisians,1
accomplices,1
repine,1
periapts,1
admonish,1
helpers,1
over-long,1
blood-sacrifice,1
lofty-plumed,1
incantations,1
furnival,1
wingfield,1
alton,1
lither,1
everyone,1
hemmed,1
bold-faced,1
'contaminated,1
purposing,1
shortening,1
dizzy-eyed,1
over-mounting,1
laugh'st,1
raging-wood,1
verdun,1
'young,1
inhearsed,1
nurser,1
washford,1
waterford,1
valence,1
goodrig,1
urchinfield,1
blackmere,1
active-valiant,1
pellmell,1
starving,1
sallies,1
parapets,1
culverin,1
bestirr,1
late-disturbed,1
gilliams,1
crop-ear,1
mad-headed,1
paraquito,1
trifler,1
mammets,1
loggerheads,1
hogsheads,1
base-string,1
drawers,1
corinthian,1
dyeing,1
watering,1
proficient,1
under-skinker,1
'eight,1
by-room,1
palisadoes,1
thick-eyed,1
impaint,1
frosty-spirited,1
cocksure,1
'homo,1
gummed,1
fat-kidneyed,1
chewed,1
stony-hearted,1
whew,1
fat-guts,1
levers,1
uncolted,1
peach,1
needest,1
bacon-fed,1
gorbellied,1
chuffs,1
bacons,1
grand-jurors,1
jure,1
warkworth,1
unsorted,1
lack-brain,1
'francis,1
pomgarnet,1
clinking,1
wast't,1
saidst,1
a-front,1
clay-brained,1
knotty-pated,1
tallow-catch,1
strappado,1
bed-presser,1
horseback-breaker,1
elf-skin,1
pizzle,1
tailor's-yard,1
bowcase,1
standing-tuck,1
bull-calf,1
starting-hole,1
spear-grass,1
beslubber,1
bare-bone,1
talon,1
thumb-ring,1
bladder,1
two-legged,1
radish,1
ebrew,1
downstairs,1
crystal-button,1
not-pated,1
agate-ring,1
puke-stocking,1
caddis-garter,1
smooth-tongue,1
spanish-pouch,1
canvas,1
upstairs,1
'fie,1
signum,1
'rivo,1
pitiful-hearted,1
shotten,1
unhanged,1
wool-sack,1
drunkest,1
half-sword,1
hand-saw,1
ecce,1
liquored,1
oneyers,1
burgomasters,1
sovereign'st,1
rascalliest,1
purse-taking,1
soldest,1
madeira,1
yedward,1
chops,1
all-hallown,1
waylaid,1
immask,1
incomprehensible,1
unyoked,1
mists,1
falsify,1
attract,1
lord.,1
misprison,1
trimly,1
stubble-land,1
pouncet-box,1
slovenly,1
popinjay,1
moor-ditch,1
lincolnshire,1
lugged,1
ever-valiant,1
short-winded,1
strands,1
trenching,1
ill-sheathed,1
impressed,1
forwarding,1
welshwomen,1
holy-rood,1
archibald,1
athol,1
ridge,1
murray,1
straightest,1
night-tripping,1
cradle-clothes,1
malevolent,1
fat-witted,1
unbuttoning,1
leaping-houses,1
snatched,1
neglectingly,1
parmaceti,1
tranquillity,1
salt-petre,1
joyed,1
jordan,1
chamber-lie,1
loach,1
gammon,1
charing-cross,1
turkeys,1
pannier,1
can'st,1
mugs,1
variest,1
layest,1
worshippest,1
dreamest,1
foot-land,1
rakers,1
long-staff,1
sixpenny,1
strikers,1
purple-hued,1
malt-worms,1
beans,1
cess,1
wain,1
jeering,1
unjointed,1
reasonably,1
proviso,1
emptied,1
sedgy,1
bloodstained,1
down-trod,1
unthankful,1
underwent,1
quick-conceiving,1
'gentle,1
o'er-walk,1
unsteadfast,1
fathom-line,1
corrival,1
starling,1
sword-and-buckler,1
wasp-stung,1
pismires,1
berkley,1
bracy,1
amamon,1
liegeman,1
sutton,1
bolters,1
by-drinkings,1
sneak-cup,1
newgate,1
eight-penny,1
midriff,1
tavern-reckonings,1
memorandums,1
penny-worth,1
sugar-candy,1
long-winded,1
heinously,1
attribution,1
soothers,1
sight-holes,1
topsy-turvy,1
comrades,1
estridges,1
cuisses,1
mailed,1
reprisal,1
bakers,1
shaved,1
salamander,1
cancels,1
drowzed,1
glutted,1
participation,1
never-dying,1
majority,1
swathling,1
all-praised,1
unthought-of,1
long-grown,1
apple-john,1
chandler,1
peppercorn,1
brewer,1
diced,1
memento,1
mori,1
ignis,1
fatuus,1
wildfire,1
bonfire-light,1
one-half,1
co'fil,1
community,1
soused,1
well-respected,1
journey-bated,1
exceedeth,1
confesseth,1
unminded,1
boroughs,1
quick-raised,1
o'er-ruled,1
corrivals,1
busky,1
curlish,1
all-abhorred,1
exhaled,1
portent,1
lag-end,1
chewet,1
outdare,1
sufferances,1
market-crosses,1
changelings,1
water-colours,1
encamped,1
quilt,1
daventry,1
glutton,1
gurnet,1
damnably,1
house-holders,1
caliver,1
toasts-and-butter,1
ancients,1
corporals,1
lieutenants,1
lazarus,1
licked,1
innkeeper,1
ostlers,1
trade-fallen,1
tattered,1
prodigals,1
swine-keeping,1
unloaded,1
scarecrows,1
tacked,1
red-nose,1
sun-like,1
enfeoff,1
perpendicular,1
moss-grown,1
swollen,1
dropsies,1
manningtree,1
kine,1
plump,1
searcheth,1
findeth,1
2d,1
4d,1
gallons,1
5s,1
8d,1
anchovies,1
6d,1
ob,1
half-penny-worth,1
twelve-score,1
bangor,1
wisheth,1
cressets,1
kittened,1
beastliness,1
bolting-hutch,1
poulter,1
pint-pot,1
blue-caps,1
mackerel,1
buffeting,1
hob-nails,1
trading,1
joined-stool,1
cambyses,1
trickling,1
flood-gates,1
tickle-brain,1
rabbit-sucker,1
spendest,1
camomile,1
foolish-hanging,1
micher,1
corpulent,1
deceiveth,1
peremptorily,1
gravely,1
majestically,1
imprisoning,1
crossings,1
carded,1
herds,1
heavenly-harness,1
comfit-maker,1
walk'st,1
finsbury,1
mouth-filling,1
pepper-gingerbread,1
velvet-guards,1
sunday-citizens,1
red-breast,1
displeasing,1
revengement,1
mistreadings,1
extenuation,1
pick-thanks,1
news-mongers,1
forethink,1
common-hackney,1
reputeless,1
pontifical,1
ambled,1
bavin,1
disputation,1
self-wind,1
haughtiness,1
doteth,1
sandy-bottom,1
weather-beaten,1
tripartite,1
burton,1
cranking,1
trench,1
kitten,1
ballad-mongers,1
canstick,1
mouldwarp,1
wilful-blame,1
finless,1
clip-wing,1
skimble-skamble,1
'hum,1
windmill,1
summer-house,1
profited,1
concealments,1
'cross,1
animis,1
irae,1
news-crammed,1
applications,1
cherisher,1
cherishes,1
charbon,1
poysam,1
papist,1
howsome'er,1
severed,1
jowl,1
sacked,1
purifying,1
tithe-woman,1
surplice,1
owing,1
'mother,1
enwombed,1
clew,1
captious,1
intenible,1
indian-like,1
worshipper,1
implies,1
barnes,1
labourers,1
threateningly,1
constancies,1
offendress,1
mites,1
consumes,1
paring,1
tooth-pick,1
pears,1
drily,1
traitress,1
adoptious,1
christendoms,1
proposes,1
acutely,1
naturalize,1
senoys,1
credible,1
prejudicates,1
soundness,1
discipled,1
haggish,1
goers,1
'after,1
riddle-like,1
prescriptions,1
heedfull'st,1
languishings,1
hesperus,1
exempted,1
pin-buttock,1
quatch-buttock,1
forefinger,1
pancake,1
shrove,1
'spare,1
entertai,1
there't,1
philosophical,1
supernatural,1
ensconcing,1
relinquish,1
artists,1
paracelsus,1
facinerious,1
transcendence,1
lustig,1
vinaigre,1
wealthiest,1
occidental,1
murk,1
diurnal,1
entrenched,1
luckiest,1
well-lost,1
principles,1
questant,1
'too,1
forehorse,1
masonry,1
spinii,1
emblem,1
expressive,1
torcher,1
sword-men,1
araise,1
love-line,1
receipts,1
inaidible,1
past-cure,1
empirics,1
entreating,1
finisher,1
quicklier,1
blowers,1
underminers,1
glues,1
well-minded,1
water-flowing,1
subsidies,1
shame-faced,1
sha,1
$,1
great-grown,1
dunsmore,1
daintry,1
unbid,1
atlas,1
weakling,1
forecast,1
'wind-changing,1
misleading,1
proud-hearted,1
brotherlike,1
coop,1
top-branch,1
liken,1
sepulchres,1
girt,1
oxfordshire,1
leicestershire,1
misgive,1
middleham,1
requireth,1
park-corner,1
lynn,1
sovereigns,1
avoiding,1
creator,1
divining,1
presaging,1
conflicts,1
hollanders,1
repass,1
abodements,1
forewarned,1
drummer,1
awhi,1
speaketh,1
fellow-soldier,1
gainsays,1
horizon,1
could'st,1
mought,1
idolatrous,1
distinguished,1
aboding,1
rook,1
alway,1
snarl,1
counting,1
re-purchased,1
cliffords,1
northumberlands,1
footstool,1
bess,1
sprang'st,1
mirthful,1
persecuted,1
'had,1
mourningly,1
fistula,1
overlooking,1
achieves,1
livelihood,1
excessive,1
unseason,1
night-crow,1
water-standing,1
persecutor,1
hames,1
bright-shining,1
easeful,1
holding-anchor,1
tearful,1
topmost,1
tackles,1
tacklings,1
quicksand,1
magnanimity,1
aesop,1
minos,1
crookback,1
undutiful,1
railer,1
sprawl'st,1
twitting,1
deathmen,1
alms-deed,1
misdoubteth,1
daedalus,1
ames-ace,1
disdain'st,1
lord-protectorship,1
shrieve,1
'dian,1
allurement,1
ruttish,1
both-sides,1
after-debts,1
mell,1
ravishments,1
swine-drunk,1
bed-clothes,1
mile-end,1
out-villained,1
outruns,1
drumming,1
unblinding,1
impositions,1
wagon,1
snipt-taffeta,1
unbaked,1
doughy,1
red-tailed,1
partaken,1
tile,1
well-weighing,1
dropsied,1
cassocks,1
prophesier,1
hoodman,1
portotartarosa,1
bosko,1
chimurcho,1
boblibindo,1
chicurmurco,1
unserviceable,1
past-saving,1
militarist,1
chape,1
neatly,1
'demand,1
corambus,1
guiltian,1
cosmo,1
gratii,1
chitopher,1
vaumond,1
bentii,1
muster-file,1
salads,1
nose-herbs,1
nebuchadnezzar,1
fisnomy,1
market-price,1
boggle,1
uncropped,1
resolvedly,1
goldenly,1
rustically,1
unkept,1
stalling,1
riders,1
employed,1
obscuring,1
allottery,1
stubbornest,1
emulator,1
schooled,1
enchantingly,1
righteously,1
tempered,1
cutter-off,1
perceiveth,1
unmuzzle,1
eagerness,1
embodied,1
seducer,1
fishpond,1
woodland,1
self-gracious,1
numbered,1
failed,1
unroot,1
lavache,1
buttering,1
purr,1
musk-cat,1
'word,1
fore-past,1
cox,1
incensing,1
high-repented,1
quick'st,1
inaudible,1
infixing,1
maudlin,1
cesse,1
necessitied,1
double-meaning,1
nicer,1
congied,1
ring-carrier,1
ministration,1
thirsts,1
self-unable,1
thitherward,1
engrossest,1
robb'st,1
corrupts,1
well-derived,1
'till,1
none-sparing,1
muskets,1
still-peering,1
consolate,1
hater,1
camping,1
over-night,1
violenta,1
enticements,1
coarsely,1
detesting,1
brokes,1
custard,1
thirds,1
casketed,1
bannerets,1
vileness,1
challenges,1
foregoers,1
shackle,1
poising,1
loosing,1
ennobled,1
now-born,1
ordinaries,1
manifoldly,1
bunting,1
lattice,1
fettering,1
pomegranate,1
dog-hole,1
hugs,1
kicky-wicky,1
curvet,1
capriccio,1
ail,1
honestest,1
penitents,1
rector,1
thanking,1
corbo,1
thromuldo,1
muskos,1
vauvado,1
kerely,1
bonto,1
manka,1
revania,1
dulche,1
oscorbidulchos,1
volivorco,1
acordo,1
linta,1
fontibell,1
holy-cruel,1
scarre,1
'longing,1
incurred,1
perverted,1
fleshes,1
contrives,1
villiando,1
movousus,1
throca,1
over-pay,1
leaguer,1
attributed,1
performer,1
jacet,1
dilemmas,1
damns,1
sprat,1
re-send,1
staining,1
succeeded,1
stripped,1
descents,1
appoints,1
coherent,1
musics,1
persists,1
linsey-woolsey,1
butter-woman,1
bajazet,1
baring,1
blood-sucking,1
embassade,1
reenter,1
illyrian,1
gelidus,1
timor,1
occupat,1
artus,1
bezonians,1
banditto,1
handicrafts-men,1
wingham,1
dog's-leather,1
argo,1
sawyer,1
lacies,1
laces,1
bucks,1
market-days,1
loaves,1
three-hooped,1
obligations,1
court-hand,1
emmanuel,1
ink-horn,1
beehives,1
bargulus,1
'arm,1
drudges,1
cask,1
lime-twigs,1
mover,1
blabbing,1
loud-howling,1
arouse,1
flagging,1
downs,1
start'st,1
blur,1
merchant-like,1
voiding,1
longboat,1
smiledst,1
affy,1
sylla,1
overgorged,1
governors,1
encroaching,1
'invitis,1
nubibus,1
silken-coated,1
plasterer,1
shearman,1
beggar-woman,1
verb,1
oughtest,1
'bona,1
mala,1
commentaries,1
civil'st,1
exacted,1
behoof,1
struck'st,1
hatchet,1
steadier,1
behead,1
bloodshedding,1
harbouring,1
cromer,1
poles,1
capite,1
maces,1
magnus,1
lording,1
'villiago,1
noun,1
paper-mill,1
tally,1
thirsting,1
bricks,1
invented,1
span-counter,1
mained,1
behavedst,1
brigandine,1
gaols,1
softens,1
throbbing,1
pissing-conduit,1
erecting,1
claret,1
savoy,1
inns,1
stinks,1
fifteens,1
subsidy,1
serge,1
basimecu,1
besom,1
deathful,1
cradle-babe,1
loather,1
allegations,1
pointing-stock,1
aimest,1
crimeless,1
holden,1
afear,1
reproachfully,1
unbowed,1
shallow-rooted,1
o'ergrow,1
allegation,1
reputing,1
instigate,1
fraudful,1
trial-day,1
garrisons,1
defamed,1
felonious,1
fleeced,1
unburthens,1
liefest,1
conventicles,1
deep-fet,1
tear-stain,1
abrook,1
market-town,1
peacemakers,1
two-hand,1
medice,1
teipsum,1
townsman,1
'simpcox,1
plums,1
damsons,1
mightest,1
ringleader,1
tender-feeling,1
privy-council,1
tainture,1
claimed,1
assures,1
despoiled,1
bested,1
charneco,1
revealed,1
uneath,1
suborned,1
subversion,1
dark-seated,1
bewails,1
cower,1
earnest-gaping,1
ascanius,1
thrice-famed,1
timely-parted,1
ashy,1
aidance,1
uprear,1
well-proportion,1
unbloodied,1
rusted,1
warwick-shire,1
blunt-witted,1
deathsman,1
quitting,1
meant'st,1
blood-sucker,1
breastplate,1
glided,1
mandrake,1
bitter-searching,1
pretty-vaulting,1
aeolus,1
'seek,1
sharp-quill,1
unhelpful,1
thrice-noble,1
accordeth,1
impugns,1
far-fet,1
choicely,1
irishmen,1
mad-bred,1
kentishman,1
morisco,1
forewarning,1
inflict,1
published,1
straiter,1
culpable,1
chirping,1
first-conceived,1
heart-offending,1
blood-consuming,1
leper,1
cades,1
middest,1
kenilworth,1
pitied'st,1
plucker,1
forslow,1
tugging,1
contemplate,1
ean,1
hawthorn-bush,1
embroider,1
delicates,1
unwares,1
foeman,1
butcherly,1
misthink,1
rued,1
bemoan,1
sad-hearted,1
overgone,1
impairing,1
strengthening,1
misproud,1
effuse,1
hewing,1
fetlocks,1
clangour,1
runners,1
inferring,1
furnace-burning,1
fiercely,1
thresher,1
flail,1
easy-melting,1
'retire,1
fail'st,1
arch-enemy,1
unloving,1
ill-got,1
forspent,1
darraign,1
hearten,1
'saint,1
child-killer,1
extraught,1
wisp,1
bridal-day,1
towton,1
saxton,1
spray,1
thick-grown,1
treacherously,1
laund,1
waiteth,1
well-meant,1
suppresseth,1
disannuls,1
lineally,1
obeyed'st,1
aubrey,1
recounted,1
puller,1
unhoped,1
misdeed,1
impale,1
replant,1
well-chosen,1
bonville,1
mistrustful,1
diomede,1
sleight,1
rhesus,1
'henry,1
night-foes,1
true-anointed,1
conform,1
gazers,1
concubine,1
cross-bow,1
self-place,1
prayerbook,1
wishful,1
smooths,1
inferreth,1
decked,1
bluntest,1
queen.,1
shriver,1
'content,1
premeditation,1
sunders,1
lade,1
o'erweens,1
unlick,1
bear-whelp,1
mis-shaped,1
impaled,1
rends,1
moisture,1
steeped,1
terrace,1
cavilling,1
fell-lurking,1
o'erweening,1
sophister,1
rampant,1
deadly-handed,1
unassail,1
couronne,1
oeuvres,1
premised,1
chair-days,1
reclaims,1
absyrtus,1
readily,1
discomfit,1
contusions,1
repairing,1
writs,1
eternized,1
by-words,1
sturdy,1
poltroons,1
false-heart,1
blood-besotted,1
long-imprison,1
forbears,1
proclaimeth,1
redound,1
climbed,1
brainpan,1
turmoiled,1
contenteth,1
ostrich,1
doornail,1
steadfast-gazing,1
burly-boned,1
yorks,1
chines,1
hobnails,1
burying-place,1
unconquered,1
emblaze,1
dartford,1
sancta,1
majestas,1
telamonius,1
honourest,1
interrupts,1
hardest-timber,1
weak.,1
dicky,1
unpardonable,1
she-wolf,1
captivates,1
vizard-like,1
unchanging,1
septentrion,1
bids't,1
allays,1
hyrcania,1
dip'dst,1
fast-falling,1
gentle-hearted,1
fared,1
prancing,1
racking,1
clear-shining,1
meeds,1
over-shine,1
fair-shining,1
looker-on,1
preachment,1
struggles,1
invectives,1
di,1
unconstrain,1
prejudicial,1
life-time,1
unnaturally,1
conditionally,1
preferr'st,1
kentishmen,1
slake,1
miserably,1
faciant,1
quenchless,1
laudis,1
summa,1
ista,1
tuae,1
rescuing,1
hunger-starved,1
hardiest,1
bodged,1
over-matching,1
new-hatch,1
ownself,1
misreport,1
high-grown,1
operative,1
unpublish,1
aidant,1
remediate,1
gathers,1
samphire,1
opposeless,1
precipitating,1
masts,1
perpendicularly,1
a-height,1
shrill-gorged,1
whelk,1
enridged,1
clearest,1
'enough,1
accommodate,1
side-piercing,1
press-money,1
handles,1
hewgh,1
restoring,1
cuckoo-flowers,1
machination,1
bur-docks,1
milk-liver,1
discerning,1
spreads,1
slayer,1
criest,1
'alack,1
self-cover,1
be-monster,1
dislocate,1
justicers,1
tart.,1
trill,1
rebel-like,1
smilets,1
pantingly,1
'sisters,1
moisten,1
dog-hearted,1
detains,1
fumiter,1
furrow-weeds,1
ague-proof,1
quakes,1
forks,1
minces,1
foins,1
death's-man,1
reciprocal,1
'affectionate,1
'goneril,1
undistinguish,1
lechers,1
o'erpaid,1
child-changed,1
restoration,1
flakes,1
warring,1
dread-bolted,1
settling,1
conductor,1
self-reproving,1
forfended,1
loosen,1
be-met,1
bolds,1
riddle.,1
ballow,1
ise,1
che,1
impertinency,1
soiled,1
squiny,1
penning,1
handy-dandy,1
obeyed,1
lust'st,1
whipp'st,1
cozener,1
hurtless,1
wawl,1
vortnight,1
sons-in-law,1
water-pots,1
interposes,1
vurther,1
'casion,1
volk,1
chud,1
zwaggered,1
zo,1
benefited,1
head-lugg,1
disbranch,1
persevere,1
unaccommodated,1
unbutton,1
squints,1
hare-lip,1
mildews,1
s.,1
withold,1
night-mare,1
nine-fold,1
alight,1
wall-newt,1
cow-dung,1
ditch-dog,1
stock-,1
smulkin,1
theban,1
vermin,1
unsettle,1
fum,1
reprovable,1
detector,1
sophisticated,1
mun,1
suum,1
whirlipool,1
summoners,1
sinning,1
brewers,1
malt,1
cutpurses,1
ponder,1
unfed,1
raggedness,1
superflux,1
pew,1
lenders,1
trotting-horse,1
four-inched,1
star-blasting,1
vexes,1
pendulous,1
pillicock,1
pillicock-hill,1
out-paramoured,1
brothels,1
fully.,1
farmhouse,1
contemns,1
frateretto,1
answerer,1
guessingly,1
boarish,1
hell-black,1
stelled,1
cruels,1
roguish,1
mutations,1
beggar-man,1
angering,1
others.,1
'parel,1
must.,1
horse-way,1
obidicut,1
hobbididence,1
mopping,1
chambermaids,1
lust-dieted,1
offensive,1
cowish,1
unmerciful,1
corky,1
well-armed,1
joint-stool,1
angler,1
sapient,1
wantest,1
bessy,1
hopdance,1
robed,1
minikin,1
pur,1
kicked,1
boasted,1
questrists,1
tray,1
mastiff,1
grey-hound,1
lym,1
bobtail,1
trundle-tail,1
market-towns,1
childed,1
festinate,1
avouched,1
exasperates,1
ingenuous,1
dependents,1
three-farthing,1
a'leven-pence,1
night-watch,1
domineering,1
whimpled,1
senior-junior,1
giant-dwarf,1
dan,1
love-rhymes,1
loiterers,1
malcontents,1
codpieces,1
imperator,1
trotting,1
'paritors,1
tumbler,1
a-repairing,1
wightly,1
pitch-balls,1
spurred,1
uprising,1
remuneration.,1
rewarding,1
out-frown,1
significant,1
acquittances,1
prick't,1
peeping,1
amazes,1
love-monger,1
skilfully,1
concolinel,1
festinately,1
snuffed,1
penthouse-like,1
thin-belly,1
'hobby-horse,1
hackney,1
slow-gaited,1
minime,1
flee,1
enforcest,1
sain,1
frances,1
enfreedoming,1
captivated,1
saturday,1
coppice,1
self-sovereignty,1
dig-you-den,1
facere,1
ostentare,1
undressed,1
unpolished,1
uneducated,1
untrained,1
ratherest,1
twice-sod,1
coctus,1
fructify,1
luna,1
collusion,1
pollusion,1
abrogate,1
preyful,1
a-hooting,1
ideas,1
revolutions,1
ventricle,1
mellowing,1
tutored,1
explication,1
intimation,1
falleth,1
indited,1
girdles,1
indubitate,1
zenelophon,1
veni,1
vidi,1
vici,1
annothanize,1
tittles,1
repasture,1
phantasime,1
caelo,1
monarcho,1
bookmates,1
shooter,1
guinover,1
mete,1
upshoot,1
greasily,1
sanguis,1
pomewater,1
unseeming,1
beseemeth,1
sudden-bold,1
sable-coloured,1
cheerless,1
academe,1
fellow-scholars,1
violates,1
paunches,1
intellects,1
dazzling,1
deep-search,1
plodders,1
weeding,1
a-breeding,1
strict'st,1
'on,1
bedrid,1
hunteth,1
'mere,1
tharborough,1
meekly,1
merriness,1
manor-house,1
vicegerent,1
a-hanging,1
fordid,1
urges,1
half-blooded,1
packs,1
good-years,1
tender-minded,1
immediacy,1
exalt,1
compeers,1
a-squint,1
full-flowing,1
let-alone,1
sub-contracted,1
poisoned,1
bare-gnawn,1
canker-bit,1
conspirant,1
high-illustrious,1
toad-spotted,1
hell-hated,1
recounting,1
tranced,1
improper,1
fostering,1
black-oppressing,1
house-keeping,1
health-giving,1
strong-jointed,1
maculate,1
well-educated,1
digression,1
day-woman,1
pardoned,1
folio,1
prodigally,1
tasker,1
all-telling,1
best-moving,1
humble-visaged,1
vow-fellows,1
perigort,1
well-accomplished,1
students,1
mirth-moving,1
expositor,1
hearings,1
garnished,1
bedecking,1
well-knit,1
town-gates,1
new-devised,1
small-knowing,1
y-cleped,1
ebon-coloured,1
viewest,1
beholdest,1
surveyest,1
north-north-east,1
curious-,1
low-spirited,1
minnow,1
'sorted,1
hereupon,1
ever-esteemed,1
heart-burning,1
'damsel,1
'virgin,1
epitheton,1
appertinent,1
heatest,1
deuce-ace,1
'years,1
guilts,1
unwhipp,1
bursts,1
ransoms,1
muffling,1
dint,1
seventy-five,1
arbours,1
new-planted,1
orchards,1
recreate,1
fire-brands,1
legacies,1
barren-spirited,1
imitations,1
staled,1
described,1
pella,1
sardians,1
undeservers,1
supporting,1
grasped,1
abler,1
note-book,1
vexeth,1
nervii,1
extenuated,1
wanderers,1
conquests,1
predictions,1
spouting,1
tinctures,1
'break,1
'artemidorus,1
bustling,1
praetors,1
o'erread,1
rears,1
couchings,1
pre-ordinance,1
low-crooked,1
spaniel-fawning,1
repealing,1
true-fix,1
unassailable,1
pulpits,1
'liberty,1
wash.,1
untrod,1
misgiving,1
over-earnest,1
cynic,1
jigging,1
outlawry,1
torch-light,1
slaying,1
meditates,1
sword-hilts,1
smatch,1
equalities,1
brazed,1
round-wombed,1
unburthen,1
largest,1
eldest-born,1
eye-sight,1
champains,1
wide-skirted,1
felicitate,1
interess,1
paternal,1
propinquity,1
pre-eminence,1
empty-hearted,1
reverbs,1
statilius,1
labeo,1
thasos,1
o'er-watch,1
proscriptions,1
defense,1
nimbleness,1
grudged,1
new-added,1
encouraged,1
brim-full,1
afloat,1
drowsily,1
break'st,1
disconsolate,1
honeyless,1
stingless,1
soundless,1
redder,1
masker,1
epicurus,1
gorging,1
notest,1
freeman,1
squeal,1
hurtled,1
recounts,1
a-shouting,1
sinewed,1
beforehand,1
mender,1
cobble,1
tradesman,1
chimney-tops,1
intermit,1
fearfulness,1
shriller,1
conceptions,1
cogitations,1
laugher,1
protester,1
gusty,1
chafing,1
'darest,1
stemming,1
applauses,1
underlings,1
villager,1
sleek-headed,1
unwarily,1
scalded,1
unreprievable,1
day-wearied,1
braced,1
rattle,1
deep-mouth,1
bare-ribb,1
badly,1
possesseth,1
unthread,1
retaining,1
resolveth,1
cabby,1
parched,1
tattering,1
corruptibly,1
dwelling-house,1
assaileth,1
whi,1
ch,1
indigest,1
elbow-room,1
crumble,1
fatter,1
putting-by,1
new-fired,1
chapped,1
whizzing,1
instigations,1
receivest,1
phantasma,1
arises,1
high-sighted,1
insuppressive,1
improve,1
sacrificers,1
wrathfully,1
purgers,1
ingrafted,1
elephants,1
honey-heavy,1
insisted,1
wafture,1
rheumy,1
unpurged,1
once-commended,1
ruddy,1
engagements,1
upmost,1
attains,1
climber-upward,1
strange-disposed,1
night-caps,1
foamed,1
tag-rag,1
obscurely,1
incenses,1
unscorch,1
glared,1
annoying,1
noon-day,1
submitting,1
disjoins,1
gliding,1
preformed,1
airless,1
illuminate,1
fleering,1
noblest-minded,1
honourable-dangerous,1
praetor,1
alchemy,1
revoked,1
rivall,1
new-adopted,1
headier,1
flickering,1
discommend,1
misconstruction,1
insulted,1
worthied,1
self-subdued,1
fleshment,1
contemned'st,1
pilferings,1
enormous,1
o'erwatch,1
out-face,1
persecutions,1
sprigs,1
farms,1
sheep-cotes,1
turlygod,1
nether-stocks,1
meiny,1
hysterica,1
passio,1
observants,1
ducking,1
roughness,1
mortar,1
one-trunk-inheriting,1
brazen-faced,1
cullionly,1
barber-monger,1
bestirred,1
disclaims,1
stone-cutter,1
zed,1
unbolted,1
jakes,1
bluntness,1
wagtail,1
a-twain,1
intrinse,1
renege,1
beaks,1
epileptic,1
sarum,1
camelot,1
antipathy,1
unremoveable,1
indisposed,1
super-serviceable,1
sepulchring,1
out-jest,1
heart-struck,1
speculations,1
snuffs,1
packings,1
furnishings,1
bemadding,1
out-wall,1
cataracts,1
hurricanoes,1
thought-executing,1
vaunt-couriers,1
oak-cleaving,1
all-shaking,1
rotundity,1
moulds,1
holy-water,1
rain-water,1
rumble,1
subscription,1
gallow,1
belly-pinched,1
cub-drawn,1
to-and-fro-conflicting,1
easy-borrow,1
adultress,1
sharp-tooth,1
discerns,1
unsightly,1
serpent-like,1
vengeances,1
lameness,1
fen-suck,1
tender-hefted,1
dismissing,1
out-scorn,1
squire-like,1
sumpter,1
plague-sore,1
thunder-bearer,1
high-judging,1
guardians,1
depositaries,1
well-favour,1
unquietly,1
finical,1
glass-gazing,1
avert,1
tens,1
treachers,1
adulterers,1
goatish,1
ursa,1
maidenliest,1
twinkled,1
bastardizing,1
unnaturalness,1
dissolutions,1
menaces,1
maledictions,1
diffidences,1
dissipation,1
cohorts,1
astronomical,1
rageth,1
defuse,1
honest-hearted,1
roundest,1
trowest,1
throwest,1
disquietly,1
machinations,1
auricular,1
appertains,1
folds,1
fore-vouch,1
still-soliciting,1
tardiness,1
unspoke,1
cold'st,1
unprized,1
plaited,1
derides,1
slenderly,1
heretofore,1
long-engraffed,1
waywardness,1
leavetaking,1
moon-shines,1
fops,1
o'er-read,1
o'er-looking,1
justification,1
oldness,1
in-a-door,1
unfee,1
action-taking,1
monopoly,1
enguard,1
unfitness,1
attask,1
slip-shod,1
whispered,1
ear-kissing,1
conjuring,1
parricides,1
gasted,1
conceals,1
unpossessing,1
reposal,1
godson,1
cautions,1
threading,1
dark-eyed,1
lipsbury,1
three-suited,1
hundred-pound,1
worsted-stocking,1
lily-livered,1
woundings,1
untented,1
cadent,1
not-to-be,1
clovest,1
borest,1
foppish,1
bo-peep,1
frontlet,1
crum,1
shealed,1
all-licensed,1
retinue,1
redresses,1
disnatured,1
hedge-sparrow,1
jug,1
weakens,1
discernings,1
lethargied,1
epicurism,1
disquantity,1
marble-hearted,1
sterility,1
mehercle,1
vir,1
gauntlets,1
slumbery,1
murky,1
pale.,1
undone.,1
unrough,1
fortifies,1
belt,1
minutely,1
faith-breach,1
consequences,1
epicures,1
sag,1
cream-faced,1
loon,1
over-red,1
lily-liver,1
whey-face,1
disseat,1
mouth-honour,1
oblivious,1
antidote,1
again.,1
do't.,1
ante-room,1
seemers,1
swoop,1
more-having,1
summer-seeming,1
foisons,1
king-becoming,1
stableness,1
untitled,1
bloody-scepter,1
interdiction,1
repeat'st,1
over-credulous,1
unspeak,1
coveted,1
here-approach,1
convinces,1
here-remain,1
strangely-visited,1
goes't,1
fee-grief,1
savagely,1
o'er-fraught,1
hell-kite,1
pull't,1
say.,1
rhubarb,1
cyme,1
concludest,1
figuring,1
healthy,1
promise-keeping,1
custom-shrunk,1
groping,1
trouts,1
burgher,1
immoderate,1
morality,1
denunciation,1
propagation,1
emmence,1
unscour,1
zodiacs,1
tick-tack,1
dribbling,1
stricture,1
birch,1
infliction,1
tied-up,1
aves,1
prefers,1
belongings,1
right-noble,1
purgative,1
dareful,1
night-shriek,1
direness,1
slaughterous,1
yesterdays,1
struts,1
signifying,1
screens,1
bear-like,1
institutions,1
unbatter,1
undeeded,1
clatter,1
bloodier,1
intrenchant,1
vulnerable,1
underwrit,1
cheaply,1
unshrinking,1
stanchless,1
ill-composed,1
smacking,1
malevolence,1
impostors,1
authorized,1
charnel-houses,1
olden,1
marrowless,1
glare,1
rhinoceros,1
hyrcan,1
blanched,1
enrages,1
augurs,1
relations,1
magot-pies,1
secret'st,1
self-abuse,1
initiate,1
overbold,1
sleights,1
right-valiant,1
delinquents,1
thralls,1
air-drawn,1
please't,1
cribb,1
sorriest,1
spaniels,1
shoughs,1
water-rugs,1
demi-wolves,1
clept,1
distinguishes,1
grapples,1
masking,1
botches,1
fitful,1
casing,1
scorpions,1
assailable,1
shard-borne,1
seeling,1
rooky,1
drowse,1
marvell'st,1
glimmers,1
cut-throats,1
'cause,1
prepares,1
avaricious,1
brinded,1
baby-brow,1
lion-mettled,1
conspirers,1
earth-bound,1
high-placed,1
throbs,1
gold-bound,1
scepters,1
blood-bolter,1
galloping,1
anticipatest,1
flighty,1
pitfall,1
prattler,1
down-fall'n,1
birthdom,1
resounds,1
rawness,1
safeties,1
affeer,1
confineless,1
pale-hearted,1
deftly,1
sweaten,1
salt-sea,1
hedge-pig,1
harpier,1
thirty-one,1
swelter,1
fillet,1
fenny,1
blind-worm,1
owlet,1
hell-broth,1
birth-strangled,1
farrow,1
ditch-deliver,1
gruel,1
slab,1
chaudron,1
'black,1
thumbs,1
navigation,1
pyramids,1
slope,1
permissive,1
francisca,1
sapit,1
ungenitured,1
untrussing,1
back-wounding,1
keepdown,1
fellowships,1
contended,1
humbles,1
straitness,1
self-offences,1
exacting,1
contracting,1
circummured,1
planched,1
precept,1
quests,1
pre-contract,1
starkly,1
wholesomest,1
spirts,1
envelope,1
unsisting,1
pardoner,1
house-eaves,1
tundish,1
privileges,1
unhurtful,1
facing,1
picklock,1
causest,1
stinkingly,1
whoremonger,1
pygmalion,1
powdered,1
unshunned,1
bawd-born,1
extirp,1
spawned,1
stock-fishes,1
generative,1
clack-dish,1
withdrawing,1
unweighing,1
helmed,1
testimonied,1
bringings-forth,1
unskilfully,1
darkened,1
awakens,1
putting-on,1
'whatsoever,1
bohemian,1
redeliver,1
unshapes,1
speeded,1
gravest,1
forerunning,1
forted,1
razure,1
supporters,1
virgin-violator,1
wicked'st,1
dressings,1
characts,1
oddest,1
inequality,1
refell,1
concupiscible,1
sisterly,1
unbelieved,1
ungot,1
temporary,1
meddler,1
disvouched,1
convent,1
well-balanced,1
dizy,1
undoubtful,1
penitently,1
disguiser,1
over-read,1
absolutely,1
ninescore,1
mercer,1
peach-coloured,1
peaches,1
deep-vow,1
dependant,1
copperspur,1
starve-lackey,1
drop-heir,1
forthlight,1
shooty,1
half-can,1
rustle,1
billets,1
provides,1
lamb-skins,1
doubleness,1
advantaged,1
dispossessing,1
all-hallond,1
tap-house,1
beastliest,1
splay,1
drabs,1
heading,1
carman,1
fornicatress,1
deputed,1
slipt,1
remissness,1
new-conceived,1
unwedgeable,1
gnarled,1
myrtle,1
shekels,1
tested,1
sun-rise,1
tempter,1
goad,1
offenceful,1
china,1
fruit-dish,1
misplaces,1
expresseth,1
votarists,1
clare,1
unsworn,1
prioress,1
cheek-roses,1
ensky,1
renouncement,1
fewness,1
seedness,1
adoptedly,1
uncleanliness,1
school-maids,1
givings-out,1
true-meant,1
snow-broth,1
rebate,1
cohered,1
parcel-bawd,1
hot-house,1
cardinally,1
respites,1
well-wish,1
plausible,1
pose,1
conserve,1
appliances,1
outward-sainted,1
emmew,1
damned'st,1
perdurably,1
kneaded,1
thrilling,1
thick-ribbed,1
viewless,1
weariest,1
dispenses,1
warped,1
advisings,1
uprighteously,1
perished,1
marriage-dowry,1
combinate,1
relents,1
rupture,1
forenamed,1
vastidity,1
leiger,1
unloads,1
nicety,1
uncleanness,1
enshield,1
all-building,1
cheaper,1
sliding,1
prints,1
unsoil,1
austereness,1
overweigh,1
prolixious,1
ingots,1
o'erweighs,1
hooking,1
prompture,1
skyey,1
labour'st,1
accommodations,1
provokest,1
exist'st,1
strivest,1
mongrels,1
gospell,1
rancours,1
circum,1
gingerbread,1
pigeon-egg,1
unguem,1
arts-man,1
preambulate,1
educate,1
charge-house,1
mons,1
congratulate,1
posteriors,1
measurable,1
culled,1
firework,1
joshua,1
crushest,1
fairings,1
'past,1
bandied,1
copy-book,1
'ware,1
pencils,1
circa,1
disputest,1
unlineal,1
wit-old,1
laus,1
deo,1
intelligo,1
priscian,1
videsne,1
venit,1
video,1
gaudeo,1
quare,1
alms-basket,1
honorificabilitudinitatibus,1
flap-dragon,1
lettered,1
hornbook,1
spelt,1
pueritia,1
consonant,1
vowels,1
mediterraneum,1
venue,1
rejoiceth,1
dominical,1
shrows,1
translation,1
perttaunt-like,1
retails,1
ushering,1
honey-tongued,1
nickname,1
unsullied,1
unvisited,1
muscovy,1
harper,1
pedantical,1
summer-flies,1
maggot,1
yeas,1
noes,1
reject,1
unhold,1
aforehand,1
carry-tale,1
please-man,1
zany,1
mumble-news,1
trencher-knight,1
pecks,1
roes,1
dismask,1
treys,1
audaciously,1
love-feat,1
unbosom,1
displayed,1
'daughter-beamed,1
perfectness,1
o'ergone,1
request'st,1
white-handed,1
metheglin,1
statute-caps,1
wort,1
malmsey,1
grievest,1
veal,1
'veal,1
dry-beaten,1
muscovits,1
well-liking,1
kingly-poor,1
intelligis,1
insanie,1
insinuateth,1
sonneting,1
imitari,1
damosella,1
overglance,1
superscript,1
progression,1
colourable,1
savouring,1
thumped,1
eye-beams,1
shinest,1
ridest,1
triumviry,1
corner-cap,1
tyburn,1
exhalest,1
vapour-vow,1
liver-vein,1
o'ereye,1
amber-colour,1
saucers,1
ode,1
jerks,1
ovidius,1
cadence,1
sub,1
loquitur,1
feminine,1
quasi,1
pers-on,1
fauste,1
precor,1
gelida,1
quando,1
pecus,1
umbra,1
elegancy,1
ruminat,1
chi,1
vede,1
pretia,1
understandeth,1
stanze,1
lege,1
apostraphas,1
canzonet,1
compile,1
push-pin,1
abbominable,1
over-view,1
with-,1
intituled,1
nomi-,1
nated,1
novi,1
hominem,1
tanquam,1
peregrinate,1
verbosity,1
staple,1
fanatical,1
phantasimes,1
rackers,1
det,1
clepeth,1
cauf,1
hauf,1
vocatur,1
nebor,1
abbreviated,1
abhominable,1
impudency,1
sufficit,1
satis,1
overhead,1
misdoubts,1
loggerhead,1
pick-purses,1
inde,1
eagle-sighted,1
seller,1
doters,1
paints,1
ethiopes,1
maladies,1
strewing,1
plodding,1
arteries,1
long-during,1
practisers,1
cockl,1
snails,1
sphinx,1
fulfills,1
glozes,1
partest,1
vara,1
pursents,1
halfworld,1
shoal,1
inventor,1
even-handed,1
trumpet-tongued,1
taking-off,1
striding,1
couriers,1
o'erleaps,1
esteem'st,1
boneless,1
gums,1
sticking-place,1
chamberlains,1
limbeck,1
men-children,1
kind'st,1
franchised,1
heat-oppressed,1
marshall'st,1
dudgeon,1
gouts,1
end-all,1
be-all,1
trammel,1
compunctious,1
referred,1
'hail,1
illness,1
wrongly,1
impedes,1
metaphysical,1
croaks,1
unsex,1
top-full,1
visitings,1
assassination,1
dunnest,1
masterdom,1
temple-haunting,1
mansionry,1
wooingly,1
frieze,1
buttress,1
procreant,1
purveyor,1
informs,1
celebrates,1
'thane,1
stealthy,1
lamentings,1
screams,1
masterpiece,1
duff,1
badged,1
unwiped,1
pauser,1
kno,1
wn,1
auger-hole,1
trifled,1
knowings,1
colmekill,1
play'dst,1
verities,1
all-thing,1
unbecoming,1
indissoluble,1
parricide,1
thus.,1
prophet-like,1
equivocates,1
disheartens,1
unprovokes,1
unbend,1
firm-set,1
bellman,1
stern'st,1
drugg,1
possets,1
scream,1
ravell,1
nourisher,1
'glamis,1
brainsickly,1
nose-painting,1
incarnadine,1
entry,1
unattended,1
hell-gate,1
beelzebub,1
equivocate,1
devil-porter,1
bonfire,1
provoker,1
saluted,1
all-hailed,1
parfect,1
parti-coated,1
half-cheek,1
tooth-drawer,1
jud-as,1
clean-timbered,1
lemon,1
cloves,1
columbine,1
war-man,1
chucks,1
surmounted,1
infamonize,1
bepray,1
buttonhole,1
uncasing,1
woolward,1
interrupt'st,1
endeavors,1
new-sad,1
over-boldly,1
decides,1
wholesome-profitable,1
carved-bone,1
pommel,1
cittern-head,1
tender-smelling,1
shame-proof,1
fortuna,1
guerra,1
couplement,1
hedge-priest,1
novum,1
libbard,1
targe,1
declares,1
poll-axe,1
clipt,1
bowler,1
o'erparted,1
a-coming,1
three-headed,1
canis,1
manus,1
quoniam,1
iscariot,1
ycliped,1
unbefitting,1
misbecomed,1
missives,1
gravities,1
sweno,1
norways,1
colme,1
dollars,1
chestnuts,1
'aroint,1
rump-fed,1
ronyon,1
se'nnights,1
tempest-tost,1
posters,1
chappy,1
skinny,1
speakers,1
sinel,1
insane,1
theme.,1
commencing,1
imaginings,1
unaccompanied,1
deservers,1
curbing,1
self-comparisons,1
bellona,1
oaten,1
purifies,1
world-without-end,1
raining,1
entitled,1
pained,1
hospital,1
lady-smocks,1
silver-white,1
cuckoo-buds,1
ploughmen,1
memorise,1
bleach,1
nipp,1
brooding,1
graymalkin,1
swimmers,1
macdonwald,1
unseam,1
shipwrecking,1
surveying,1
outscold,1
thimbles,1
pooh,1
congreeing,1
tent-royal,1
surveys,1
masons,1
crowding,1
sad-eyed,1
contrariously,1
worried,1
ruling,1
tombless,1
uncurbed,1
predecessor,1
rackets,1
wrangler,1
chaces,1
gun-stones,1
ungotten,1
well-hallow,1
mercuries,1
prick-ear,1
mervailous,1
flashing,1
honey-bees,1
treasuries,1
demonstrative,1
sunless,1
defunction,1
twenty-six,1
childeric,1
blithild,1
clothair,1
'through,1
lingare,1
ermengare,1
re-united,1
claiming,1
imbar,1
great-grandsire,1
invoke,1
thrice-puissant,1
may-morn,1
spiritualty,1
pilfering,1
borderers,1
snatchers,1
girding,1
impounded,1
fore-foot,1
'couple,1
powdering,1
doll,1
christom,1
babbled,1
movables,1
'pitch,1
wafer-cakes,1
hold-fast,1
caveto,1
rystals,1
yoke-fellows,1
horse-leeches,1
morris-dance,1
ordure,1
projection,1
scanting,1
cressy,1
fatally,1
captiv,1
self-neglecting,1
wide-stretched,1
worm-holes,1
long-vanish,1
wheresome'er,1
staines,1
beginnings,1
lambkins,1
tearsheet,1
warming-pan,1
sutler,1
accrue,1
cash,1
of't,1
tertian,1
corroborate,1
careers,1
interception,1
'jealousy,1
heart-grief,1
uneasiness,1
commissioners,1
cowarded,1
worrying,1
appertinents,1
extract,1
yoke-devils,1
bungle,1
meisen,1
inheritrix,1
succedant,1
responsive,1
statists,1
wheaten,1
'as'es,1
shriving-time,1
ordinant,1
whored,1
portraiture,1
water-fly,1
crib,1
northerly,1
definement,1
inventorially,1
yaw,1
extolment,1
diction,1
umbrage,1
concernancy,1
rawer,1
really,1
unfellowed,1
wagered,1
be-netted,1
groped,1
sea-gown,1
pray'st,1
flints,1
crants,1
strewments,1
requiem,1
peace-parted,1
unpolluted,1
ministering,1
skyish,1
wonder-wounded,1
splenitive,1
rough-hew,1
wiseness,1
eisel,1
leaping,1
singeing,1
zone,1
ossa,1
rant,1
couplets,1
bilboes,1
imponed,1
liberal-conceited,1
mulieres,1
bet,1
jumping,1
accomplishment,1
prologue-like,1
indigent,1
almshouses,1
envelop,1
currance,1
hydra-headed,1
wilfulness,1
all-admiring,1
lurketh,1
practic,1
unletter,1
strawberry,1
crescive,1
swaying,1
exhibiters,1
unhidden,1
miscreate,1
terram,1
salicam,1
abutting,1
upreared,1
monarchies,1
dunks,1
'imponed,1
sucked,1
dressy,1
winnowed,1
gain-giving,1
pardo,1
reconcilement,1
ungored,1
kettle,1
scuffling,1
ciphers,1
swounds,1
o'er-crows,1
occurrents,1
unknowing,1
inventors,1
loudly,1
unraised,1
cockpit,1
casques,1
raked,1
misbecome,1
casted,1
allons-nous,1
somme,1
vivant,1
scions,1
spirt,1
grafters,1
unfought,1
slobbery,1
nook-shotten,1
batailles,1
sur-rein,1
barley-broth,1
decoct,1
spirited,1
roping,1
new-store,1
dancing-schools,1
lavoltas,1
corantos,1
charolois,1
pennons,1
not-god,1
diner,1
assez,1
womby,1
ensemble,1
temps,1
n'avez,1
deja,1
ai,1
enseigne,1
promptement,1
mails,1
ilbow,1
dis-je,1
mauvais,1
corruptible,1
gros,1
impudique,1
d'honneur,1
d'user,1
voudrais,1
prononcer,1
ces,1
seigneurs,1
autre,1
lecon,1
hemp,1
wind-pipe,1
new-tuned,1
ale-washed,1
fat-brained,1
head-pieces,1
poring,1
universe,1
stilly,1
boastful,1
accomplishing,1
low-rated,1
tardy-gaited,1
investing,1
lank-lean,1
war-worn,1
'praise,1
enrounded,1
all-watched,1
over-bears,1
thawing,1
ill-disposed,1
observingly,1
stirrers,1
preachers,1
superfluously,1
bourbier,1
lavee,1
chez,1
bubukles,1
whelks,1
knobs,1
plue,1
re-answer,1
pettiness,1
lessened,1
pasterns,1
volant,1
narines,1
truie,1
hermes,1
fluent,1
strossers,1
warned,1
'le,1
chien,1
retourne,1
propre,1
vomissement,1
d'apprendre,1
doute,1
natifs,1
wad,1
pocketing,1
concavities,1
digt,1
countermines,1
puppy-dog,1
falourous,1
gud-day,1
pioneers,1
trompet,1
blowed,1
voutsafe,1
disputations,1
feith,1
leve,1
beseeched,1
theise,1
slomber,1
lig,1
grund,1
valourously,1
suerly,1
fire-shovel,1
lute-case,1
red-faced,1
ravage,1
vaultages,1
mistress-court,1
greener,1
well-appointed,1
pier,1
streamers,1
ship-boys,1
threaden,1
breasting,1
sternage,1
white-livered,1
choice-drawn,1
girded,1
stiffen,1
o'erhang,1
swill,1
fet,1
war-proof,1
alexanders,1
swashers,1
breff,1
tway,1
droit,1
half-achieved,1
ecolier,1
j'ai,1
gagne,1
d'anglois,1
vitement,1
nous,1
appelons,1
si,1
dit,1
coude,1
fais,1
tous,1
m'avez,1
appris,1
trop,1
difficile,1
comme,1
arma,1
bilbow,1
verite,1
prononcez,1
appeles,1
qu'ils,1
souviendrai,1
angleterre,1
fresh-fair,1
enlink,1
o'erblows,1
shrill-shrieking,1
spitted,1
howls,1
bloody-hunting,1
defensible,1
ete,1
parles,1
mais,1
langage,1
prie,1
m'enseignez,1
faut,1
j'apprenne,1
parler,1
elle,1
appelee,1
j'oublie,1
o'ersways,1
warrantise,1
fordo,1
valenced,1
caviare,1
indict,1
thereabout,1
impasted,1
o'er-sized,1
coagulate,1
repugnant,1
whiff,1
unnerved,1
crash,1
aroused,1
fellies,1
'mobled,1
'run,1
o'er-teemed,1
milch,1
wann,1
suiting,1
muddy-mettled,1
john-a-dreams,1
tweaks,1
chopine,1
chanson,1
betoken,1
israel,1
berattle,1
goose-quills,1
escoted,1
appurtenance,1
uncle-father,1
aunt-mother,1
north-north-west,1
southerly,1
handsaw,1
swaddling-clouts,1
pastoral,1
pastoral-comical,1
historical-pastoral,1
tragical-historical,1
tragical-,1
comical-historical-pastoral,1
individable,1
poem,1
unlimited,1
seneca,1
plautus,1
pigeon-liver,1
kindless,1
unpack,1
a-cursing,1
inexplicable,1
dumbshows,1
o'erdoing,1
out-herods,1
o'erstep,1
pressure,1
o'erweigh,1
profanely,1
strutted,1
bellowed,1
journeymen,1
imitated,1
abominably,1
hinges,1
commingled,1
thee.,1
this.,1
occulted,1
stithy,1
detecting,1
promise-crammed,1
groundlings,1
tatters,1
periwig-pated,1
fardels,1
scullion,1
malefactions,1
relative,1
beautied,1
plastering,1
heart-ache,1
oppressor,1
contumely,1
quietus,1
puzzles,1
town-crier,1
sicklied,1
action.,1
givers,1
inoculate,1
amble,1
observers,1
jangled,1
something-settled,1
unwatch,1
tyrannically,1
eyases,1
inhibition,1
unmix,1
unhand,1
prison-house,1
quills,1
wharf,1
rankly,1
seeming-virtuous,1
falling-off,1
sate,1
hebenon,1
porches,1
leperous,1
distilment,1
quicksilver,1
droppings,1
lazar-like,1
unhousel,1
disappointed,1
unanel,1
matin,1
uneffectual,1
stiffly,1
artery,1
impartment,1
glimpses,1
up-spring,1
unsifted,1
springes,1
blazes,1
scanter,1
entreatments,1
tether,1
brokers,1
investments,1
implorators,1
drains,1
revisit'st,1
kettle-drum,1
heavy-headed,1
clepe,1
o'ergrowth,1
o'er-leavens,1
eale,1
questionable,1
cerements,1
inurn,1
pressures,1
'adieu,1
humourous,1
o'ermaster,1
o'erhasty,1
impotence,1
well-took,1
'beautified,1
'doubt,1
'thine,1
machine,1
solicitings,1
repulsed,1
satirical,1
powerfully,1
sanity,1
daughter.,1
over-happy,1
ever-preserved,1
proposer,1
anticipation,1
moult,1
forgone,1
o'erhanging,1
coted,1
repel,1
shatter,1
perusal,1
danskers,1
truepenny,1
cellarage,1
ubique,1
pioner,1
encumber,1
headshake,1
ambiguous,1
perturbed,1
friending,1
encompassment,1
purport,1
drabbing,1
outbreak,1
unreclaimed,1
sullies,1
windlasses,1
indirections,1
ungarter,1
down-gyved,1
ancle,1
jig-maker,1
miching,1
mallecho,1
cunnings,1
dipping,1
turneth,1
'high,1
'hamlet,1
hamlets,1
'naked,1
'alone,1
didest,1
checking,1
uncharge,1
graveness,1
incorpsed,1
demi-natured,1
lamond,1
scrimers,1
qualifies,1
wick,1
plurisy,1
abatements,1
'should,1
sanctuarize,1
unsinew,1
crimeful,1
overlooked,1
a-down-a,1
overpeering,1
ratifiers,1
'laertes,1
danes,1
unsmirched,1
juggled,1
profoundest,1
swoopstake,1
life-rendering,1
pansies,1
'horatio,1
document,1
fennel,1
columbines,1
herb-grace,1
daisy,1
prettiness,1
flaxen,1
hatchment,1
greeted,1
cataplasm,1
bouts,1
murdering-piece,1
sipping,1
circumvent,1
loggats,1
pick-axe,1
shrouding,1
tenures,1
shovel,1
recognizances,1
purchases,1
sheepskins,1
calf-skins,1
calves,1
gaffs,1
pocky,1
tanned,1
decayer,1
flagon,1
rims,1
chap-fallen,1
bung-hole,1
beer-barrel,1
maimed,1
o'er-reaches,1
jaw-bone,1
jowls,1
offendendo,1
aslant,1
crow-flowers,1
purples,1
weedy,1
mermaid-like,1
chanted,1
douts,1
spades,1
'se,1
delver,1
intil,1
ditchers,1
grave-makers,1
'adam,1
digged,1
answerest,1
gallows-maker,1
yaughan,1
grave-making,1
daintier,1
switzers,1
buzzers,1
clemency,1
heaven-kissing,1
lunacies,1
noyance,1
mortised,1
adjoin,1
annexment,1
free-footed,1
o'erhear,1
defeats,1
confront,1
forestalled,1
shove,1
salary,1
prolongs,1
intruding,1
blurs,1
marriage-vows,1
dicers,1
contraction,1
rhapsody,1
solidity,1
thought-sick,1
hypocrites,1
witching,1
backed,1
unwrung,1
thirties,1
commutual,1
sized,1
littlest,1
unripe,1
enactures,1
favourite,1
mouse-trap,1
tropically,1
puppets,1
ventages,1
croaking,1
damon,1
dismantled,1
pajock,1
rhymed,1
poisoning,1
pickers,1
stealers,1
'while,1
new-lighted,1
mildew,1
hugger-mugger,1
apoplex,1
soaks,1
jaw,1
quickness,1
associates,1
cherub,1
congruing,1
hectic,1
capability,1
god-like,1
fust,1
egg-shell,1
hems,1
enviously,1
unshaped,1
ill-breeding,1
artless,1
grass-green,1
baker,1
dupp,1
gis,1
battalions,1
stowed,1
divulging,1
brainish,1
bodiless,1
hoodman-blind,1
mutine,1
actively,1
enseamed,1
honeying,1
shelf,1
incorporal,1
excrements,1
preaching,1
re-word,1
petard,1
mattering,1
mining,1
compost,1
fatness,1
frock,1
bloat,1
unpeg,1
schoolfellows,1
engineer,1
admonishing,1
legerity,1
pale-visaged,1
indurance,1
precipice,1
unsay't,1
fellow-counsellor,1
footboys,1
master-secretary,1
council-table,1
misdemean,1
chaplains,1
commotions,1
uproars,1
defacers,1
juror,1
a-rolling,1
informations,1
disciples,1
brother-love,1
paris-garden,1
larder,1
switches,1
christenings,1
powle,1
ween,1
gladding,1
basilisco-like,1
foreseeing,1
broiling,1
makings,1
emblems,1
choicest,1
whitehall,1
stokesly,1
led'st,1
covent,1
unbounded,1
ranking,1
simony,1
undoubtedly,1
fair-spoken,1
chronicler,1
congee,1
shal,1
decent,1
embalm,1
unqueen,1
grubb,1
remark,1
guy,1
dozens,1
moorfields,1
brazier,1
northamptonshire,1
honour-giving,1
pops,1
affecteth,1
half-face,1
treat,1
lengths,1
riding-rods,1
eel-skins,1
three-farthings,1
landless,1
'god-a-mercy,1
toothpick,1
absey,1
'at,1
apennines,1
pyrenean,1
po,1
footsteps,1
riding-robes,1
woman-post,1
priories,1
abbeys,1
disallow,1
tower-hill,1
dog-days,1
fire-drake,1
mortar-piece,1
pinked,1
'clubs,1
truncheoners,1
broom-staff,1
bitten,1
tribulation,1
limehouse,1
usurpingly,1
patrum,1
a-pieces,1
bombards,1
marshalsea,1
camlet,1
standing-bowls,1
christening-gifts,1
saba,1
'borrow,1
circlets,1
10.,1
coronal,1
colleges,1
gladded,1
throe,1
hulling,1
daring'st,1
primest,1
hoods,1
monks,1
tanta,1
erga,1
mentis,1
integritas,1
regina,1
serenissima,1
willing'st,1
blesses,1
friendless,1
peace-makers,1
seemly,1
uncontemn,1
'perceive,1
unrecounted,1
considerings,1
bayonne,1
village-curs,1
vergers,1
grip,1
harm-doing,1
panging,1
perk,1
emballing,1
carnarvonshire,1
fresh-fish,1
o'ermount,1
foreskirt,1
asaph,1
unloosed,1
gentleman-usher,1
contradicted,1
sharp'st,1
o'ertopping,1
unthink,1
humble-mouth,1
arrogancy,1
retainers,1
domestics,1
memorised,1
spleeny,1
9.,1
lutheran,1
praemunire,1
tenements,1
a-ripening,1
high-blown,1
weak-hearted,1
depths,1
shoals,1
aim'st,1
dunstable,1
ampthill,1
1.,1
2.,1
3.,1
4.,1
choristers,1
5.,1
6.,1
demi-coronal,1
7.,1
marshalship,1
8.,1
legatine,1
innumerable,1
ferrara,1
popedom,1
hard-ruled,1
master-cord,1
accumulated,1
out-speaks,1
tendence,1
havings,1
undeserver,1
allegiant,1
illustrated,1
meridian,1
cassado,1
asher,1
coarse,1
bewailing,1
gleaning,1
extortion,1
'guilty,1
'ego,1
meus,1
inscribed,1
scorn'st,1
legitimation,1
va,1
twice-told,1
boisterously,1
steeps,1
customed,1
abortives,1
denouncing,1
prisonment,1
ransacking,1
topful,1
dispiteous,1
handercher,1
stubborn-hard,1
boisterous-rough,1
stone-still,1
repentent,1
extends,1
mercy-lacking,1
long'd-for,1
repeating,1
excusing,1
indue,1
fantasied,1
vexing,1
widow-comfort,1
etc,1
repeats,1
scorched,1
new-burn,1
calfs-skin,1
braying,1
forethought,1
upholdeth,1
denounce,1
clock-setter,1
swirl,1
dearest-valued,1
jeopardy,1
hovers,1
abbots,1
heavy-thick,1
brooded,1
convicted,1
produces,1
wiry,1
glue,1
suspire,1
canker-sorrow,1
harsh-sounding,1
new-enkindled,1
foreigners,1
invasion,1
glister,1
intendeth,1
inglorious,1
invasive,1
cocker,1
perusing,1
widow-maker,1
clippeth,1
unneighbourly,1
silverly,1
metropolis,1
half-conquer,1
'vive,1
glorified,1
outlook,1
wilful-opposite,1
pawns,1
feebled,1
souse,1
neroes,1
ripping,1
threatener,1
hurries,1
convertite,1
bloodiest,1
sprightful,1
embattailed,1
unwash,1
artificer,1
fleshly,1
exteriorly,1
ship-boy,1
bestained,1
precious-princely,1
unbegotten,1
cincture,1
bloodshed,1
toasting-iron,1
embounded,1
scamble,1
unowed,1
proud-swelling,1
bare-pick,1
snarleth,1
sick-fall'n,1
orderless,1
over-stain,1
deep-sworn,1
scroyles,1
repetitions,1
endamagement,1
confronts,1
dishabited,1
unscratch,1
forwearied,1
down-trodden,1
greens,1
unvex,1
roundure,1
old-faced,1
ramm,1
well-born,1
chevaliers,1
ox-head,1
regiments,1
silver-bright,1
just-borne,1
gracing,1
undetermined,1
potents,1
ill-tuned,1
sin-conceiving,1
dominations,1
endavour,1
powerless,1
unstained,1
white-faced,1
coops,1
water-walled,1
resisting,1
mother-queen,1
voluntaries,1
birthrights,1
mounteth,1
injurer,1
under-wrought,1
o'ermasterest,1
supernal,1
skin-coat,1
sightly,1
craker,1
deafs,1
plum,1
heaven-moving,1
strong-barr,1
presences,1
linked,1
soul-fearing,1
half-blown,1
adulterates,1
under-bear,1
phillip,1
cloddy,1
prodigiously,1
seamen,1
valueless,1
ungodly,1
lymoges,1
soothest,1
cold-blooded,1
fores,1
deputies,1
langton,1
interrogatories,1
sells,1
arch-heretic,1
disjoining,1
untrimmed,1
principle,1
confirmers,1
husbandless,1
misheard,1
purpose-changer,1
incessantly,1
unfenced,1
fast-closed,1
puppy-dogs,1
bounce,1
bethump,1
unsured,1
infixed,1
volquessen,1
break-vow,1
misspoke,1
'maid,1
cheats,1
peised,1
vile-drawing,1
indifferency,1
all-changing,1
vile-concluded,1
unattempted,1
raileth,1
murmurers,1
judging,1
unpartial,1
noble-ending,1
reinforced,1
poys,1
offer't,1
variations,1
situations,1
salmons,1
cholers,1
indignations,1
intoxicates,1
belly-doublet,1
gipes,1
assyrian,1
soak,1
fetlock,1
crispianus,1
plack,1
pattle,1
tavy,1
plood,1
jeshu,1
wearest,1
mistful,1
well-foughten,1
conclave,1
'tarry,1
mes,1
genoux,1
donne,1
mille,1
remercimens,1
m'estime,1
heureux,1
tombe,1
entre,1
mains,1
d'un,1
vaillant,1
distingue,1
suivez-vous,1
capitaine,1
adventurously,1
merchante,1
larding,1
honour-owing,1
haggled,1
insteep,1
swaggered,1
jacksauce,1
literatured,1
aggrieved,1
pragging,1
pread,1
swellings,1
turkey-cocks,1
parca,1
qualmish,1
peseech,1
cadwallader,1
mountain-squire,1
astonished,1
ploody,1
woodmonger,1
predeceased,1
gleeking,1
congreeted,1
cheerer,1
even-pleach,1
overgrown,1
fumitory,1
coulter,1
rusts,1
asse,1
abridgment,1
back-return,1
marle,1
ploughs,1
avouchment,1
promised'st,1
prawls,1
dissensions,1
pashful,1
silling,1
mercenaries,1
guichard,1
shews,1
occurrences,1
ketly,1
gam,1
acknowledgement,1
'non,1
nobis,1
out-voice,1
whiffler,1
self-glorious,1
working-house,1
franchisement,1
liberte,1
donner,1
guidon,1
thrice-gorgeous,1
ever-running,1
fore-hand,1
contrite,1
chantries,1
imploring,1
montez,1
laquais,1
eaux,1
terre,1
rien,1
puis,1
l'air,1
ciel,1
shales,1
sonance,1
candlesticks,1
torch-staves,1
down-roping,1
pale-dead,1
gimmal,1
farced,1
intertissued,1
play'st,1
rawly,1
trail'st,1
heart-string,1
prerogatifes,1
tiddle,1
toddle,1
pibble,1
pabble,1
dishearten,1
wipes,1
charitably,1
adulation,1
irreconciled,1
iniquities,1
before-breach,1
impieties,1
elder-gun,1
clipper,1
twin-born,1
heart's-ease,1
comings,1
motionless,1
tip-toe,1
promis,1
vigil,1
soldat,1
ici,1
cette,1
heure,1
couper,1
owy,1
cuppele,1
permafoy,1
l'amour,1
maison,1
gardez,1
donnerai,1
cents,1
petit,1
encore,1
qu'il,1
contre,1
jurement,1
aucun,1
prisonnier,1
l'avez,1
pret,1
faites,1
commande,1
custure,1
'to-morrow,1
manhoods,1
unwish,1
abounding,1
gayness,1
slovenry,1
qualite,1
qualtitie,1
calmie,1
prenez,1
appele,1
misericorde,1
ayez,1
pitie,1
moy,1
rim,1
est-il,1
d'echapper,1
pardonnez,1
etes-vous,1
burnet,1
clover,1
uncorrected,1
revokement,1
infecting,1
reciprocally,1
rinsing,1
count-cardinal,1
deals,1
montacute,1
o'er-great,1
spann,1
darkening,1
full-charged,1
'room,1
unconsider,1
loyalties,1
clothiers,1
carders,1
fullers,1
weavers,1
primer,1
censurers,1
new-trimm,1
state-statues,1
perform't,1
'treasonous,1
founts,1
grievingly,1
discerner,1
discourser,1
keech,1
propp,1
chalks,1
spider-like,1
self-drawing,1
privity,1
sickened,1
consulting,1
top-proud,1
aboded,1
budded,1
secretaries,1
fixeth,1
venom-mouth,1
outworths,1
full-hot,1
self-mettle,1
over-running,1
shire,1
fore-recited,1
clung,1
lawrence,1
gracefully,1
viscount,1
rochford,1
examinations,1
viva,1
voce,1
devil-monk,1
kildare,1
perniciously,1
arraignment,1
tip-staves,1
co,1
nscience,1
bohun,1
banister,1
archbishopric,1
toledo,1
king-cardinal,1
creed,1
pensively,1
have-at-him,1
down-bed,1
comptrollers,1
a-going,1
juggle,1
poultney,1
londoners,1
pausingly,1
'tush,1
greenwich,1
reproved,1
blomer,1
outgo,1
irresolute,1
clotharius,1
plainsong,1
spavin,1
springhalt,1
court-gate,1
monsieurs,1
pertaining,1
fireworks,1
renouncing,1
types,1
whoresons,1
clinquant,1
arde,1
thistles,1
untempering,1
uncoined,1
prater,1
sould,1
avez,1
donc,1
mienne,1
francois,1
parlez,1
meilleur,1
lequel,1
truly-falsely,1
mercifully,1
soldier-breeder,1
constantinople,1
belle,1
cher,1
devin,1
deesse,1
majestee,1
ave,1
fausse,1
sun-burning,1
leap-frog,1
englishwoman,1
huntingdon,1
kecksies,1
utility,1
fallows,1
inconveniences,1
tenors,1
enscheduled,1
cursorary,1
o'erglanced,1
re-survey,1
advantageable,1
tromperies,1
comprised,1
fore-rank,1
brokenly,1
pardonnez-moi,1
'like,1
anges,1
langues,1
hommes,1
pleines,1
demoiselle,1
layer,1
guynes,1
'harry,1
frankness,1
summered,1
bartholomew-tide,1
perspectively,1
notre,1
trescher,1
fils,1
henri,1
heritier,1
praeclarissimus,1
filius,1
noster,1
henricus,1
angliae,1
haeres,1
franciae,1
paction,1
all-unable,1
mangling,1
admirer,1
andren,1
upholding,1
find-faults,1
makers,1
tres-puissant,1
'england,1
pere,1
veux,1
abaissiez,1
grandeur,1
baisant,1
d'une,1
seigeurie,1
indigne,1
demoiselles,1
bettre,1
etre,1
baisees,1
leur,1
noces,1
n'est,1
coutume,1
baiser,1
anglish,1
entendre,1
directing,1
